rowId,fbld,avg_hit_speed,season,avg_hr_distance,brl_pa,player_type,max_hit_speed,attempts,batter,min_hit_speed,avg_distance,player_id,max_distance,name,gb,brl_percent,barrels
row_519317,97.4,95.1,2016,422,9.1%,batter,123.9,248,519317,41.1,234,519317,504,Giancarlo Stanton,94.6,17.3%,43
row_570731,93.1,87.8,2016,410,4.8%,batter,121.6,414,570731,25.5,203,570731,458,Jonathan Schoop,84.6,7.5%,31
row_452095,95.4,94.0,2016,422,7.1%,batter,118.5,176,452095,57.8,225,452095,451,Tyler Flowers,93.5,13.1%,23
row_621043,95.1,91.8,2016,409,4.8%,batter,118.2,393,621043,40.9,213,621043,462,Carlos Correa,89.4,8.1%,32
row_571771,90.9,89.0,2016,410,3.7%,batter,118.1,136,571771,44.6,219,571771,451,Enrique Hernandez,88.7,6.6%,9
row_471865,93.3,91.1,2016,427,6.0%,batter,118.0,403,471865,33.5,226,471865,462,Carlos Gonzalez,89.7,9.4%,38
row_608577,91.5,88.5,2016,417,4.0%,batter,117.8,374,608577,34.4,206,608577,491,Nomar Mazara,86.6,6.1%,23
row_444432,96.9,93.9,2016,411,10.0%,batter,117.2,386,444432,43.5,235,444432,458,Mark Trumbo,92.8,17.4%,67
row_545361,94.4,91.7,2016,412,8.4%,batter,117.1,368,545361,44.7,234,545361,446,Mike Trout,88.0,15.5%,57
row_541645,95.3,91.0,2016,414,5.1%,batter,117.1,261,541645,38.1,210,541645,465,Avisail Garcia,88.1,8.8%,23
row_607387,91.4,91.5,2016,415,4.1%,batter,117.0,146,607387,36.3,209,607387,446,Ryan Rua,92.3,7.5%,11
row_592518,95.1,91.2,2016,403,6.8%,batter,116.8,459,592518,36.9,233,592518,453,Manny Machado,88.9,10.2%,47
row_607776,97.3,93.1,2016,410,5.5%,batter,116.8,64,607776,35.6,217,607776,460,Mac Williamson,90.5,10.9%,7
row_405395,94.6,92.5,2016,401,6.9%,batter,116.5,453,405395,42.7,230,405395,448,Albert Pujols,91.3,9.9%,45
row_573627,94.6,91.6,2016,412,6.7%,batter,116.4,87,573627,31.1,247,573627,433,Kennys Vargas,89.1,13.8%,12
row_443558,99.2,95.9,2016,415,10.2%,batter,116.3,381,443558,45.9,236,443558,493,Nelson Cruz,93.1,17.8%,68
row_501981,98.0,92.7,2016,408,10.7%,batter,115.9,357,501981,48.8,235,501981,467,Khris Davis,87.2,18.2%,65
row_572019,93.1,86.9,2016,419,3.1%,batter,115.9,58,572019,50.6,199,572019,419,Ben Paulsen,83.4,5.2%,3
row_543807,94.6,90.3,2016,409,6.3%,batter,115.9,407,543807,35.2,219,543807,455,George Springer,86.2,11.5%,47
row_455117,90.6,87.9,2016,410,4.7%,batter,115.6,134,455117,44.1,214,455117,447,Martin Maldonado,86.3,9.0%,12
row_434778,96.4,93.9,2016,411,7.4%,batter,115.6,395,434778,41.9,237,434778,459,Kendrys Morales,91.4,11.6%,46
row_407812,96.9,94.7,2016,399,5.9%,batter,115.5,266,407812,40.0,224,407812,466,Matt Holliday,94.1,9.4%,25
row_543068,92.3,89.9,2016,408,4.9%,batter,115.4,284,543068,34.7,225,543068,467,C.J. Cron,87.5,7.7%,22
row_596146,90.2,90.1,2016,394,2.2%,batter,115.4,274,596146,42.5,213,596146,442,Max Kepler,91.7,3.6%,10
row_430832,96.5,92.6,2016,387,4.8%,batter,115.3,283,430832,43.3,222,430832,436,Jose Bautista,90.4,8.8%,25
row_453400,93.5,90.9,2016,370,3.0%,batter,115.2,149,453400,52.5,213,453400,402,Chris Johnson,88.4,5.4%,8
row_592450,100.2,95.5,2016,338,5.3%,batter,115.2,42,592450,67.6,244,592450,446,Aaron Judge,91.5,11.9%,5
row_624424,93.0,90.9,2016,390,6.0%,batter,115.0,195,624424,45.9,232,624424,425,Michael Conforto,88.3,10.8%,21
row_476883,98.7,94.1,2016,403,8.0%,batter,115.0,208,476883,39.2,225,476883,452,Pedro Alvarez,91.1,14.4%,30
row_543333,95.3,93.4,2016,403,6.0%,batter,114.9,398,543333,43.8,213,543333,447,Eric Hosmer,92.7,10.1%,40
row_542979,97.0,95.0,2016,397,4.5%,batter,114.9,99,542979,63.1,239,542979,429,Keon Broxton,92.5,11.1%,11
row_446263,94.6,90.2,2016,397,5.2%,batter,114.9,111,446263,43.3,227,446263,421,Lucas Duda,86.2,8.1%,9
row_534627,84.3,84.1,2016,,0.5%,batter,114.9,115,534627,29.4,194,534627,368,Tyler Holt,84.8,0.9%,1
row_434670,94.7,91.3,2016,396,5.6%,batter,114.9,368,434670,36.7,218,434670,468,Hanley Ramirez,90.3,9.5%,35
row_460075,94.5,91.3,2016,403,6.2%,batter,114.7,344,460075,38.4,208,460075,450,Ryan Braun,89.6,10.2%,35
row_605141,92.6,90.6,2016,386,3.8%,batter,114.7,522,605141,34.7,220,605141,428,Mookie Betts,90.7,5.4%,28
row_624585,93.3,91.0,2016,408,6.1%,batter,114.7,136,624585,43.7,230,624585,461,Jorge Soler,89.3,11.8%,16
row_150029,92.7,92.3,2016,411,4.5%,batter,114.7,345,150029,32.0,233,150029,453,Jayson Werth,92.8,7.8%,27
row_502110,96.3,91.9,2016,397,8.1%,batter,114.7,314,502110,32.3,236,502110,439,J.D. Martinez,86.9,13.4%,42
row_518692,95.6,91.7,2016,396,7.8%,batter,114.6,385,518692,32.4,245,518692,448,Freddie Freeman,85.9,14.0%,54
row_493316,95.2,92.7,2016,407,6.6%,batter,114.6,342,493316,48.3,237,493316,457,Yoenis Cespedes,90.7,10.5%,36
row_624577,94.5,91.6,2016,378,4.1%,batter,114.6,224,624577,38.8,207,624577,439,Yasiel Puig,92.0,6.7%,15
row_457708,95.1,92.3,2016,410,7.7%,batter,114.4,353,457708,41.5,236,457708,453,Justin Upton,90.9,13.6%,48
row_455976,91.8,91.4,2016,385,3.2%,batter,114.3,453,455976,50.1,219,455976,419,Nick Markakis,91.8,4.9%,22
row_474892,97.1,92.6,2016,411,8.7%,batter,114.3,315,474892,38.9,251,474892,465,Chris Carter,85.2,17.8%,56
row_408234,97.1,94.5,2016,405,10.6%,batter,114.3,437,408234,42.7,244,408234,462,Miguel Cabrera,92.1,16.5%,72
row_630111,95.1,91.3,2016,407,7.1%,batter,114.3,342,630111,41.0,231,630111,460,Yasmany Tomas,88.0,11.7%,40
row_593934,97.0,93.2,2016,406,7.0%,batter,114.2,236,593934,50.0,249,593934,464,Miguel Sano,87.6,14.8%,35
row_435063,96.3,90.6,2016,413,7.4%,batter,114.2,326,435063,37.3,232,435063,463,Mike Napoli,83.4,14.7%,48
row_545341,95.1,92.3,2016,407,6.1%,batter,114.2,273,545341,53.6,231,545341,443,Randal Grichuk,90.4,10.6%,29
row_430001,95.7,93.4,2016,406,7.8%,batter,114.2,101,430001,57.7,237,430001,451,Rickie Weeks Jr.,91.3,15.8%,16
row_518626,97.8,93.1,2016,405,7.3%,batter,114.1,408,518626,44.7,233,518626,456,Josh Donaldson,88.6,12.5%,51
row_444482,94.4,90.2,2016,413,2.7%,batter,114.1,109,444482,44.3,205,444482,427,David Peralta,87.9,4.6%,5
row_542340,94.4,90.9,2016,398,3.2%,batter,114.1,345,542340,27.9,206,542340,436,Jonathan Villar,88.8,6.4%,22
row_592620,91.8,87.1,2016,402,3.3%,batter,114.1,72,592620,38.5,213,592620,436,Jarrett Parker,84.2,6.9%,5
row_571506,95.4,92.6,2016,408,6.5%,batter,114.1,199,571506,48.3,227,571506,444,Justin Bour,90.9,10.6%,21
row_594988,92.4,90.7,2016,401,3.5%,batter,114.1,171,594988,46.5,200,594988,433,Scott Schebler,90.1,5.8%,10
row_594828,93.5,90.0,2016,401,6.4%,batter,114.0,286,594828,38.3,224,594828,439,Evan Gattis,87.7,11.2%,32
row_489149,96.3,91.5,2016,406,5.0%,batter,114.0,233,489149,35.6,219,489149,438,Logan Morrison,88.1,8.6%,20
row_475582,95.8,93.7,2016,401,4.9%,batter,113.9,289,475582,46.7,222,475582,421,Ryan Zimmerman,93.0,8.0%,23
row_542303,94.0,91.5,2016,406,5.6%,batter,113.8,401,542303,36.9,221,542303,447,Marcell Ozuna,90.3,8.5%,34
row_570256,93.9,90.7,2016,398,3.7%,batter,113.8,355,570256,34.0,225,570256,462,Gregory Polanco,88.5,6.2%,22
row_502143,94.1,90.7,2016,411,4.8%,batter,113.8,324,502143,36.3,216,502143,456,Danny Valencia,89.0,7.7%,25
row_452254,95.4,91.9,2016,403,4.5%,batter,113.7,255,452254,37.1,206,452254,458,Hunter Pence,89.7,7.8%,20
row_575929,93.1,88.3,2016,408,5.3%,batter,113.7,160,575929,42.7,209,575929,461,Willson Contreras,84.1,9.4%,15
row_519237,95.0,92.2,2016,409,5.7%,batter,113.6,246,519237,40.2,219,519237,465,Cameron Rupp,89.9,9.8%,24
row_592885,96.8,93.3,2016,404,6.2%,batter,113.6,401,592885,37.1,205,592885,451,Christian Yelich,90.9,10.2%,41
row_519306,94.7,90.2,2016,402,5.8%,batter,113.6,246,519306,47.1,224,519306,459,Steven Souza Jr.,85.6,11.0%,27
row_572287,95.5,90.8,2016,395,7.3%,batter,113.5,88,572287,50.0,245,572287,433,Mike Zunino,82.7,15.9%,14
row_546318,90.1,88.5,2016,398,2.7%,batter,113.5,373,546318,36.5,216,546318,430,Odubel Herrera,88.9,4.8%,18
row_453943,93.9,89.9,2016,398,6.2%,batter,113.5,381,453943,35.3,230,453943,431,Todd Frazier,86.1,10.8%,41
row_607208,92.8,90.5,2016,392,4.9%,batter,113.5,213,607208,41.3,227,607208,451,Trea Turner,88.8,7.5%,16
row_461235,93.5,89.2,2016,400,7.5%,batter,113.5,242,461235,41.5,250,461235,454,Brandon Moss,81.9,14.5%,35
row_519203,92.3,89.8,2016,398,6.2%,batter,113.5,421,519203,26.5,231,519203,451,Anthony Rizzo,87.7,10.0%,42
row_606466,87.2,85.9,2016,400,0.2%,batter,113.5,303,606466,42.9,187,606466,400,Ketel Marte,87.6,0.3%,1
row_502517,93.1,91.3,2016,398,6.7%,batter,113.5,439,502517,51.8,239,502517,448,Daniel Murphy,90.7,8.9%,39
row_429664,93.4,90.8,2016,394,5.5%,batter,113.4,506,429664,31.8,217,429664,427,Robinson Cano,89.1,7.7%,39
row_120074,97.3,94.2,2016,400,9.9%,batter,113.4,393,120074,38.0,250,120074,442,David Ortiz,90.2,15.8%,62
row_547989,92.9,90.1,2016,402,5.2%,batter,113.4,463,547989,42.7,216,547989,465,Jose Abreu,88.8,7.8%,36
row_592273,92.8,89.7,2016,406,3.8%,batter,113.3,307,592273,41.9,214,592273,445,Brandon Drury,88.4,6.2%,19
row_516770,92.2,89.0,2016,404,3.9%,batter,113.3,407,516770,34.2,212,516770,443,Starlin Castro,86.9,5.9%,24
row_593428,92.6,90.0,2016,400,3.8%,batter,113.2,438,593428,28.1,208,593428,430,Xander Bogaerts,89.2,6.2%,27
row_571976,92.9,89.2,2016,401,4.6%,batter,113.2,397,571976,33.5,221,571976,453,Wil Myers,85.8,7.8%,31
row_596748,94.1,90.3,2016,403,4.6%,batter,113.2,416,596748,45.0,213,596748,471,Maikel Franco,88.0,7.0%,29
row_543105,94.1,89.7,2016,403,4.6%,batter,113.2,186,543105,38.1,218,543105,479,Alex Dickerson,87.5,7.0%,13
row_570615,93.9,93.1,2016,383,5.0%,batter,113.1,54,570615,69.4,240,570615,441,Steven Moya,92.4,9.3%,5
row_543543,94.3,91.7,2016,406,6.0%,batter,113.1,339,543543,36.9,227,543543,446,Brad Miller,91.6,10.6%,36
row_596142,97.8,94.1,2016,397,10.5%,batter,113.1,128,596142,43.9,224,596142,488,Gary Sanchez,91.6,18.8%,24
row_425902,91.9,89.4,2016,414,4.1%,batter,113.0,241,425902,41.1,212,425902,437,Prince Fielder,87.9,6.2%,15
row_607680,91.1,87.6,2016,400,1.9%,batter,113.0,409,607680,39.1,201,607680,424,Kevin Pillar,85.3,2.7%,11
row_571745,94.8,93.1,2016,424,3.3%,batter,112.9,72,571745,53.8,235,571745,441,Mitch Haniger,91.5,5.6%,4
row_519208,93.0,88.3,2016,384,2.7%,batter,112.9,142,519208,42.6,212,519208,419,Clint Robinson,86.5,4.2%,6
row_452252,95.3,92.2,2016,399,5.8%,batter,112.8,278,452252,48.3,228,452252,444,Adam Lind,90.2,9.0%,25
row_429665,95.7,91.5,2016,409,7.4%,batter,112.8,423,429665,13.7,227,429665,471,Edwin Encarnacion,86.7,12.3%,52
row_547180,92.7,89.5,2016,409,4.8%,batter,112.7,342,547180,34.9,223,547180,461,Bryce Harper,86.9,8.8%,30
row_453568,90.6,88.1,2016,403,4.7%,batter,112.7,432,453568,35.0,234,453568,455,Charlie Blackmon,85.3,6.9%,30
row_521692,92.8,89.6,2016,396,4.2%,batter,112.7,357,521692,43.9,226,521692,432,Salvador Perez,89.0,6.4%,23
row_572816,93.0,89.8,2016,397,6.6%,batter,112.7,334,572816,37.2,233,572816,448,Corey Dickerson,86.0,10.8%,36
row_571980,94.3,91.5,2016,402,4.1%,batter,112.7,187,571980,39.9,221,571980,439,Tyler Naquin,89.3,8.0%,15
row_608369,94.8,91.5,2016,399,5.5%,batter,112.7,453,608369,34.2,228,608369,449,Corey Seager,88.2,8.4%,38
row_592178,94.1,89.8,2016,401,7.6%,batter,112.6,411,592178,42.7,237,592178,469,Kris Bryant,83.2,12.9%,53
row_592122,96.8,89.2,2016,376,8.9%,batter,112.6,43,592122,44.9,219,592122,425,Tyler Austin,82.9,18.6%,8
row_571830,94.7,90.9,2016,409,7.8%,batter,112.6,216,571830,30.6,235,571830,455,Tommy Joseph,87.8,12.5%,27
row_456665,93.9,90.4,2016,396,6.0%,batter,112.5,195,456665,37.0,223,456665,438,Steve Pearce,87.4,9.2%,18
row_457727,89.9,88.5,2016,367,2.0%,batter,112.5,247,457727,46.3,193,457727,413,Cameron Maybin,88.5,3.2%,8
row_519048,94.8,91.4,2016,414,6.6%,batter,112.5,309,519048,39.4,229,519048,456,Mitch Moreland,89.2,10.7%,33
row_455104,93.5,89.7,2016,403,3.6%,batter,112.5,186,455104,36.4,215,455104,456,Chris Iannetta,87.8,6.5%,12
row_456714,95.2,90.6,2016,421,5.1%,batter,112.4,199,456714,45.8,221,456714,445,Billy Butler,85.8,7.0%,14
row_622534,89.7,89.3,2016,,0.0%,batter,112.4,23,622534,64.6,176,622534,360,Manuel Margot,89.0,0.0%,0
row_592626,97.1,93.2,2016,408,6.9%,batter,112.4,245,592626,37.3,234,592626,463,Joc Pederson,91.2,13.5%,33
row_460576,93.4,87.8,2016,411,4.0%,batter,112.4,238,460576,37.6,199,460576,445,Carlos Gomez,83.7,7.6%,18
row_596115,95.1,91.5,2016,422,8.0%,batter,112.3,221,596115,40.0,256,596115,456,Trevor Story,85.7,14.9%,33
row_572128,92.1,89.4,2016,416,1.9%,batter,112.3,29,572128,68.0,220,572128,416,Richie Shaffer,89.0,3.4%,1
row_543768,93.0,89.6,2016,407,4.9%,batter,112.3,297,543768,30.2,230,543768,449,Travis Shaw,86.0,8.8%,26
row_595879,92.2,89.1,2016,390,4.0%,batter,112.3,251,595879,42.6,217,595879,425,Javier Baez,87.0,7.2%,18
row_121347,94.1,90.7,2016,406,4.9%,batter,112.3,143,121347,45.8,203,121347,440,Alex Rodriguez,88.1,8.4%,12
row_457787,95.0,91.1,2016,393,5.0%,batter,112.2,279,457787,43.4,225,457787,421,Danny Espinosa,86.5,10.8%,30
row_542194,93.2,88.9,2016,417,4.9%,batter,112.2,115,542194,51.2,223,542194,445,Christian Bethancourt,86.0,8.7%,10
row_649557,92.7,90.2,2016,389,3.3%,batter,112.2,306,649557,45.5,221,649557,440,Aledmys Diaz,88.5,4.9%,15
row_456078,92.0,89.6,2016,391,3.5%,batter,112.1,262,456078,46.0,229,456078,438,Welington Castillo,86.3,6.1%,16
row_429711,98.2,92.9,2016,390,5.7%,batter,112.1,148,429711,56.2,228,429711,473,Franklin Gutierrez,88.5,10.8%,16
row_666560,97.2,89.0,2016,420,9.4%,batter,112.1,123,666560,27.4,230,666560,458,Byungho Park,79.9,18.7%,23
row_545350,90.1,86.9,2016,378,2.2%,batter,112.1,174,545350,40.3,191,545350,403,Jake Marisnick,87.2,4.0%,7
row_596059,94.0,90.5,2016,397,5.5%,batter,112.1,418,596059,44.8,226,596059,465,Rougned Odor,87.3,8.4%,35
row_572191,94.3,88.4,2016,387,4.2%,batter,112.1,128,572191,36.8,214,572191,410,Michael Taylor,82.7,7.8%,10
row_596019,90.8,89.3,2016,394,3.1%,batter,112.1,471,596019,39.2,212,596019,435,Francisco Lindor,88.4,4.5%,21
row_488721,91.0,88.4,2016,398,1.6%,batter,112.1,228,488721,32.8,193,488721,412,Peter Bourjos,87.1,2.6%,6
row_456488,92.1,90.4,2016,397,3.4%,batter,112.0,401,456488,41.0,212,456488,438,Eduardo Nunez,90.4,5.0%,20
row_435622,94.3,91.5,2016,404,5.0%,batter,112.0,414,435622,36.0,205,435622,462,Ian Desmond,89.7,8.2%,34
row_502671,94.9,92.4,2016,410,4.4%,batter,112.0,364,502671,40.3,226,502671,439,Paul Goldschmidt,89.8,8.5%,31
row_517369,93.3,85.8,2016,,0.0%,batter,112.0,29,517369,57.0,176,517369,373,Jose Pirela,86.5,0.0%,0
row_477165,92.3,88.4,2016,389,4.7%,batter,111.9,126,477165,39.0,204,477165,416,Brett Wallace,85.7,9.5%,12
row_457803,92.9,89.3,2016,397,5.9%,batter,111.9,383,457803,40.3,233,457803,452,Jay Bruce,84.7,9.1%,35
row_518934,92.9,92.5,2016,418,3.1%,batter,111.9,428,518934,34.9,221,518934,450,DJ LeMahieu,92.6,4.7%,20
row_448602,92.4,88.3,2016,413,3.9%,batter,111.8,262,448602,37.0,218,448602,484,Mark Reynolds,84.2,6.5%,17
row_571553,100.6,93.9,2016,,3.4%,batter,111.8,10,571553,60.9,234,571553,376,Darrell Ceciliani,78.4,10.0%,1
row_547957,93.0,91.6,2016,390,3.5%,batter,111.8,214,547957,51.5,216,547957,421,Hyun Soo Kim,91.7,5.6%,12
row_502054,98.9,93.4,2016,391,7.7%,batter,111.8,81,502054,52.0,222,502054,420,Tommy Pham,86.6,17.3%,14
row_596144,91.5,90.2,2016,392,1.6%,batter,111.7,332,596144,44.9,210,596144,427,Cheslor Cuthbert,91.0,2.4%,8
row_456124,95.3,90.9,2016,340,3.4%,batter,111.7,46,456124,46.8,216,456124,378,Erik Kratz,90.6,6.5%,3
row_518490,88.2,87.1,2016,411,1.5%,batter,111.7,41,518490,51.4,177,518490,411,Bryce Brentz,87.1,2.4%,1
row_593647,90.4,87.7,2016,417,4.1%,batter,111.7,52,593647,52.9,220,593647,452,Socrates Brito,88.6,7.7%,4
row_571437,93.2,88.5,2016,398,1.8%,batter,111.7,116,571437,42.1,193,571437,410,Aaron Altherr,85.3,3.4%,4
row_592387,92.0,89.3,2016,404,6.7%,batter,111.6,188,592387,42.3,223,592387,480,Ryon Healy,87.4,10.1%,19
row_452234,94.6,90.0,2016,403,5.7%,batter,111.6,268,452234,40.1,210,452234,432,Seth Smith,86.5,9.3%,25
row_449181,93.0,90.7,2016,411,3.9%,batter,111.6,299,449181,50.0,213,449181,446,Paulo Orlando,90.0,6.4%,19
row_571875,96.3,92.4,2016,407,7.1%,batter,111.6,311,571875,48.7,235,571875,453,Jake Lamb,89.2,13.5%,42
row_516782,92.7,87.9,2016,413,3.6%,batter,111.6,335,516782,39.8,209,516782,443,Starling Marte,84.0,5.7%,19
row_570267,96.7,93.8,2016,407,6.0%,batter,111.5,140,570267,47.2,223,570267,440,Domingo Santana,90.5,12.1%,17
row_547982,91.0,88.2,2016,381,3.5%,batter,111.5,327,547982,35.9,209,547982,419,Leonys Martin,87.5,6.1%,20
row_467092,96.0,91.7,2016,405,5.4%,batter,111.5,354,467092,26.9,212,467092,455,Wilson Ramos,88.1,7.9%,28
row_595281,91.1,88.8,2016,389,2.4%,batter,111.5,239,595281,33.3,205,595281,430,Kevin Kiermaier,88.9,4.2%,10
row_572033,92.2,87.0,2016,387,4.7%,batter,111.4,61,572033,46.5,232,572033,392,Josh Phegley,80.8,6.6%,4
row_571757,94.6,88.2,2016,398,5.8%,batter,111.4,116,571757,51.9,208,571757,437,Jeremy Hazelbaker,84.5,11.2%,13
row_641820,100.3,95.1,2016,426,20.0%,batter,111.4,10,641820,78.6,259,641820,434,Trey Mancini,87.2,30.0%,3
row_457705,94.1,90.3,2016,395,5.0%,batter,111.4,386,457705,40.3,233,457705,439,Andrew McCutchen,86.6,8.8%,34
row_543685,93.6,92.0,2016,395,3.9%,batter,111.4,397,543685,45.9,237,543685,449,Anthony Rendon,92.0,6.3%,25
row_448801,96.5,92.0,2016,405,8.0%,batter,111.3,313,448801,39.6,249,448801,446,Chris Davis,86.9,16.9%,53
row_621439,93.0,90.2,2016,399,2.1%,batter,111.3,156,621439,39.2,219,621439,443,Byron Buxton,87.3,4.5%,7
row_519058,95.6,92.1,2016,404,7.1%,batter,111.3,77,519058,58.7,224,519058,436,Mike Moustakas,90.7,10.4%,8
row_446481,96.8,91.1,2016,407,6.7%,batter,111.3,169,446481,54.3,231,446481,458,Sean Rodriguez,84.5,13.6%,23
row_467793,93.8,91.6,2016,399,6.3%,batter,111.3,442,467793,35.6,222,467793,447,Carlos Santana,90.6,9.7%,43
row_571448,92.9,90.3,2016,411,6.2%,batter,111.2,464,571448,43.4,236,571448,462,Nolan Arenado,87.6,9.3%,43
row_472528,92.6,88.3,2016,404,4.7%,batter,111.2,175,472528,36.9,229,472528,437,Luis Valbuena,82.7,9.1%,16
row_543590,95.0,91.1,2016,405,4.8%,batter,111.2,169,543590,53.9,218,543590,463,Kirk Nieuwenhuis,87.3,11.2%,19
row_459431,94.3,90.8,2016,391,4.7%,batter,111.2,305,459431,41.7,231,459431,453,Michael Saunders,87.5,8.5%,26
row_501896,95.2,91.5,2016,397,4.3%,batter,111.2,264,501896,52.2,201,501896,452,David Freese,89.2,8.0%,21
row_501659,92.9,89.4,2016,442,4.1%,batter,111.1,121,501659,42.8,208,501659,442,Abraham Almonte,87.3,6.6%,8
row_431151,94.6,92.4,2016,386,9.1%,batter,111.1,74,431151,52.5,261,431151,424,David Wright,84.6,20.3%,15
row_453064,93.9,90.7,2016,388,6.8%,batter,111.1,362,453064,47.8,228,453064,454,Troy Tulowitzki,87.9,10.2%,37
row_542455,92.6,86.8,2016,404,5.0%,batter,111.1,111,542455,39.2,219,542455,445,Oswaldo Arcia,79.7,9.9%,11
row_572761,93.8,90.9,2016,383,6.9%,batter,111.1,334,572761,34.4,249,572761,439,Matt Carpenter,84.8,11.7%,39
row_518735,95.9,92.5,2016,409,7.2%,batter,111.0,238,518735,38.4,234,518735,449,Yasmani Grandal,89.9,13.9%,33
row_578428,86.8,83.6,2016,379,0.6%,batter,111.0,352,578428,42.4,189,578428,424,Jose Iglesias,82.7,0.9%,3
row_435062,93.6,90.9,2016,389,4.1%,batter,111.0,352,435062,40.2,200,435062,434,Howie Kendrick,89.3,6.3%,22
row_628356,96.3,90.9,2016,403,5.4%,batter,110.9,206,628356,45.1,225,628356,445,Jung Ho Kang,85.7,9.7%,20
row_542921,95.1,90.2,2016,409,3.3%,batter,110.9,116,542921,50.4,217,542921,439,Tim Beckham,87.9,6.0%,7
row_518960,91.4,88.2,2016,398,5.0%,batter,110.9,351,518960,40.7,225,518960,429,Jonathan Lucroy,85.5,7.7%,27
row_136860,92.7,90.7,2016,386,5.1%,batter,110.9,416,136860,37.0,220,136860,436,Carlos Beltran,90.0,7.2%,30
row_571431,94.4,90.6,2016,417,6.7%,batter,110.9,195,571431,31.4,254,571431,455,Matt Adams,85.1,11.3%,22
row_455759,91.6,89.2,2016,384,3.1%,batter,110.8,130,455759,49.6,239,455759,408,Chris Young,88.6,5.4%,7
row_518792,89.6,87.4,2016,383,1.9%,batter,110.8,368,518792,26.3,201,518792,409,Jason Heyward,87.8,3.0%,11
row_608070,90.4,88.8,2016,396,2.1%,batter,110.7,465,608070,31.6,215,608070,430,Jose Ramirez,88.0,2.8%,13
row_572039,93.1,88.8,2016,412,5.9%,batter,110.7,405,572039,36.9,217,572039,450,Stephen Piscotty,85.3,9.4%,38
row_594807,94.6,89.1,2016,400,7.2%,batter,110.7,357,594807,37.8,237,594807,457,Adam Duvall,82.1,12.3%,44
row_425834,92.3,88.7,2016,409,3.7%,batter,110.7,311,425834,44.0,214,425834,465,Melvin Upton Jr.,85.6,6.4%,20
row_456715,89.1,89.2,2016,402,3.2%,batter,110.7,281,456715,42.3,211,456715,445,Lorenzo Cain,90.1,5.0%,14
row_546991,90.8,88.3,2016,393,3.4%,batter,110.7,75,546991,49.5,213,546991,410,Albert Almora Jr.,85.5,5.3%,4
row_346874,92.8,89.1,2016,402,5.4%,batter,110.7,169,346874,41.2,217,346874,421,Juan Uribe,86.4,8.3%,14
row_461314,93.3,88.8,2016,409,7.4%,batter,110.7,446,461314,39.1,235,461314,452,Matt Kemp,82.8,11.2%,50
row_431145,93.8,89.8,2016,398,5.2%,batter,110.7,286,431145,46.8,220,431145,444,Russell Martin,86.7,9.8%,28
row_461858,93.7,91.0,2016,392,4.9%,batter,110.7,230,461858,51.4,222,461858,429,Trevor Plouffe,89.5,7.4%,17
row_489305,93.2,91.1,2016,421,2.9%,batter,110.7,36,489305,53.6,225,489305,421,Xavier Scruggs,88.8,5.6%,2
row_519222,89.4,87.1,2016,414,2.8%,batter,110.6,122,519222,37.3,206,519222,442,Austin Romine,85.5,4.1%,5
row_453211,93.2,87.7,2016,393,3.2%,batter,110.6,41,453211,60.2,206,453211,420,Drew Stubbs,85.9,7.3%,3
row_518618,90.8,85.8,2016,407,4.6%,batter,110.6,229,518618,36.2,215,518618,432,Derek Dietrich,80.8,8.3%,19
row_466320,90.2,90.4,2016,395,1.5%,batter,110.6,458,466320,50.6,223,466320,428,Melky Cabrera,92.4,2.2%,10
row_475174,92.4,88.8,2016,392,2.6%,batter,110.6,379,475174,37.9,215,475174,431,Yonder Alonso,87.1,3.7%,14
row_408047,91.2,91.0,2016,386,2.8%,batter,110.6,139,408047,57.6,213,408047,405,Justin Morneau,90.6,4.3%,6
row_430945,92.6,89.5,2016,398,5.4%,batter,110.5,443,430945,34.6,227,430945,453,Adam Jones,86.7,8.1%,36
row_605512,96.4,90.5,2016,390,4.1%,batter,110.5,80,605512,45.6,203,605512,417,Preston Tucker,88.6,7.5%,6
row_425796,92.7,88.4,2016,403,3.0%,batter,110.4,199,425796,48.1,209,425796,421,Jeff Francoeur,85.7,5.0%,10
row_516416,92.1,89.9,2016,398,4.3%,batter,110.4,434,516416,37.1,216,516416,452,Jean Segura,88.0,6.9%,30
row_643603,93.1,89.0,2016,394,4.0%,batter,110.4,150,643603,46.5,216,643603,427,Tyler White,85.6,7.3%,11
row_623182,98.6,85.9,2016,464,4.2%,batter,110.4,8,623182,60.3,231,623182,464,Patrick Kivlehan,73.3,12.5%,1
row_518466,93.0,82.2,2016,396,4.8%,batter,110.4,34,518466,45.7,190,518466,418,Jabari Blash,76.2,11.8%,4
row_517370,93.7,91.0,2016,392,6.0%,batter,110.4,96,517370,34.8,206,517370,418,Jimmy Paredes,89.9,10.4%,10
row_450314,92.6,89.8,2016,373,2.9%,batter,110.4,390,450314,42.0,206,450314,414,Ben Zobrist,87.2,4.6%,18
row_527043,94.4,89.8,2016,410,4.9%,batter,110.3,179,527043,42.9,217,527043,455,Jefry Marte,88.1,7.8%,14
row_502317,90.3,87.3,2016,406,5.2%,batter,110.3,80,502317,52.3,224,502317,429,Chris Heisey,84.4,10.0%,8
row_519295,92.6,88.7,2016,385,2.8%,batter,110.3,206,519295,45.2,212,519295,419,Jake Smolinski,86.0,4.4%,9
row_457763,94.4,91.2,2016,400,4.9%,batter,110.2,423,457763,42.5,219,457763,423,Buster Posey,88.1,7.1%,30
row_400121,94.0,90.8,2016,389,5.6%,batter,110.2,423,400121,34.2,232,400121,421,Victor Martinez,87.4,8.0%,34
row_503556,94.2,89.8,2016,392,3.7%,batter,110.2,318,503556,39.9,210,503556,440,Marwin Gonzalez,86.0,6.0%,19
row_475253,95.1,92.2,2016,392,6.5%,batter,110.2,171,475253,44.2,238,475253,412,Justin Smoak,88.5,12.9%,22
row_572204,93.3,89.1,2016,400,6.5%,batter,110.2,152,572204,47.5,209,572204,431,Trayce Thompson,86.6,11.2%,17
row_500208,91.6,89.3,2016,393,2.9%,batter,110.2,295,500208,50.9,220,500208,440,Yangervis Solarte,88.1,4.4%,13
row_446334,94.6,91.6,2016,411,8.3%,batter,110.2,447,446334,40.2,242,446334,462,Evan Longoria,88.1,12.8%,57
row_574847,95.3,91.6,2016,381,2.4%,batter,110.2,48,574847,62.5,215,574847,392,Rob Segedin,89.6,4.2%,2
row_446308,92.8,88.5,2016,391,4.7%,batter,110.2,309,446308,47.7,227,446308,439,Matt Wieters,84.2,7.1%,22
row_543484,92.8,91.2,2016,408,3.1%,batter,110.2,99,543484,45.7,237,543484,424,Mikie Mahtook,90.2,6.1%,6
row_493343,90.1,85.5,2016,,0.0%,batter,110.1,14,493343,51.1,171,493343,330,Hector Olivera,85.8,0.0%,0
row_460026,92.4,90.9,2016,404,3.5%,batter,110.1,198,460026,41.2,222,460026,419,Nick Hundley,90.3,5.6%,11
row_547379,94.6,90.0,2016,383,3.3%,batter,110.1,96,547379,44.8,199,547379,410,Roberto Perez,87.2,6.3%,6
row_488681,90.5,85.7,2016,,4.6%,batter,110.0,63,488681,38.4,236,488681,398,Brandon Barnes,85.7,7.9%,5
row_516949,92.7,89.9,2016,366,5.6%,batter,110.0,33,516949,64.5,228,516949,396,Hector Sanchez,86.0,9.1%,3
row_600301,87.5,85.9,2016,386,3.2%,batter,110.0,50,600301,54.6,216,600301,392,Taylor Motter,84.6,6.0%,3
row_453056,90.0,87.4,2016,382,1.1%,batter,109.9,415,453056,39.5,205,453056,431,Jacoby Ellsbury,87.0,1.7%,7
row_452657,94.6,89.2,2016,,2.7%,batter,109.9,37,452657,56.3,185,452657,395,Jon Lester,85.9,5.4%,2
row_134181,93.7,90.8,2016,399,6.4%,batter,109.9,466,134181,40.9,230,134181,456,Adrian Beltre,88.6,8.8%,41
row_518649,93.8,86.0,2016,405,4.3%,batter,109.9,121,518649,32.0,210,518649,422,Brett Eibner,80.8,7.4%,9
row_430605,95.9,91.6,2016,394,3.5%,batter,109.9,126,430605,51.1,218,430605,433,Ryan Raburn,88.0,7.1%,9
row_573131,95.3,90.3,2016,409,5.6%,batter,109.9,50,573131,56.0,217,573131,450,Darin Ruf,87.0,10.0%,5
row_542993,82.9,82.7,2016,,0.0%,batter,109.8,220,542993,35.1,176,542993,365,Billy Burns,85.3,0.0%,0
row_543302,94.2,90.6,2016,411,6.0%,batter,109.8,86,543302,50.1,244,543302,438,Chris Herrmann,86.2,11.6%,10
row_543434,92.9,90.0,2016,396,3.1%,batter,109.8,207,543434,44.3,223,543434,417,Brett Lawrie,88.4,5.8%,12
row_457454,92.7,89.6,2016,393,5.5%,batter,109.7,139,457454,44.1,245,457454,439,Jarrod Saltalamacchia,83.1,11.5%,16
row_609275,93.4,90.5,2016,403,4.0%,batter,109.7,62,609275,59.3,216,609275,412,Raul Mondesi,87.7,9.7%,6
row_451594,90.5,88.4,2016,398,3.3%,batter,109.7,284,451594,32.7,227,451594,439,Dexter Fowler,86.9,6.3%,18
row_592663,92.7,89.6,2016,375,2.9%,batter,109.7,351,592663,42.1,204,592663,432,J.T. Realmuto,87.7,4.6%,16
row_489267,94.2,90.3,2016,391,5.6%,batter,109.7,119,489267,58.8,238,489267,425,Adam Rosales,85.8,11.8%,14
row_506924,90.1,85.7,2016,423,1.7%,batter,109.7,39,506924,49.8,228,506924,445,Stephen Cardullo,76.5,2.6%,1
row_607223,92.9,89.1,2016,417,4.3%,batter,109.7,67,607223,45.8,213,607223,417,A.J. Reed,85.3,9.0%,6
row_608336,90.3,87.0,2016,448,3.3%,batter,109.6,5,608336,71.2,258,608336,448,Joey Gallo,71.2,20.0%,1
row_592325,95.8,89.8,2016,404,1.8%,batter,109.6,27,592325,46.3,199,592325,404,Ben Gamel,84.1,3.7%,1
row_571718,95.7,93.3,2016,,2.3%,batter,109.6,22,571718,68.1,216,571718,380,Brian Goodwin,93.5,4.5%,1
row_594777,92.0,90.4,2016,391,3.7%,batter,109.6,425,594777,39.7,230,594777,428,Kole Calhoun,89.7,5.9%,25
row_407893,93.3,89.0,2016,385,3.4%,batter,109.6,259,407893,46.5,215,407893,444,Mark Teixeira,85.9,5.8%,15
row_608596,97.1,97.4,2016,420,8.2%,batter,109.5,19,608596,73.2,277,608596,482,Tom Murphy,102.2,21.1%,4
row_488862,91.9,89.8,2016,398,2.3%,batter,109.5,408,488862,44.1,191,488862,413,Yunel Escobar,88.7,3.2%,13
row_596847,95.7,91.2,2016,383,3.1%,batter,109.5,73,596847,44.1,205,596847,417,Ji-Man Choi,89.5,5.5%,4
row_543510,91.7,88.8,2016,415,5.3%,batter,109.5,215,543510,48.5,229,543510,439,James McCann,85.9,9.3%,20
row_523253,93.4,90.7,2016,396,4.6%,batter,109.4,344,523253,46.2,234,523253,432,Logan Forsythe,86.9,7.6%,26
row_458675,93.5,89.1,2016,415,4.8%,batter,109.4,216,458675,43.1,230,458675,462,Colby Rasmus,83.6,9.3%,20
row_518516,94.4,92.4,2016,391,3.1%,batter,109.4,35,518516,58.5,238,518516,411,Madison Bumgarner,92.0,8.6%,3
row_543063,93.2,89.6,2016,381,2.9%,batter,109.4,373,543063,35.0,226,543063,425,Brandon Crawford,86.3,4.8%,18
row_460099,90.7,87.2,2016,389,2.6%,batter,109.4,127,460099,38.9,204,460099,417,Nolan Reimold,86.4,4.7%,6
row_493193,92.7,87.9,2016,383,4.7%,batter,109.3,203,493193,40.7,200,493193,418,Dae-Ho Lee,84.0,7.4%,15
row_606192,92.5,91.1,2016,409,2.7%,batter,109.3,59,606192,49.2,229,606192,432,Teoscar Hernandez,90.8,5.1%,3
row_572122,93.4,90.9,2016,392,6.5%,batter,109.3,453,572122,39.7,235,572122,429,Kyle Seager,88.5,9.7%,44
row_592192,97.7,93.7,2016,376,6.8%,batter,109.3,20,592192,71.9,225,592192,385,Mark Canha,91.8,15.0%,3
row_592789,98.1,92.8,2016,404,7.5%,batter,109.3,22,592789,34.3,276,592789,415,Noah Syndergaard,89.5,22.7%,5
row_592669,92.2,90.0,2016,408,11.1%,batter,109.3,27,592669,58.9,226,592669,434,Hunter Renfroe,88.6,14.8%,4
row_506702,90.2,86.8,2016,388,2.8%,batter,109.3,161,506702,40.7,214,506702,443,Sandy Leon,84.6,5.0%,8
row_456781,88.9,90.7,2016,400,4.3%,batter,109.2,16,456781,70.8,191,456781,400,Donovan Solano,93.1,6.3%,1
row_543216,93.1,89.3,2016,395,2.9%,batter,109.2,140,543216,35.5,226,543216,402,Conor Gillaspie,87.2,4.3%,6
row_435064,90.3,85.7,2016,394,1.2%,batter,109.2,151,435064,48.3,212,435064,421,Bobby Wilson,80.8,2.0%,3
row_592808,92.4,90.0,2016,373,6.1%,batter,109.2,72,592808,60.1,219,592808,409,Andrew Toles,87.0,9.7%,7
row_592206,93.9,89.5,2016,400,8.3%,batter,109.2,290,592206,43.4,249,592206,437,Nick Castellanos,80.3,12.8%,37
row_429667,96.0,92.5,2016,399,9.1%,batter,109.2,207,429667,45.2,244,429667,455,Ryan Howard,87.2,15.9%,33
row_457759,93.1,91.0,2016,394,5.9%,batter,109.2,421,457759,37.2,236,457759,458,Justin Turner,89.2,8.8%,37
row_434538,87.9,90.4,2016,416,2.4%,batter,109.1,24,434538,44.3,221,434538,416,Francisco Liriano,93.5,4.2%,1
row_543742,85.0,86.2,2016,421,1.7%,batter,109.1,30,543742,60.4,168,543742,421,Jerry Sands,89.1,3.3%,1
row_605452,91.4,92.9,2016,,0.0%,batter,109.1,21,605452,80.0,194,605452,381,Joe Ross,95.3,0.0%,0
row_429666,92.9,91.0,2016,377,2.5%,batter,109.1,300,429666,34.5,217,429666,423,J.J. Hardy,90.4,3.7%,11
row_434158,91.7,88.3,2016,388,4.4%,batter,109.1,380,434158,34.4,227,434158,442,Curtis Granderson,83.7,7.4%,28
row_458015,93.5,89.9,2016,395,5.3%,batter,109.0,416,458015,45.6,227,458015,420,Joey Votto,85.2,8.7%,36
row_474319,96.8,93.0,2016,393,8.5%,batter,109.0,27,474319,52.2,242,474319,428,Brandon Snyder,87.4,14.8%,4
row_452104,90.1,87.5,2016,391,3.2%,batter,109.0,329,452104,46.9,211,452104,433,Chase Headley,85.4,5.2%,17
row_519083,91.6,88.0,2016,386,2.8%,batter,109.0,251,519083,43.7,225,519083,421,Derek Norris,84.2,5.2%,13
row_435263,92.1,89.6,2016,386,3.7%,batter,109.0,297,435263,40.7,231,435263,450,Brian McCann,88.7,6.1%,18
row_502210,90.3,88.5,2016,390,2.5%,batter,109.0,299,502210,42.8,218,502210,426,Josh Reddick,88.0,3.7%,11
row_430637,91.5,88.3,2016,394,3.9%,batter,109.0,212,430637,32.5,208,430637,437,Kelly Johnson,85.9,6.1%,13
row_598265,94.4,91.2,2016,398,5.3%,batter,109.0,347,598265,35.1,219,598265,430,Jackie Bradley Jr.,88.4,9.8%,34
row_514888,92.4,88.7,2016,397,5.0%,batter,109.0,519,514888,38.7,222,514888,449,Jose Altuve,84.7,6.9%,36
row_477195,93.9,85.4,2016,,0.0%,batter,109.0,9,477195,53.9,195,477195,363,Ike Davis,78.5,0.0%,0
row_611177,91.7,89.8,2016,391,3.2%,batter,109.0,381,611177,38.5,203,611177,435,Adonis Garcia,89.4,4.7%,18
row_570481,,89.9,2016,,0.0%,batter,108.9,4,570481,38.3,209,570481,279,Erik Gonzalez,89.9,0.0%,0
row_408252,89.0,86.9,2016,393,1.9%,batter,108.9,439,408252,35.7,212,408252,415,Brandon Phillips,85.7,2.5%,11
row_425766,89.6,88.1,2016,380,1.4%,batter,108.9,275,425766,40.4,210,425766,426,James Loney,87.0,1.8%,5
row_608701,90.5,89.3,2016,,0.6%,batter,108.9,116,608701,41.0,197,608701,386,Rob Refsnyder,88.5,0.9%,1
row_605137,92.9,88.6,2016,393,3.3%,batter,108.9,85,605137,36.7,193,605137,419,Josh Bell,85.2,5.9%,5
row_452655,88.7,86.2,2016,380,1.9%,batter,108.8,418,452655,29.8,196,452655,441,Denard Span,85.0,2.9%,12
row_553993,90.8,86.9,2016,398,4.0%,batter,108.8,376,553993,38.2,222,553993,465,Eugenio Suarez,83.2,6.6%,25
row_501571,90.8,88.0,2016,400,2.5%,batter,108.8,101,501571,54.9,210,501571,415,Juan Lagares,87.1,4.0%,4
row_544369,88.7,86.6,2016,373,2.0%,batter,108.8,417,544369,19.6,216,544369,402,Didi Gregorius,85.5,2.9%,12
row_446653,92.2,90.4,2016,390,3.5%,batter,108.8,68,446653,62.2,224,446653,398,Jose Lobaton,88.1,5.9%,4
row_598284,97.0,87.5,2016,401,9.0%,batter,108.8,28,598284,54.4,235,598284,424,Peter O'Brien,76.2,21.4%,6
row_622194,95.0,91.6,2016,387,4.0%,batter,108.7,62,622194,48.6,207,622194,396,Bruce Maxwell,90.6,6.5%,4
row_453923,88.1,85.5,2016,360,1.1%,batter,108.7,158,453923,38.8,198,453923,412,Gregor Blanco,84.4,1.9%,3
row_596119,91.1,88.3,2016,,2.7%,batter,108.7,41,596119,50.0,208,596119,396,Blake Swihart,86.9,4.9%,2
row_622110,90.2,87.5,2016,403,2.5%,batter,108.7,260,622110,45.1,209,622110,424,Matt Duffy,85.2,3.5%,9
row_502082,88.3,86.6,2016,390,2.2%,batter,108.7,284,502082,32.2,219,502082,425,Lonnie Chisenhall,86.9,3.2%,9
row_607043,91.6,88.3,2016,442,1.3%,batter,108.7,45,607043,48.0,212,607043,442,Brandon Nimmo,86.1,2.2%,1
row_488771,93.5,89.9,2016,402,5.0%,batter,108.7,190,488771,51.7,217,488771,453,Jason Castro,86.2,10.0%,19
row_592261,90.3,87.4,2016,386,1.0%,batter,108.6,110,592261,42.2,189,592261,419,Delino DeShields,85.5,1.8%,2
row_621020,93.2,90.1,2016,392,3.4%,batter,108.6,81,621020,43.4,217,621020,401,Dansby Swanson,86.4,6.2%,5
row_595963,91.3,88.1,2016,383,0.9%,batter,108.6,142,595963,38.4,191,595963,428,Tyler Goeddel,86.5,1.4%,2
row_475247,96.1,89.2,2016,403,3.4%,batter,108.6,98,475247,48.7,186,475247,446,Ryan Flaherty,85.8,6.1%,6
row_502188,91.6,88.0,2016,,1.4%,batter,108.6,30,502188,47.0,223,502188,387,Jeff Samardzija,82.7,3.3%,1
row_543257,88.6,86.7,2016,397,3.1%,batter,108.6,218,543257,47.9,221,543257,422,Robbie Grossman,84.9,5.5%,12
row_594809,90.6,89.4,2016,396,2.0%,batter,108.6,435,594809,42.7,203,594809,451,Adam Eaton,88.9,3.2%,14
row_519333,86.4,85.4,2016,393,3.0%,batter,108.6,122,519333,48.0,200,519333,413,Matt Szczur,87.8,4.9%,6
row_543228,91.3,87.5,2016,393,3.4%,batter,108.5,163,543228,49.3,218,543228,428,Yan Gomes,83.4,5.5%,9
row_425509,93.1,87.9,2016,403,4.8%,batter,108.5,221,425509,24.6,219,425509,438,Jhonny Peralta,82.3,6.8%,15
row_592444,98.9,94.6,2016,,7.1%,batter,108.5,15,592444,61.0,217,592444,397,JaCoby Jones,89.6,13.3%,2
row_571697,89.0,87.2,2016,377,2.2%,batter,108.5,320,571697,34.9,218,571697,437,Scooter Gennett,87.1,3.8%,12
row_543776,88.2,84.9,2016,392,0.8%,batter,108.5,176,543776,40.7,186,543776,414,J.B. Shuck,84.3,1.1%,2
row_502481,85.3,84.6,2016,384,0.3%,batter,108.5,213,502481,39.8,176,502481,387,Jarrod Dyson,85.5,0.5%,1
row_462101,90.6,87.7,2016,394,1.4%,batter,108.4,405,462101,43.6,206,462101,420,Elvis Andrus,86.6,2.0%,8
row_425783,95.5,92.6,2016,395,4.8%,batter,108.4,122,425783,42.6,237,425783,421,Shin-Soo Choo,88.8,8.2%,10
row_519390,90.1,86.2,2016,391,3.6%,batter,108.4,361,519390,32.1,233,519390,413,Stephen Vogt,80.1,5.3%,19
row_112526,93.0,83.0,2016,365,0.0%,batter,108.4,16,112526,43.5,172,112526,365,Bartolo Colon,74.0,0.0%,0
row_607345,99.7,94.7,2016,,0.0%,batter,108.4,7,607345,62.3,190,607345,373,Kevan Smith,92.7,0.0%,0
row_605125,89.0,86.4,2016,396,1.8%,batter,108.4,130,605125,44.1,217,605125,418,Cody Asche,84.0,3.1%,4
row_457775,92.3,87.9,2016,393,3.1%,batter,108.4,122,457775,39.4,211,457775,417,Desmond Jennings,85.2,5.7%,7
row_543760,92.9,88.3,2016,399,4.3%,batter,108.4,390,543760,34.0,229,543760,455,Marcus Semien,83.5,6.9%,27
row_459964,94.6,89.9,2016,406,5.1%,batter,108.4,139,459964,54.0,220,459964,444,Matt Joyce,85.8,10.8%,15
row_573135,88.8,87.2,2016,387,2.2%,batter,108.3,208,573135,53.8,204,573135,420,Tyler Saladino,86.2,3.4%,7
row_502205,91.5,87.0,2016,374,6.0%,batter,108.3,36,502205,51.4,213,502205,380,Grant Green,84.2,8.3%,3
row_489232,95.1,93.3,2016,399,8.0%,batter,108.3,62,489232,65.3,245,489232,415,Anthony Recker,92.3,14.5%,9
row_621107,88.7,92.4,2016,,0.0%,batter,108.3,13,621107,72.7,194,621107,333,Zach Eflin,93.8,0.0%,0
row_656941,,101.7,2016,,0.0%,batter,108.3,2,656941,95.0,126,656941,141,Kyle Schwarber,101.7,0.0%,0
row_475100,91.2,86.6,2016,405,5.3%,batter,108.3,71,475100,41.7,226,475100,405,Scott Van Slyke,84.1,8.5%,6
row_605131,90.7,89.7,2016,,0.0%,batter,108.3,20,605131,71.6,226,605131,371,Austin Barnes,97.3,0.0%,0
row_453562,93.4,90.8,2016,411,2.9%,batter,108.3,31,453562,66.8,253,453562,440,Jake Arrieta,87.3,6.5%,2
row_449107,90.2,85.6,2016,349,0.0%,batter,108.2,124,449107,36.7,190,449107,389,Mike Aviles,86.5,0.0%,0
row_576397,93.3,88.1,2016,395,6.8%,batter,108.2,277,576397,44.3,227,576397,456,Jedd Gyorko,82.0,10.8%,30
row_543401,93.7,90.3,2016,400,4.1%,batter,108.2,432,543401,37.4,229,543401,445,Jason Kipnis,86.5,6.5%,28
row_516809,99.2,87.3,2016,411,5.1%,batter,108.2,22,516809,55.7,185,516809,411,Junior Lake,80.6,9.1%,2
row_541650,90.0,89.2,2016,390,2.6%,batter,108.2,283,541650,46.8,221,541650,458,Hernan Perez,89.2,3.9%,11
row_476633,104.7,97.7,2016,378,25.0%,batter,108.2,5,476633,78.8,306,476633,384,Chris Parmelee,87.2,40.0%,2
row_554429,89.9,86.0,2016,,0.0%,batter,108.2,49,554429,52.6,209,554429,366,Dustin Ackley,83.6,0.0%,0
row_435522,92.8,89.5,2016,394,5.0%,batter,108.2,310,435522,38.3,234,435522,423,Neil Walker,85.8,7.4%,23
row_592419,89.8,87.1,2016,,0.0%,batter,108.1,33,592419,48.0,203,592419,387,Jared Hoying,89.7,0.0%,0
row_460269,92.8,88.1,2016,403,3.2%,batter,108.1,89,460269,53.9,212,460269,419,Chris Gimenez,83.1,5.6%,5
row_608365,92.4,88.2,2016,387,5.9%,batter,108.1,338,608365,37.9,218,608365,465,Addison Russell,84.3,10.4%,35
row_607054,90.6,88.5,2016,393,1.7%,batter,108.1,254,607054,39.3,194,607054,437,Jace Peterson,87.8,2.8%,7
row_488912,90.1,87.8,2016,382,2.0%,batter,108.1,59,488912,50.5,208,488912,407,Tuffy Gosewisch,85.6,3.4%,2
row_570560,89.8,88.8,2016,399,2.5%,batter,108.1,92,570560,61.4,217,570560,443,Carlos Sanchez,88.8,4.3%,4
row_541608,89.4,88.3,2016,311,1.6%,batter,108.1,124,541608,54.2,212,541608,381,Ramon Cabrera,87.8,2.4%,3
row_431171,89.2,90.5,2016,,2.1%,batter,108.1,68,431171,50.8,213,431171,411,Casey McGehee,92.8,2.9%,2
row_458085,93.0,87.9,2016,371,2.3%,batter,108.1,157,458085,17.2,206,458085,394,Chris Coghlan,83.1,4.5%,7
row_641313,91.8,88.2,2016,401,3.9%,batter,108.1,260,641313,44.9,203,641313,442,Tim Anderson,85.9,6.5%,17
row_572114,95.2,91.5,2016,397,7.3%,batter,108.1,147,572114,50.0,266,572114,425,Ryan Schimpf,82.3,16.3%,24
row_467827,93.0,88.0,2016,418,3.4%,batter,108.1,256,467827,39.7,210,467827,439,Gerardo Parra,83.6,5.1%,13
row_608671,86.9,86.2,2016,402,0.8%,batter,108.0,196,608671,37.1,188,608671,412,Travis Jankowski,86.0,1.5%,3
row_408045,93.9,90.1,2016,376,3.5%,batter,108.0,378,408045,36.3,207,408045,407,Joe Mauer,86.6,5.3%,20
row_425772,89.0,89.2,2016,373,0.8%,batter,108.0,74,425772,64.2,223,425772,385,Jeff Mathis,90.1,1.4%,1
row_425794,89.0,90.4,2016,401,2.9%,batter,108.0,36,425794,62.0,227,425794,408,Adam Wainwright,93.4,5.6%,2
row_572008,91.2,88.6,2016,398,1.5%,batter,107.9,286,572008,37.4,213,572008,435,Chris Owings,86.4,2.4%,7
row_592710,97.0,93.5,2016,,0.0%,batter,107.9,29,592710,69.8,191,592710,395,Josh Rutledge,93.1,0.0%,0
row_520471,90.3,87.6,2016,383,1.9%,batter,107.9,381,520471,33.8,219,520471,417,Freddy Galvis,85.0,3.1%,12
row_592680,90.8,91.1,2016,,1.4%,batter,107.9,40,592680,59.9,198,592680,392,Yadiel Rivera,91.8,2.5%,1
row_607385,93.8,91.2,2016,408,3.9%,batter,107.9,81,607385,63.4,234,607385,423,Tyler Collins,90.2,7.4%,6
row_571970,90.7,84.9,2016,385,2.3%,batter,107.9,80,571970,43.1,200,571970,410,Max Muncy,80.0,3.8%,3
row_458913,107.9,107.9,2016,,0.0%,batter,107.9,1,458913,107.9,322,458913,322,Eric Young Jr.,,0.0%,0
row_547004,102.7,97.1,2016,,14.3%,batter,107.9,4,547004,80.2,161,547004,366,Rio Ruiz,80.2,25.0%,1
row_570717,85.4,84.7,2016,396,0.7%,batter,107.9,175,570717,50.3,186,570717,411,Ramon Flores,85.7,1.1%,2
row_571812,93.4,91.9,2016,423,8.8%,batter,107.9,16,571812,78.5,274,571812,435,Kyle Jensen,83.8,18.8%,3
row_465041,91.6,86.6,2016,352,1.0%,batter,107.8,225,465041,44.7,200,465041,394,Francisco Cervelli,83.6,1.8%,4
row_543877,91.7,87.8,2016,393,1.1%,batter,107.8,111,543877,20.8,179,543877,393,Christian Vazquez,85.2,1.8%,2
row_572365,92.6,89.1,2016,365,2.0%,batter,107.8,121,572365,62.4,201,572365,387,Ryan Goins,86.7,3.3%,4
row_434567,91.3,88.1,2016,413,4.7%,batter,107.8,53,434567,63.2,228,434567,426,Geovany Soto,86.3,7.5%,4
row_543037,100.0,91.6,2016,409,2.3%,batter,107.8,16,543037,50.1,195,543037,409,Gerrit Cole,87.8,6.3%,1
row_408236,92.0,88.6,2016,394,2.8%,batter,107.8,412,408236,39.9,219,408236,438,Adrian Gonzalez,85.3,4.4%,18
row_592230,92.0,89.2,2016,372,2.3%,batter,107.8,56,592230,64.3,203,592230,386,Kaleb Cowart,86.6,3.6%,2
row_608700,90.1,84.2,2016,392,1.3%,batter,107.8,89,608700,41.5,174,608700,392,Kevin Plawecki,81.4,2.2%,2
row_408314,86.9,85.8,2016,396,3.2%,batter,107.8,174,408314,43.0,218,408314,411,Jose Reyes,86.5,5.2%,9
row_621566,94.1,92.5,2016,,0.0%,batter,107.8,15,621566,80.6,198,621566,339,Matt Olson,92.5,0.0%,0
row_448605,97.9,92.6,2016,435,7.7%,batter,107.7,12,448605,64.2,247,448605,461,Justin Ruggiano,85.1,16.7%,2
row_572821,94.4,88.8,2016,395,5.5%,batter,107.7,419,572821,37.6,226,572821,448,Brian Dozier,82.1,9.1%,38
row_444843,92.0,88.8,2016,389,3.8%,batter,107.7,14,444843,64.1,230,444843,389,Andre Ethier,83.1,7.1%,1
row_452678,92.5,89.6,2016,374,3.5%,batter,107.7,375,452678,50.0,224,452678,416,Asdrubal Cabrera,86.2,5.3%,20
row_605228,89.6,87.4,2016,,0.0%,batter,107.7,32,605228,59.2,182,605228,365,Jose Fernandez,86.4,0.0%,0
row_434658,89.7,86.8,2016,399,2.0%,batter,107.7,319,434658,43.7,207,434658,426,Rajai Davis,84.8,3.1%,10
row_500871,89.7,85.9,2016,392,2.4%,batter,107.7,255,500871,49.0,214,500871,448,Eduardo Escobar,83.3,3.5%,9
row_455755,88.5,86.6,2016,388,0.0%,batter,107.7,71,455755,46.4,197,455755,388,Chris Stewart,86.7,0.0%,0
row_460086,92.6,88.3,2016,407,4.7%,batter,107.6,275,460086,43.3,231,460086,436,Alex Gordon,82.9,8.7%,24
row_543305,92.6,89.9,2016,379,2.8%,batter,107.6,230,543305,50.7,216,543305,446,Aaron Hicks,87.8,4.3%,10
row_491676,93.7,90.6,2016,417,3.5%,batter,107.6,36,491676,49.2,249,491676,428,Gorkys Hernandez,87.8,5.6%,2
row_543238,90.3,90.2,2016,405,2.0%,batter,107.5,45,543238,57.1,197,543238,407,Anthony Gose,90.6,4.4%,2
row_400284,91.6,88.1,2016,398,2.8%,batter,107.5,354,400284,39.2,218,400284,433,Chase Utley,84.9,4.5%,16
row_595777,89.1,86.8,2016,395,2.0%,batter,107.5,182,595777,39.6,191,595777,415,Jurickson Profar,86.9,3.3%,6
row_488671,96.8,92.0,2016,376,3.3%,batter,107.5,86,488671,47.2,217,488671,435,Alex Avila,87.6,8.1%,7
row_430947,87.5,85.1,2016,380,0.2%,batter,107.5,289,430947,37.4,185,430947,403,Erick Aybar,83.9,0.3%,1
row_600524,96.1,80.9,2016,,0.0%,batter,107.5,12,600524,45.2,128,600524,292,Renato Nunez,80.0,0.0%,0
row_434563,90.3,88.4,2016,386,1.7%,batter,107.5,150,434563,31.0,215,434563,419,Carlos Ruiz,88.1,2.7%,4
row_542454,93.1,89.3,2016,369,2.4%,batter,107.5,146,542454,34.9,205,542454,392,Danny Santana,87.8,4.1%,6
row_543939,88.3,87.4,2016,385,1.9%,batter,107.5,223,543939,48.4,211,543939,402,Kolten Wong,86.8,3.1%,7
row_600474,91.9,89.2,2016,405,0.0%,batter,107.5,15,600474,64.8,210,600474,421,Pedro Severino,90.2,0.0%,0
row_429719,82.4,81.8,2016,,0.0%,batter,107.5,11,429719,64.0,171,429719,348,Edwin Jackson,81.4,0.0%,0
row_519023,86.0,83.1,2016,,0.0%,batter,107.5,35,519023,55.2,182,519023,361,Devin Mesoraco,82.4,0.0%,0
row_606299,85.3,85.4,2016,415,1.6%,batter,107.4,187,606299,45.0,210,606299,429,Jose Peraza,86.3,2.1%,4
row_593523,86.6,86.0,2016,394,1.8%,batter,107.4,32,593523,58.2,181,593523,394,Marco Hernandez,85.0,3.1%,1
row_571974,90.4,89.3,2016,422,2.2%,batter,107.4,56,571974,61.1,213,571974,422,John Ryan Murphy,89.2,3.6%,2
row_552662,95.0,94.6,2016,,5.3%,batter,107.4,12,552662,76.6,253,552662,363,Stefen Romero,93.2,8.3%,1
row_493596,92.4,88.7,2016,390,1.8%,batter,107.4,173,493596,45.6,218,493596,407,Gordon Beckham,86.2,2.9%,5
row_455139,94.0,86.3,2016,399,6.5%,batter,107.4,87,455139,32.4,231,455139,423,Robinson Chirinos,77.7,12.6%,11
row_622097,94.3,88.8,2016,,5.9%,batter,107.3,7,622097,62.4,210,622097,380,Jake Thompson,84.6,14.3%,1
row_542208,88.2,84.9,2016,403,1.0%,batter,107.3,187,542208,34.3,203,542208,414,Carlos Perez,83.8,1.6%,3
row_581527,90.7,87.3,2016,395,2.8%,batter,107.3,295,581527,42.0,212,581527,434,Devon Travis,85.3,4.1%,12
row_594760,84.2,81.4,2016,,0.0%,batter,107.2,10,594760,40.0,145,594760,347,Aaron Blair,86.5,0.0%,0
row_518595,93.8,89.8,2016,395,2.5%,batter,107.2,179,518595,37.9,198,518595,430,Travis d'Arnaud,88.1,3.9%,7
row_458731,89.8,86.9,2016,399,1.6%,batter,107.2,393,458731,35.3,194,458731,420,Brett Gardner,85.0,2.5%,10
row_542364,87.7,86.0,2016,373,0.0%,batter,107.2,134,542364,52.3,184,542364,380,Rafael Ortega,86.2,0.0%,0
row_593160,92.8,88.7,2016,405,1.8%,batter,107.1,215,593160,45.4,214,593160,413,Whit Merrifield,85.6,2.8%,6
row_641958,81.3,82.3,2016,,0.0%,batter,107.1,16,641958,59.8,231,641958,382,Jordan Patterson,85.3,0.0%,0
row_605480,91.7,86.0,2016,365,1.4%,batter,107.1,108,605480,50.0,182,605480,401,Mallex Smith,82.2,2.8%,3
row_476704,88.9,86.2,2016,345,0.0%,batter,107.0,256,476704,37.9,212,476704,407,Jed Lowrie,84.0,0.0%,0
row_434636,87.6,86.1,2016,390,2.0%,batter,107.0,374,434636,32.8,205,434636,466,Angel Pagan,85.7,2.9%,11
row_518700,85.3,83.3,2016,,0.0%,batter,107.0,79,518700,43.9,182,518700,376,Eric Fryer,82.8,0.0%,0
row_640461,97.4,89.4,2016,385,7.3%,batter,106.9,36,640461,50.2,216,640461,403,Chad Pinder,84.0,11.1%,4
row_500743,84.3,83.9,2016,405,0.5%,batter,106.9,150,500743,43.4,187,500743,405,Miguel Rojas,85.0,0.7%,1
row_493472,92.4,88.8,2016,353,0.0%,batter,106.9,50,493472,63.0,198,493472,353,Eric Campbell,86.2,0.0%,0
row_485567,92.2,86.5,2016,381,1.9%,batter,106.9,170,485567,35.2,186,485567,415,Ezequiel Carrera,84.5,3.5%,6
row_592200,92.4,86.6,2016,387,3.5%,batter,106.9,132,592200,37.3,220,592200,417,Curt Casali,81.7,6.8%,9
row_446386,90.2,87.6,2016,388,2.0%,batter,106.9,216,446386,41.0,218,446386,420,Brandon Guyer,85.7,3.2%,7
row_571740,84.9,83.1,2016,366,0.2%,batter,106.8,268,571740,48.0,190,571740,386,Billy Hamilton,82.4,0.4%,1
row_605412,89.6,86.6,2016,354,2.7%,batter,106.8,348,605412,41.8,208,605412,420,Joe Panik,85.0,4.0%,14
row_457706,90.9,88.4,2016,,1.0%,batter,106.8,133,457706,58.1,223,457706,401,Austin Jackson,84.9,1.5%,2
row_150229,90.9,87.9,2016,390,0.8%,batter,106.8,200,150229,50.4,195,150229,394,A.J. Pierzynski,86.4,1.0%,2
row_493329,91.7,89.4,2016,401,2.2%,batter,106.8,102,493329,50.2,206,493329,416,Yulieski Gurriel,88.3,2.9%,3
row_595978,92.5,90.5,2016,,3.8%,batter,106.7,15,595978,74.4,235,595978,393,Austin Hedges,88.0,6.7%,1
row_596143,90.5,88.3,2016,384,1.5%,batter,106.7,113,596143,45.1,198,596143,402,Luis Sardinas,86.9,2.7%,3
row_588751,89.8,88.6,2016,389,0.5%,batter,106.7,379,588751,44.8,208,588751,419,Adeiny Hechavarria,88.4,0.8%,3
row_545338,90.9,88.5,2016,389,3.7%,batter,106.7,117,545338,48.8,235,545338,420,Nick Franklin,86.9,6.0%,7
row_571912,89.4,89.6,2016,393,2.4%,batter,106.7,76,571912,55.1,211,571912,428,Luke Maile,90.5,3.9%,3
row_605113,90.6,87.8,2016,393,1.6%,batter,106.7,194,605113,34.7,207,605113,414,Nick Ahmed,86.0,2.6%,5
row_425877,90.6,88.3,2016,385,2.4%,batter,106.6,417,425877,37.1,220,425877,410,Yadier Molina,86.6,3.4%,14
row_502034,85.7,85.2,2016,,0.0%,batter,106.6,30,502034,42.7,192,502034,376,Emmanuel Burriss,88.9,0.0%,0
row_425784,91.5,86.5,2016,395,3.4%,batter,106.6,120,425784,48.2,198,425784,440,Rene Rivera,82.0,5.8%,7
row_451596,87.3,88.8,2016,,0.0%,batter,106.5,3,451596,68.1,213,451596,280,Yovani Gallardo,91.9,0.0%,0
row_606115,92.2,88.4,2016,395,1.4%,batter,106.5,124,606115,51.6,189,606115,437,Orlando Arcia,85.9,2.4%,3
row_592351,97.6,90.4,2016,,0.0%,batter,106.5,16,592351,56.9,205,592351,394,Jon Gray,84.7,0.0%,0
row_593871,89.3,87.3,2016,381,1.5%,batter,106.5,178,593871,46.3,223,593871,402,Jorge Polanco,85.2,2.2%,4
row_514917,91.0,87.3,2016,382,1.1%,batter,106.5,372,514917,39.1,191,514917,407,Cesar Hernandez,85.2,1.9%,7
row_594838,88.0,86.8,2016,402,1.3%,batter,106.5,144,594838,15.1,200,594838,415,Phil Gosselin,85.9,2.1%,3
row_592592,92.2,87.0,2016,373,4.4%,batter,106.5,29,592592,46.8,255,592592,393,Brett Nicholas,75.5,6.9%,2
row_474568,89.8,87.1,2016,399,1.5%,batter,106.4,381,474568,37.7,204,474568,466,Jordy Mercer,85.6,2.4%,9
row_641531,93.4,78.2,2016,,4.8%,batter,106.4,9,641531,53.2,174,641531,363,Hunter Dozier,75.3,11.1%,1
row_452220,93.8,90.3,2016,392,3.6%,batter,106.4,101,452220,38.3,239,452220,415,Stephen Drew,84.0,5.9%,6
row_424825,88.4,85.6,2016,389,2.0%,batter,106.4,332,424825,38.4,217,424825,430,Coco Crisp,82.2,3.0%,10
row_424325,91.5,87.4,2016,400,5.9%,batter,106.3,98,424325,34.1,239,424325,429,David Ross,80.6,12.2%,12
row_435559,90.5,87.8,2016,358,1.9%,batter,106.3,271,435559,37.9,217,435559,424,Kurt Suzuki,86.2,2.6%,7
row_463610,92.8,87.6,2016,375,0.9%,batter,106.2,135,463610,50.1,200,463610,401,Gregorio Petit,83.9,1.5%,2
row_544925,93.9,91.1,2016,369,5.1%,batter,106.2,21,544925,76.1,189,544925,394,Matt den Dekker,89.0,9.5%,2
row_527038,89.5,86.6,2016,392,3.0%,batter,106.2,233,527038,44.7,221,527038,419,Wilmer Flores,83.8,4.3%,10
row_595386,87.9,91.8,2016,,0.0%,batter,106.2,10,595386,71.9,173,595386,376,Jason Rogers,93.5,0.0%,0
row_608324,91.9,88.2,2016,388,3.2%,batter,106.2,132,608324,49.7,236,608324,433,Alex Bregman,82.6,5.3%,7
row_488768,77.7,81.7,2016,,0.0%,batter,106.1,13,488768,67.9,140,488768,270,Andrew Cashner,83.4,0.0%,0
row_621311,90.6,88.4,2016,407,3.4%,batter,106.1,145,621311,52.6,223,621311,443,David Dahl,86.9,5.5%,8
row_656546,,96.0,2016,,0.0%,batter,106.1,5,656546,86.6,122,656546,147,Jeff Hoffman,96.0,0.0%,0
row_474832,91.7,87.4,2016,401,6.6%,batter,106.1,354,474832,35.3,244,474832,457,Brandon Belt,79.6,12.1%,43
row_444379,89.7,86.4,2016,393,2.5%,batter,106.1,266,444379,34.0,205,444379,418,John Jaso,84.1,4.1%,11
row_518614,90.1,88.3,2016,393,2.1%,batter,106.0,174,518614,42.8,225,518614,421,Daniel Descalso,86.6,3.4%,6
row_621035,91.6,88.7,2016,412,3.1%,batter,106.0,40,621035,65.7,228,621035,412,Chris Taylor,86.0,5.0%,2
row_544725,90.8,90.7,2016,388,0.0%,batter,106.0,27,544725,69.5,210,544725,388,Leury Garcia,90.4,0.0%,0
row_502100,89.1,85.6,2016,388,1.5%,batter,106.0,83,502100,33.6,202,502100,392,Alex Presley,82.3,2.4%,2
row_594798,95.9,88.7,2016,,0.0%,batter,106.0,26,594798,65.4,168,594798,347,Jacob deGrom,86.0,0.0%,0
row_471083,91.0,86.8,2016,386,3.2%,batter,106.0,156,471083,47.5,213,471083,425,Miguel Montero,84.8,5.8%,9
row_461865,86.6,83.8,2016,378,1.5%,batter,106.0,118,461865,36.2,189,461865,408,Andrew Romine,82.3,2.5%,3
row_492841,86.7,86.3,2016,417,0.9%,batter,106.0,61,492841,55.3,207,492841,417,Michael Martinez,88.1,1.6%,1
row_621563,90.9,91.9,2016,395,1.0%,batter,105.9,74,621563,72.2,203,621563,395,Joey Wendle,93.0,1.4%,1
row_594824,89.0,85.8,2016,389,1.6%,batter,105.9,146,594824,47.7,200,594824,408,Greg Garcia,82.6,2.7%,4
row_591712,90.3,89.2,2016,351,0.0%,batter,105.8,11,591712,65.5,240,591712,363,Oscar Hernandez,94.5,0.0%,0
row_445988,88.0,88.2,2016,396,0.9%,batter,105.8,484,445988,50.0,205,445988,415,Martin Prado,89.2,1.2%,6
row_444876,86.6,84.0,2016,399,1.0%,batter,105.8,475,444876,35.9,201,444876,417,Alcides Escobar,82.7,1.5%,7
row_571681,84.6,82.5,2016,,0.0%,batter,105.8,27,571681,47.8,170,571681,318,Reymond Fuentes,80.8,0.0%,0
row_592743,89.0,86.9,2016,397,1.0%,batter,105.8,374,592743,41.5,190,592743,409,Andrelton Simmons,85.6,1.3%,5
row_592696,92.6,88.1,2016,379,3.1%,batter,105.8,219,592696,40.4,213,592696,446,Eddie Rosario,84.2,5.0%,11
row_605486,94.9,85.2,2016,395,1.9%,batter,105.7,28,605486,51.0,157,605486,395,Cory Spangenberg,82.0,3.6%,1
row_592314,91.3,88.1,2016,,2.4%,batter,105.7,16,592314,59.3,200,592314,431,Mike Foltynewicz,84.9,6.3%,1
row_605183,93.8,91.8,2016,390,3.4%,batter,105.7,30,605183,55.0,204,605183,390,Jason Coats,89.5,6.7%,2
row_519141,95.2,86.6,2016,388,2.7%,batter,105.6,13,519141,64.7,165,519141,388,Drew Pomeranz,84.1,7.7%,1
row_446359,89.5,86.6,2016,392,1.8%,batter,105.6,345,446359,30.0,216,446359,444,Zack Cozart,84.3,2.6%,9
row_608061,89.3,86.2,2016,374,1.8%,batter,105.6,87,608061,49.2,207,608061,395,T.J. Rivera,83.8,2.3%,2
row_489365,89.6,86.4,2016,402,0.7%,batter,105.6,80,489365,48.1,222,489365,403,Josh Thole,81.1,1.3%,1
row_453286,90.5,88.6,2016,,0.0%,batter,105.6,33,453286,70.6,172,453286,370,Max Scherzer,88.3,0.0%,0
row_457477,91.7,88.2,2016,387,3.0%,batter,105.6,154,457477,48.0,231,457477,413,Alejandro De Aza,83.1,5.2%,8
row_400085,86.5,84.5,2016,369,0.5%,batter,105.5,253,400085,47.0,195,400085,394,Ichiro Suzuki,83.6,0.8%,2
row_500874,81.3,85.6,2016,,0.0%,batter,105.5,15,500874,33.8,190,500874,319,Jose Martinez,88.5,0.0%,0
row_435079,90.5,87.5,2016,381,2.7%,batter,105.5,455,435079,40.3,234,435079,417,Ian Kinsler,83.3,4.0%,18
row_433217,91.9,89.7,2016,388,1.4%,batter,105.5,127,433217,46.1,206,433217,414,Andres Blanco,88.2,2.4%,3
row_454560,89.6,87.1,2016,394,2.0%,batter,105.5,130,454560,49.1,221,454560,445,A.J. Ellis,85.2,3.1%,4
row_493351,86.8,84.7,2016,381,0.4%,batter,105.5,376,493351,35.5,190,493351,403,Alexei Ramirez,84.0,0.5%,2
row_503449,88.3,88.0,2016,429,2.4%,batter,105.5,21,503449,62.2,253,503449,429,Wily Peralta,87.4,4.8%,1
row_592863,95.5,92.0,2016,,0.0%,batter,105.4,15,592863,80.2,231,592863,351,Mason Williams,86.7,0.0%,0
row_502261,92.9,92.2,2016,,3.6%,batter,105.4,33,502261,61.7,242,502261,401,Cole Gillespie,90.9,6.1%,2
row_542908,89.6,87.8,2016,392,4.8%,batter,105.4,147,542908,36.8,244,542908,404,Jett Bandy,85.1,7.5%,11
row_537953,92.6,89.9,2016,384,1.4%,batter,105.3,96,537953,50.9,242,537953,384,Daniel Nava,86.7,2.1%,2
row_504379,90.8,88.0,2016,,0.0%,batter,105.3,8,504379,63.1,182,504379,332,Juan Nicasio,85.2,0.0%,0
row_543148,94.1,93.8,2016,,0.0%,batter,105.3,18,543148,70.8,270,543148,366,Tim Federowicz,92.8,0.0%,0
row_592407,88.2,85.7,2016,377,4.7%,batter,105.3,83,592407,61.4,231,592407,411,Bryan Holaday,83.5,7.2%,6
row_408299,86.9,86.0,2016,,0.0%,batter,105.3,108,408299,55.2,219,408299,380,Omar Infante,85.4,0.0%,0
row_474233,94.1,88.3,2016,367,2.2%,batter,105.3,76,474233,49.0,206,474233,386,Hank Conger,83.3,3.9%,3
row_488818,88.5,85.3,2016,403,0.4%,batter,105.2,160,488818,36.9,206,488818,403,Chase d'Arnaud,83.0,0.6%,1
row_502182,89.2,88.3,2016,363,1.3%,batter,105.2,54,502182,60.1,200,502182,378,Steve Clevenger,87.4,1.9%,1
row_502624,88.0,89.9,2016,,0.0%,batter,105.2,15,502624,36.5,152,502624,325,Chase Anderson,90.6,0.0%,0
row_593372,85.8,82.4,2016,,0.0%,batter,105.2,41,593372,39.7,147,593372,361,Carlos Martinez,82.8,0.0%,0
row_608703,93.8,86.7,2016,396,4.2%,batter,105.2,52,608703,42.9,191,608703,404,Matt Reynolds,82.3,7.7%,4
row_628329,101.7,99.8,2016,,12.5%,batter,105.2,5,628329,91.7,253,628329,391,Rusney Castillo,98.6,20.0%,1
row_506433,105.2,101.1,2016,410,33.3%,batter,105.2,2,506433,96.9,244,506433,410,Yu Darvish,96.9,50.0%,1
row_519455,105.2,94.8,2016,,0.0%,batter,105.2,2,519455,84.3,102,519455,149,Jordan Zimmermann,84.3,0.0%,0
row_571466,90.3,86.3,2016,377,1.4%,batter,105.1,282,571466,38.9,208,571466,403,Tucker Barnhart,82.4,2.1%,6
row_606131,77.4,80.1,2016,,0.0%,batter,105.1,17,606131,55.9,171,606131,278,Luis Perdomo,81.1,0.0%,0
row_571788,89.2,86.3,2016,388,1.2%,batter,105.1,204,571788,43.1,191,571788,418,Brock Holt,85.0,2.0%,4
row_594694,92.0,90.2,2016,393,4.5%,batter,105.1,37,594694,56.7,195,594694,393,Wilmer Difo,88.7,8.1%,3
row_456422,88.8,85.2,2016,400,2.2%,batter,105.1,235,456422,37.6,206,456422,408,Michael Bourn,81.7,3.8%,9
row_518586,88.0,85.9,2016,392,1.5%,batter,105.1,46,518586,51.2,210,518586,392,Charlie Culberson,85.2,2.2%,1
row_431094,89.5,87.0,2016,384,0.9%,batter,105.1,292,431094,29.0,225,431094,404,Aaron Hill,85.4,1.4%,4
row_600303,92.4,89.0,2016,384,3.6%,batter,105.1,103,600303,56.9,227,600303,402,Tommy La Stella,84.4,5.8%,6
row_518625,96.7,97.1,2016,,0.0%,batter,105.0,6,518625,92.9,255,518625,342,Matt Dominguez,97.9,0.0%,0
row_519025,81.4,87.5,2016,,0.0%,batter,105.0,13,519025,63.4,183,519025,299,Will Middlebrooks,93.8,0.0%,0
row_518953,86.8,85.2,2016,,0.0%,batter,104.9,53,518953,50.2,202,518953,398,David Lough,87.6,0.0%,0
row_608672,88.8,95.8,2016,,0.0%,batter,104.9,4,608672,77.7,226,608672,286,Micah Johnson,102.8,0.0%,0
row_605509,85.0,85.7,2016,,0.0%,batter,104.9,67,605509,48.3,192,605509,370,Kelby Tomlinson,86.7,0.0%,0
row_605304,,104.9,2016,,0.0%,batter,104.9,1,605304,104.9,155,605304,155,Erik Johnson,104.9,0.0%,0
row_571918,99.1,85.3,2016,,0.0%,batter,104.9,7,571918,57.5,157,571918,343,Deven Marrero,78.2,0.0%,0
row_595191,87.5,87.9,2016,,0.0%,batter,104.9,38,595191,60.5,181,595191,346,Jerad Eickhoff,88.8,0.0%,0
row_572041,91.6,88.4,2016,411,4.3%,batter,104.9,22,572041,30.0,248,572041,427,A.J. Pollock,83.9,9.1%,2
row_607231,74.2,83.4,2016,,0.0%,batter,104.9,5,607231,69.5,114,607231,245,John Gant,85.6,0.0%,0
row_458582,93.6,93.2,2016,,6.9%,batter,104.9,17,458582,79.7,244,458582,377,Reid Brignac,92.7,11.8%,2
row_493114,89.5,87.6,2016,383,0.4%,batter,104.9,309,493114,37.1,185,493114,402,Norichika Aoki,87.0,0.6%,2
row_506747,90.9,86.9,2016,409,2.3%,batter,104.8,21,506747,65.2,202,506747,409,Francisco Pena,86.6,4.8%,1
row_547172,86.9,85.3,2016,401,0.9%,batter,104.8,133,547172,37.5,213,547172,422,Tony Wolters,85.1,1.5%,2
row_544931,82.8,85.9,2016,,0.0%,batter,104.8,30,544931,35.2,164,544931,304,Stephen Strasburg,89.5,0.0%,0
row_643217,91.3,87.8,2016,373,2.5%,batter,104.8,67,643217,44.7,225,643217,405,Andrew Benintendi,82.0,4.5%,3
row_503351,102.1,91.6,2016,,0.0%,batter,104.8,8,503351,43.5,185,503351,358,Blake Lalli,85.2,0.0%,0
row_543548,104.7,99.0,2016,,0.0%,batter,104.7,2,543548,93.2,216,543548,288,Tommy Milone,93.2,0.0%,0
row_592835,89.9,84.5,2016,,0.0%,batter,104.7,14,592835,55.8,181,592835,345,Kyle Waldrop,87.7,0.0%,0
row_543376,89.8,87.0,2016,,0.0%,batter,104.7,92,543376,60.6,217,543376,400,Caleb Joseph,84.6,0.0%,0
row_543213,88.4,86.0,2016,380,0.8%,batter,104.7,268,543213,44.0,201,543213,399,Johnny Giavotella,84.8,1.1%,3
row_542583,104.6,82.4,2016,,16.7%,batter,104.6,5,542583,55.3,151,542583,398,Jesus Aguilar,76.8,20.0%,1
row_628338,83.7,83.3,2016,384,0.9%,batter,104.6,67,628338,51.7,178,628338,384,Guillermo Heredia,85.9,1.5%,1
row_473724,84.7,84.6,2016,,0.0%,batter,104.6,27,473724,58.1,205,473724,338,Matt McBride,90.7,0.0%,0
row_595751,73.2,75.2,2016,,0.0%,batter,104.6,8,595751,57.9,128,595751,278,Jorge Alfaro,79.5,0.0%,0
row_592717,,103.3,2016,,0.0%,batter,104.6,2,592717,102.1,143,592717,144,Aaron Sanchez,103.3,0.0%,0
row_553882,87.0,84.8,2016,365,0.0%,batter,104.5,79,553882,43.9,217,553882,381,Omar Narvaez,83.9,0.0%,0
row_542436,86.7,83.8,2016,413,1.6%,batter,104.5,158,542436,44.8,175,542436,415,Cristhian Adames,82.9,2.5%,4
row_606132,83.3,81.6,2016,,0.0%,batter,104.5,21,606132,56.1,195,606132,342,Raimel Tapia,82.3,0.0%,0
row_448855,89.7,83.8,2016,,0.0%,batter,104.5,20,448855,62.4,174,448855,323,Junior Guerra,83.1,0.0%,0
row_519421,95.6,95.9,2016,415,7.4%,batter,104.5,9,519421,83.9,263,519421,415,Andy Wilkins,96.2,22.2%,2
row_572863,90.9,85.3,2016,387,2.7%,batter,104.5,41,572863,52.0,229,572863,389,Dustin Garneau,78.3,4.9%,2
row_488726,90.7,89.8,2016,,0.0%,batter,104.5,32,488726,58.1,219,488726,341,Michael Brantley,88.6,0.0%,0
row_621209,,104.5,2016,,0.0%,batter,104.5,1,621209,104.5,150,621209,150,Jon Moscot,104.5,0.0%,0
row_444489,92.6,89.8,2016,415,2.5%,batter,104.4,47,444489,69.9,241,444489,426,Manny Pina,86.9,4.3%,2
row_592731,96.7,90.5,2016,407,7.4%,batter,104.4,28,592731,57.8,220,592731,423,Steve Selsky,84.4,14.3%,4
row_596057,104.4,103.1,2016,,0.0%,batter,104.4,2,596057,101.8,148,596057,149,Daniel Norris,101.8,0.0%,0
row_502544,89.6,85.3,2016,403,2.2%,batter,104.3,53,502544,55.3,222,502544,410,Nick Buss,81.4,3.8%,2
row_605232,91.2,87.2,2016,,0.0%,batter,104.3,27,605232,58.5,162,605232,303,Brandon Finnegan,88.1,0.0%,0
row_425900,88.2,85.2,2016,363,0.6%,batter,104.3,208,425900,49.4,215,425900,394,Dioner Navarro,82.6,1.0%,2
row_276519,86.4,85.0,2016,387,1.2%,batter,104.2,103,276519,54.2,199,276519,390,Jimmy Rollins,84.8,1.9%,2
row_454975,89.7,87.9,2016,,0.0%,batter,104.2,32,454975,52.7,169,454975,382,Hernan Iribarren,87.0,0.0%,0
row_466988,87.8,89.8,2016,,0.0%,batter,104.2,21,466988,62.3,208,466988,387,Emilio Bonifacio,95.4,0.0%,0
row_430603,86.8,82.5,2016,,0.0%,batter,104.2,22,430603,46.7,198,430603,352,Don Kelly,78.3,0.0%,0
row_407781,91.8,87.2,2016,401,3.9%,batter,104.2,77,407781,44.9,231,407781,411,Marlon Byrd,80.6,6.5%,5
row_456030,91.5,89.2,2016,376,1.6%,batter,104.1,492,456030,44.5,209,456030,417,Dustin Pedroia,87.3,2.2%,11
row_434628,89.7,87.7,2016,,0.0%,batter,104.1,32,434628,61.3,205,434628,387,Jason Hammel,90.0,0.0%,0
row_499624,89.3,87.2,2016,,0.0%,batter,104.1,17,499624,55.1,178,499624,365,Chris Colabello,85.0,0.0%,0
row_572180,87.8,86.9,2016,422,5.3%,batter,104.1,10,572180,54.8,262,572180,422,Andrew Susac,83.4,10.0%,1
row_460060,88.3,85.2,2016,407,1.6%,batter,104.0,104,460060,44.3,209,460060,425,Cliff Pennington,81.5,2.9%,3
row_502523,87.1,84.3,2016,391,0.4%,batter,103.9,116,502523,50.7,192,502523,409,Shawn O'Malley,82.3,0.9%,1
row_605400,98.2,86.1,2016,,0.0%,batter,103.9,7,605400,67.8,148,605400,349,Aaron Nola,84.1,0.0%,0
row_425844,90.4,87.5,2016,,3.3%,batter,103.9,36,425844,45.3,218,425844,412,Zack Greinke,84.7,5.6%,2
row_519445,92.4,87.2,2016,,0.0%,batter,103.8,30,519445,61.1,198,519445,358,Danny Worth,83.5,0.0%,0
row_592826,87.4,88.5,2016,,0.0%,batter,103.8,20,592826,64.8,182,592826,350,Vince Velasquez,89.0,0.0%,0
row_474443,87.0,84.2,2016,410,0.8%,batter,103.8,158,474443,47.4,193,474443,410,Ivan De Jesus Jr.,82.2,1.3%,2
row_592647,,103.7,2016,,0.0%,batter,103.7,1,592647,103.7,86,592647,86,Dalton Pompey,103.7,0.0%,0
row_519043,81.0,81.1,2016,,0.0%,batter,103.7,8,519043,38.3,212,519043,286,Matt Moore,81.2,0.0%,0
row_625643,75.0,82.4,2016,,0.0%,batter,103.7,3,625643,68.6,179,625643,263,Reynaldo Lopez,86.1,0.0%,0
row_520980,103.7,103.7,2016,,0.0%,batter,103.7,1,520980,103.7,230,520980,230,Pedro Baez,,0.0%,0
row_544150,86.6,92.9,2016,,0.0%,batter,103.7,9,544150,81.6,138,544150,268,Albert Suarez,94.7,0.0%,0
row_518568,89.1,86.6,2016,419,0.6%,batter,103.7,95,518568,43.5,195,518568,419,Christian Colon,85.3,1.1%,1
row_434604,101.2,87.0,2016,,0.0%,batter,103.7,5,434604,62.8,122,434604,146,Michael Morse,83.5,0.0%,0
row_642162,97.7,95.0,2016,407,5.3%,batter,103.6,7,642162,84.1,232,642162,407,Pat Valaika,96.3,14.3%,1
row_518542,89.4,85.8,2016,377,1.6%,batter,103.6,115,518542,38.9,203,518542,393,Juan Centeno,82.4,2.6%,3
row_608348,90.5,92.5,2016,,0.0%,batter,103.6,8,608348,77.4,178,608348,333,Carson Kelly,93.1,0.0%,0
row_624428,88.7,85.7,2016,397,1.3%,batter,103.5,106,624428,37.5,212,624428,407,Adam Frazier,83.1,1.9%,2
row_506560,88.7,87.5,2016,,0.7%,batter,103.5,100,506560,60.2,212,506560,374,Alexi Amarista,87.0,1.0%,1
row_605151,83.4,83.5,2016,,0.0%,batter,103.5,13,605151,34.2,152,605151,301,Archie Bradley,88.5,0.0%,0
row_605227,93.6,84.5,2016,,0.0%,batter,103.5,12,605227,62.0,212,605227,348,Taylor Featherston,79.5,0.0%,0
row_445055,89.2,86.1,2016,376,0.8%,batter,103.4,253,445055,49.8,194,445055,406,Jon Jay,84.1,1.2%,3
row_502190,91.1,87.3,2016,,1.8%,batter,103.4,26,502190,56.3,232,502190,390,Mike Leake,82.8,3.8%,1
row_514913,91.1,86.5,2016,,0.0%,batter,103.4,49,514913,56.4,206,514913,408,Ruben Tejada,83.7,0.0%,0
row_592662,95.1,85.3,2016,397,0.0%,batter,103.4,18,592662,52.4,210,592662,397,Robbie Ray,75.6,0.0%,0
row_543054,88.0,82.1,2016,,0.0%,batter,103.3,10,543054,62.4,127,543054,296,Jarred Cosart,79.6,0.0%,0
row_548337,83.2,77.6,2016,,0.0%,batter,103.3,6,548337,59.2,110,548337,279,Logan Verrett,74.8,0.0%,0
row_592791,94.7,91.7,2016,,0.0%,batter,103.3,11,592791,75.5,159,592791,268,Jameson Taillon,90.6,0.0%,0
row_543281,89.5,86.9,2016,388,1.7%,batter,103.3,359,543281,35.1,225,543281,411,Josh Harrison,84.0,2.5%,9
row_572073,88.0,86.1,2016,389,1.8%,batter,103.3,176,572073,50.6,211,572073,412,Joey Rickard,84.7,2.8%,5
row_446381,89.7,86.4,2016,369,1.0%,batter,103.3,205,446381,30.9,204,446381,420,Darwin Barney,84.0,1.5%,3
row_407793,91.8,88.6,2016,,0.0%,batter,103.2,29,407793,65.5,214,407793,360,John Lackey,86.5,0.0%,0
row_492802,87.8,85.8,2016,,0.0%,batter,103.2,11,492802,59.7,163,492802,340,Juan Graterol,88.6,0.0%,0
row_408307,87.9,87.1,2016,,0.0%,batter,103.2,57,408307,54.0,189,408307,341,Carl Crawford,86.6,0.0%,0
row_491696,89.3,89.1,2016,393,6.9%,batter,103.2,18,491696,64.4,210,491696,405,Jesus Sucre,88.9,11.1%,2
row_448802,86.6,87.6,2016,,2.0%,batter,103.1,21,448802,54.9,215,448802,362,Jaime Garcia,88.4,4.8%,1
row_542255,87.8,85.8,2016,390,0.5%,batter,103.1,385,542255,35.8,191,542255,412,Ender Inciarte,84.4,0.8%,3
row_660162,95.8,87.7,2016,,0.0%,batter,103.1,4,660162,76.5,193,660162,301,Yoan Moncada,79.5,0.0%,0
row_543094,87.7,82.8,2016,,0.0%,batter,103.1,37,543094,54.4,206,543094,387,Jaff Decker,77.8,0.0%,0
row_571841,89.0,87.1,2016,407,1.4%,batter,103.0,48,571841,53.1,226,571841,407,Ty Kelly,86.9,2.1%,1
row_643327,94.9,84.8,2016,,0.0%,batter,103.0,7,643327,64.5,133,643327,269,Zack Godley,86.8,0.0%,0
row_430912,88.3,76.6,2016,383,3.6%,batter,103.0,8,430912,39.4,235,430912,384,Matt Cain,54.7,12.5%,1
row_623143,88.1,84.2,2016,393,0.5%,batter,103.0,122,623143,48.0,206,623143,407,Trevor Brown,81.9,0.8%,1
row_519184,86.3,83.7,2016,388,0.5%,batter,102.9,285,519184,32.8,190,519184,395,Ben Revere,81.9,0.7%,2
row_449168,90.5,96.7,2016,,0.0%,batter,102.9,2,449168,90.5,247,449168,344,Matt Tuiasosopo,102.9,0.0%,0
row_502032,88.0,85.2,2016,,0.0%,batter,102.9,14,502032,69.9,189,502032,343,Bud Norris,83.2,0.0%,0
row_451705,89.4,85.5,2016,,0.0%,batter,102.9,28,451705,60.0,179,451705,343,Alberto Rosario,84.8,0.0%,0
row_543294,83.2,85.6,2016,,0.0%,batter,102.8,18,543294,64.8,182,543294,342,Kyle Hendricks,88.5,0.0%,0
row_595023,89.8,85.9,2016,,0.0%,batter,102.8,21,595023,57.3,180,595023,328,Colin Walsh,82.3,0.0%,0
row_553988,84.8,77.3,2016,,0.0%,batter,102.7,6,553988,49.5,160,553988,330,Dixon Machado,81.5,0.0%,0
row_490063,,75.9,2016,,0.0%,batter,102.7,8,490063,52.5,92,490063,194,Matt Garza,75.4,0.0%,0
row_460077,86.5,85.1,2016,394,3.0%,batter,102.7,79,460077,37.8,223,460077,419,Drew Butera,83.8,5.1%,4
row_430580,102.7,78.0,2016,,0.0%,batter,102.7,7,430580,67.1,80,430580,285,Alfredo Simon,73.9,0.0%,0
row_600869,93.6,96.8,2016,,0.0%,batter,102.6,4,600869,93.2,252,600869,334,Jeimer Candelario,99.9,0.0%,0
row_502226,90.0,83.6,2016,,0.0%,batter,102.6,23,502226,59.2,174,502226,357,Craig Gentry,80.2,0.0%,0
row_593700,85.6,84.7,2016,,0.0%,batter,102.6,19,593700,52.9,175,593700,325,Alen Hanson,88.8,0.0%,0
row_543329,94.1,86.2,2016,390,4.0%,batter,102.5,10,543329,61.1,220,543329,390,Destin Hood,78.2,10.0%,1
row_408241,88.4,85.4,2016,,0.0%,batter,102.5,12,408241,64.4,229,408241,352,Jake Peavy,81.2,0.0%,0
row_519085,,84.8,2016,,0.0%,batter,102.4,4,519085,61.6,69,519085,151,Brett Oberholtzer,84.8,0.0%,0
row_501888,79.3,90.2,2016,,0.0%,batter,102.3,6,501888,61.7,185,501888,317,Ryan Kalish,101.2,0.0%,0
row_596043,90.0,80.7,2016,,0.0%,batter,102.3,3,596043,49.8,201,596043,342,Daniel Mengden,76.1,0.0%,0
row_602922,87.4,81.4,2016,,0.0%,batter,102.3,20,602922,57.8,170,602922,346,Jose Rondon,81.6,0.0%,0
row_641319,92.1,86.7,2016,,0.0%,batter,102.3,18,641319,51.0,207,641319,368,Carlos Asuaje,84.5,0.0%,0
row_527054,87.2,85.4,2016,,0.0%,batter,102.3,29,527054,66.1,208,527054,344,Julio Teheran,87.6,0.0%,0
row_608325,92.1,88.6,2016,,0.0%,batter,102.2,4,608325,76.9,274,608325,374,Gavin Cecchini,78.2,0.0%,0
row_543699,84.1,81.7,2016,,1.3%,batter,102.2,31,543699,37.5,193,543699,383,Tanner Roark,79.1,3.2%,1
row_593643,86.5,81.1,2016,,3.4%,batter,102.2,33,593643,43.7,171,593643,389,Hanser Alberto,79.9,6.1%,2
row_591720,90.5,85.5,2016,416,0.6%,batter,102.1,125,591720,44.1,187,591720,416,Ronald Torreyes,82.8,0.8%,1
row_457574,84.2,77.7,2016,,0.0%,batter,102.1,34,457574,47.9,190,457574,364,Jordan Pacheco,70.7,0.0%,0
row_502285,89.0,86.9,2016,,0.0%,batter,102.0,28,502285,66.7,212,502285,356,Tyler Ladendorf,85.3,0.0%,0
row_453895,86.7,81.5,2016,,0.0%,batter,102.0,4,453895,66.4,182,453895,303,Brendan Ryan,79.8,0.0%,0
row_592567,90.0,84.7,2016,,0.0%,batter,102.0,11,592567,65.1,193,592567,323,Colin Moran,84.4,0.0%,0
row_519168,102.0,89.4,2016,379,33.3%,batter,102.0,2,519168,76.9,262,519168,379,Anthony Ranaudo,76.9,50.0%,1
row_596451,84.0,85.2,2016,,1.4%,batter,102.0,33,596451,44.2,198,596451,403,Roman Quinn,86.1,3.0%,1
row_502582,86.0,86.3,2016,,1.4%,batter,102.0,37,502582,53.3,193,502582,402,Logan Schafer,90.7,2.7%,1
row_501986,87.3,85.8,2016,399,0.0%,batter,101.9,24,501986,46.2,193,501986,399,Cedric Hunter,86.2,0.0%,0
row_607625,85.9,86.4,2016,,0.0%,batter,101.9,12,607625,61.9,222,607625,342,Seth Lugo,90.2,0.0%,0
row_645848,81.3,84.2,2016,,0.0%,batter,101.8,3,645848,69.7,156,645848,255,Dariel Alvarez,101.8,0.0%,0
row_628452,84.1,79.1,2016,,0.0%,batter,101.8,7,628452,49.2,133,628452,297,Raisel Iglesias,77.1,0.0%,0
row_608379,90.6,80.3,2016,,0.0%,batter,101.8,8,608379,60.7,115,608379,304,Michael Wacha,78.8,0.0%,0
row_501303,84.2,82.7,2016,357,0.0%,batter,101.7,43,501303,47.0,200,501303,371,Ehire Adrianza,81.0,0.0%,0
row_593495,85.0,84.0,2016,,0.0%,batter,101.7,91,593495,48.8,180,593495,365,Daniel Castro,84.3,0.0%,0
row_543557,101.7,92.1,2016,,0.0%,batter,101.7,3,543557,75.2,132,543557,185,Mike Montgomery,87.3,0.0%,0
row_501822,101.6,81.9,2016,,0.0%,batter,101.6,2,501822,62.1,160,501822,303,Chris Hatcher,62.1,0.0%,0
row_475243,84.8,83.2,2016,,0.0%,batter,101.6,6,475243,68.2,246,475243,304,Travis Wood,75.3,0.0%,0
row_542513,93.3,86.4,2016,399,15.4%,batter,101.6,8,542513,45.4,222,542513,399,Tomas Telis,79.5,25.0%,2
row_455369,88.3,87.4,2016,397,1.1%,batter,101.6,61,455369,62.1,206,455369,397,Ramiro Pena,88.0,1.6%,1
row_573113,87.3,86.5,2016,,0.0%,batter,101.5,45,573113,56.8,187,573113,347,Tony Renda,85.9,0.0%,0
row_543734,90.5,78.4,2016,,0.0%,batter,101.5,17,543734,45.8,197,543734,374,Chris Rusin,79.4,0.0%,0
row_543829,85.1,82.5,2016,377,0.0%,batter,101.5,234,543829,48.6,175,543829,377,Dee Gordon,81.3,0.0%,0
row_547179,97.7,97.0,2016,398,20.0%,batter,101.4,3,547179,93.9,286,547179,398,Michael Lorenzen,95.7,33.3%,1
row_605508,,82.3,2016,,0.0%,batter,101.4,2,605508,63.3,132,605508,165,Charlie Tilson,82.3,0.0%,0
row_457789,92.0,86.7,2016,,3.5%,batter,101.4,32,457789,50.2,217,457789,384,Jemile Weeks,79.9,6.3%,2
row_477132,90.4,88.0,2016,,0.0%,batter,101.4,28,477132,62.8,172,477132,355,Clayton Kershaw,87.3,0.0%,0
row_477003,78.8,80.7,2016,,0.0%,batter,101.3,14,477003,40.1,117,477003,306,Jonathon Niese,81.2,0.0%,0
row_572788,96.8,98.2,2016,409,20.0%,batter,101.1,3,572788,93.1,276,572788,409,Tyler Cravy,101.1,33.3%,1
row_518560,,78.9,2016,,0.0%,batter,101.1,8,518560,52.4,110,518560,157,Paul Clemens,82.7,0.0%,0
row_628711,91.2,86.3,2016,,0.0%,batter,101.0,10,628711,54.5,132,628711,318,Julio Urias,88.0,0.0%,0
row_468504,75.8,79.4,2016,,0.0%,batter,101.0,6,468504,65.3,188,468504,270,Jhoulys Chacin,86.4,0.0%,0
row_621121,93.6,93.6,2016,,0.0%,batter,101.0,2,621121,86.2,250,621121,288,Lance McCullers,,0.0%,0
row_435180,86.3,83.8,2016,,0.0%,batter,101.0,20,435180,59.5,181,435180,317,Robert Andino,83.2,0.0%,0
row_571578,85.9,83.1,2016,,0.0%,batter,100.9,29,571578,60.4,188,571578,308,Patrick Corbin,81.2,0.0%,0
row_452672,86.2,82.2,2016,406,0.0%,batter,100.8,64,452672,38.3,189,452672,406,Ryan Hanigan,80.0,0.0%,0
row_607192,97.7,99.2,2016,,0.0%,batter,100.7,2,607192,97.7,183,607192,238,Tyler Glasnow,100.7,0.0%,0
row_571946,99.3,93.9,2016,,5.9%,batter,100.7,7,571946,65.6,254,571946,400,Shelby Miller,86.8,28.6%,2
row_592239,87.4,84.1,2016,,0.0%,batter,100.7,15,592239,56.1,217,592239,387,Todd Cunningham,77.9,0.0%,0
row_605538,83.9,84.4,2016,,0.0%,batter,100.7,20,605538,70.1,144,605538,326,Matt Wisler,84.6,0.0%,0
row_461829,85.5,81.0,2016,,0.0%,batter,100.5,20,461829,61.3,195,461829,378,Gio Gonzalez,76.4,0.0%,0
row_501697,,91.2,2016,,0.0%,batter,100.5,2,501697,81.9,136,501697,146,Jhan Marinez,100.5,0.0%,0
row_643393,88.9,85.0,2016,391,0.7%,batter,100.5,77,643393,57.7,207,643393,391,Tony Kemp,82.1,1.3%,1
row_502273,81.8,77.8,2016,,4.2%,batter,100.5,13,502273,58.0,177,502273,372,Mike Freeman,74.8,7.7%,1
row_493128,87.2,86.2,2016,,0.0%,batter,100.4,10,493128,62.7,211,493128,290,Munenori Kawasaki,85.3,0.0%,0
row_607732,94.2,93.5,2016,,0.0%,batter,100.4,7,607732,82.8,198,607732,358,Jacob Stallings,93.0,0.0%,0
row_543308,99.1,99.8,2016,,0.0%,batter,100.4,2,543308,99.1,191,543308,241,John Hicks,100.4,0.0%,0
row_570489,93.5,82.1,2016,,5.3%,batter,100.3,10,570489,55.3,178,570489,384,Arismendy Alcantara,74.5,10.0%,1
row_465753,90.2,89.8,2016,,4.0%,batter,100.3,6,465753,77.6,245,465753,391,Pedro Florimon,89.1,16.7%,1
row_596129,79.3,79.9,2016,,0.0%,batter,100.2,6,596129,47.4,146,596129,259,Daniel Vogelbach,80.2,0.0%,0
row_608718,,100.2,2016,,0.0%,batter,100.2,1,608718,100.2,108,608718,108,Brent Suter,100.2,0.0%,0
row_607067,83.2,82.6,2016,,0.0%,batter,100.0,15,607067,57.9,199,607067,341,Colin Rea,85.3,0.0%,0
row_453203,87.2,83.9,2016,340,0.0%,batter,99.9,73,453203,55.0,186,453203,378,Shane Robinson,82.3,0.0%,0
row_578570,99.5,84.7,2016,,0.0%,batter,99.9,5,578570,71.2,233,578570,389,Juniel Querecuto,71.5,0.0%,0
row_502009,88.0,88.0,2016,392,0.0%,batter,99.9,2,502009,76.2,326,502009,392,Mat Latos,,0.0%,0
row_491708,,99.9,2016,,0.0%,batter,99.9,1,491708,99.9,147,491708,147,Arquimedes Caminero,99.9,0.0%,0
row_285064,92.2,94.8,2016,,0.0%,batter,99.9,3,285064,91.2,239,285064,302,Ryan Vogelsong,99.9,0.0%,0
row_461416,92.7,83.8,2016,,0.0%,batter,99.8,10,461416,61.1,174,461416,316,Will Venable,83.2,0.0%,0
row_596133,97.9,85.0,2016,,0.0%,batter,99.8,7,596133,64.0,166,596133,280,Luke Weaver,79.8,0.0%,0
row_446372,99.6,99.6,2016,,0.0%,batter,99.6,1,446372,99.6,192,446372,192,Corey Kluber,,0.0%,0
row_543101,91.6,90.1,2016,,0.0%,batter,99.6,18,543101,74.2,189,543101,349,Anthony DeSclafani,88.8,0.0%,0
row_518774,76.5,76.0,2016,,4.0%,batter,99.4,10,518774,56.7,162,518774,399,Matt Harvey,79.5,10.0%,1
row_640463,84.1,82.2,2016,,0.0%,batter,99.3,11,640463,64.8,186,640463,381,Braden Shipley,83.8,0.0%,0
row_542881,86.1,78.7,2016,395,0.0%,batter,99.3,22,542881,60.8,178,542881,395,Tyler Anderson,75.8,0.0%,0
row_571927,90.6,83.8,2016,,2.2%,batter,99.3,26,571927,54.7,185,571927,395,Steven Matz,78.7,3.8%,1
row_573185,92.6,89.5,2016,,0.0%,batter,99.3,7,573185,73.3,149,573185,319,Dan Straily,89.0,0.0%,0
row_457926,83.6,81.6,2016,,0.0%,batter,99.2,24,457926,61.4,207,457926,351,Paul Janish,84.5,0.0%,0
row_570639,,95.7,2016,,0.0%,batter,99.2,2,570639,92.2,223,570639,240,Yefri Perez,95.7,0.0%,0
row_547007,88.2,89.4,2016,,0.0%,batter,99.1,5,547007,77.3,147,547007,236,Rob Whalen,90.3,0.0%,0
row_643230,84.4,92.3,2016,,0.0%,batter,99.0,6,643230,84.4,174,643230,295,Steven Brault,95.8,0.0%,0
row_489119,69.5,86.8,2016,,0.0%,batter,98.9,8,489119,69.5,77,489119,197,Wade Miley,89.2,0.0%,0
row_543272,86.3,87.1,2016,,20.0%,batter,98.9,3,543272,73.7,247,543272,371,Brad Hand,88.7,33.3%,1
row_519082,92.2,84.5,2016,,5.0%,batter,98.9,14,519082,44.0,218,519082,395,Nick Noonan,84.9,7.1%,1
row_595025,98.3,98.3,2016,,0.0%,batter,98.8,2,595025,97.9,238,595025,357,Zach Walters,,0.0%,0
row_543022,78.2,81.1,2016,,0.0%,batter,98.8,29,543022,38.0,161,543022,357,Tyler Chatwood,82.6,0.0%,0
row_595001,92.9,92.6,2016,,0.0%,batter,98.6,5,595001,80.7,203,595001,316,Josh Smith,92.4,0.0%,0
row_642239,,98.4,2016,,0.0%,batter,98.4,1,642239,98.4,100,642239,100,Rob Zastryzny,98.4,0.0%,0
row_543706,91.6,87.9,2016,,0.0%,batter,98.3,14,543706,67.0,206,543706,381,Daniel Robertson,85.2,0.0%,0
row_592779,98.2,98.2,2016,,0.0%,batter,98.2,1,592779,98.2,254,592779,254,Brock Stewart,,0.0%,0
row_467100,85.7,87.3,2016,,0.0%,batter,98.2,7,467100,76.0,194,467100,295,Ivan Nova,88.6,0.0%,0
row_456501,84.6,82.4,2016,,0.0%,batter,98.1,30,456501,60.4,173,456501,317,Johnny Cueto,83.1,0.0%,0
row_572750,85.0,80.8,2016,,0.0%,batter,98.1,8,572750,42.3,122,572750,298,Eddie Butler,86.5,0.0%,0
row_518653,81.2,81.7,2016,,0.0%,batter,97.9,51,518653,31.1,180,518653,382,Jake Elmore,82.1,0.0%,0
row_534947,88.2,89.8,2016,,0.0%,batter,97.8,9,534947,80.3,235,534947,314,Tim Adleman,91.9,0.0%,0
row_518715,,97.8,2016,,0.0%,batter,97.8,1,518715,97.8,269,518715,269,Cory Gearrin,97.8,0.0%,0
row_543408,88.5,82.6,2016,,0.0%,batter,97.6,19,543408,34.7,144,543408,332,Tom Koehler,84.0,0.0%,0
row_605200,81.9,78.3,2016,,0.0%,batter,97.6,23,605200,40.9,158,605200,338,Zach Davies,80.4,0.0%,0
row_543475,87.4,83.3,2016,,0.0%,batter,97.6,4,543475,61.0,214,543475,336,Jordan Lyles,97.6,0.0%,0
row_474865,81.9,84.1,2016,,0.0%,batter,97.5,7,474865,72.2,180,474865,327,Julio Borbon,87.2,0.0%,0
row_449173,97.4,83.0,2016,,0.0%,batter,97.4,3,449173,75.2,150,449173,313,Lucas Harrell,75.8,0.0%,0
row_502676,81.7,81.9,2016,,0.0%,batter,97.3,18,502676,43.9,222,502676,357,Cole Figueroa,84.2,0.0%,0
row_448306,72.3,87.1,2016,,0.0%,batter,97.0,7,448306,72.3,189,448306,263,James Shields,91.6,0.0%,0
row_503444,97.0,89.9,2016,,0.0%,batter,97.0,6,503444,74.2,142,503444,246,Joel De La Cruz,90.4,0.0%,0
row_573186,94.0,94.0,2016,,0.0%,batter,96.8,2,573186,91.3,339,573186,368,Marcus Stroman,,0.0%,0
row_592767,70.8,83.8,2016,,0.0%,batter,96.7,2,592767,70.8,171,592767,235,Drew Smyly,96.7,0.0%,0
row_476451,89.3,82.2,2016,,0.0%,batter,96.7,26,476451,39.2,152,476451,307,Jeremy Hellickson,79.6,0.0%,0
row_641771,85.9,86.2,2016,,0.0%,batter,96.7,8,641771,75.6,160,641771,285,Chad Kuhl,86.3,0.0%,0
row_543606,94.3,90.5,2016,,0.0%,batter,96.4,3,543606,80.8,146,543606,234,Jake Odorizzi,88.6,0.0%,0
row_407822,79.1,81.2,2016,,0.0%,batter,96.4,19,407822,40.0,164,407822,274,Jorge De La Rosa,82.1,0.0%,0
row_502327,96.2,86.3,2016,,0.0%,batter,96.2,2,502327,76.5,255,502327,375,Hector Santiago,76.5,0.0%,0
row_543184,77.4,83.7,2016,,0.0%,batter,96.2,8,543184,66.7,147,543184,248,Christian Friedrich,85.8,0.0%,0
row_621389,88.1,82.1,2016,,0.0%,batter,96.1,3,621389,62.1,121,621389,214,Ty Blach,79.1,0.0%,0
row_622072,96.1,79.9,2016,,0.0%,batter,96.1,7,622072,65.6,186,622072,363,Alex Wood,77.2,0.0%,0
row_608337,90.6,85.4,2016,,0.0%,batter,96.0,3,608337,69.6,177,608337,259,Lucas Giolito,82.8,0.0%,0
row_453385,91.1,86.1,2016,,0.0%,batter,96.0,8,453385,74.9,207,453385,360,Clayton Richard,81.1,0.0%,0
row_542674,,92.7,2016,,0.0%,batter,96.0,2,542674,89.3,143,542674,147,Gonzalez Germen,92.7,0.0%,0
row_518452,90.2,82.5,2016,,0.0%,batter,95.8,19,518452,55.3,133,518452,299,Chad Bettis,80.4,0.0%,0
row_605439,79.4,78.4,2016,,0.0%,batter,95.7,12,605439,59.7,125,605439,227,Michael Reed,78.1,0.0%,0
row_458006,95.7,95.7,2016,,0.0%,batter,95.7,1,458006,95.7,336,458006,336,Matt Albers,,0.0%,0
row_450729,,87.2,2016,,0.0%,batter,95.7,2,450729,78.7,89,450729,126,Doug Fister,87.2,0.0%,0
row_592433,80.7,81.9,2016,,0.0%,batter,95.5,7,592433,72.2,178,592433,286,Tyrell Jenkins,82.8,0.0%,0
row_544928,,95.4,2016,,0.0%,batter,95.4,1,544928,95.4,140,544928,140,Tyler Lyons,95.4,0.0%,0
row_542992,87.3,84.8,2016,,0.0%,batter,95.3,4,542992,77.3,205,542992,345,Andy Burns,77.3,0.0%,0
row_450172,,94.1,2016,,0.0%,batter,95.3,2,450172,92.9,142,450172,153,Edinson Volquez,94.1,0.0%,0
row_445060,95.2,95.2,2016,,0.0%,batter,95.2,1,445060,95.2,363,445060,363,Ricky Nolasco,,0.0%,0
row_434622,84.3,83.0,2016,,0.0%,batter,95.2,3,434622,73.3,219,434622,306,Ubaldo Jimenez,80.4,0.0%,0
row_430910,93.3,82.2,2016,,0.0%,batter,95.1,9,430910,65.1,181,430910,333,Brayan Pena,76.6,0.0%,0
row_543045,82.3,83.1,2016,,0.0%,batter,95.0,12,543045,63.6,166,543045,294,Adam Conley,83.6,0.0%,0
row_621244,,95.0,2016,,0.0%,batter,95.0,1,621244,95.0,202,621244,202,Jose Berrios,95.0,0.0%,0
row_628317,83.0,80.3,2016,358,0.0%,batter,94.9,31,628317,47.7,193,628317,358,Kenta Maeda,78.2,0.0%,0
row_431148,75.9,78.5,2016,,0.0%,batter,94.7,9,431148,46.1,185,431148,322,Scott Kazmir,80.7,0.0%,0
row_554234,86.2,89.2,2016,,0.0%,batter,94.7,8,554234,79.6,189,554234,346,Williams Perez,90.9,0.0%,0
row_534606,94.7,93.6,2016,,0.0%,batter,94.7,2,534606,92.5,210,534606,280,Ryan LaMarre,92.5,0.0%,0
row_527048,,94.4,2016,,0.0%,batter,94.4,1,527048,94.4,127,527048,127,Martin Perez,94.4,0.0%,0
row_502046,67.3,72.0,2016,,0.0%,batter,94.3,13,502046,49.0,88,502046,196,Jeff Locke,73.0,0.0%,0
row_430935,89.0,90.0,2016,,0.0%,batter,94.2,4,430935,84.0,198,430935,285,Cole Hamels,91.0,0.0%,0
row_605388,84.8,81.3,2016,,0.0%,batter,94.2,17,605388,48.9,156,605388,337,Adam Morgan,79.3,0.0%,0
row_433587,,81.7,2016,,0.0%,batter,94.0,2,433587,69.3,139,433587,141,Felix Hernandez,81.7,0.0%,0
row_593679,94.0,94.0,2016,,0.0%,batter,94.0,1,593679,94.0,305,593679,305,Gabriel Ynoa,,0.0%,0
row_543901,,67.5,2016,,0.0%,batter,94.0,2,543901,41.1,64,543901,126,Ryan Weber,67.5,0.0%,0
row_592254,,92.2,2016,,0.0%,batter,94.0,2,592254,90.4,120,592254,138,Jose De Leon,92.2,0.0%,0
row_623166,,93.8,2016,,0.0%,batter,93.8,1,623166,93.8,143,623166,143,Mike Miller,93.8,0.0%,0
row_458708,80.2,87.0,2016,,0.0%,batter,93.8,2,458708,80.2,286,458708,300,Josh Tomlin,93.8,0.0%,0
row_553883,93.8,93.8,2016,,0.0%,batter,93.8,1,553883,93.8,123,553883,123,Vicente Campos,,0.0%,0
row_503437,74.2,79.6,2016,,0.0%,batter,93.5,12,503437,68.6,145,503437,232,James Beresford,80.7,0.0%,0
row_502042,89.3,91.6,2016,,0.0%,batter,93.4,3,502042,89.3,167,502042,252,Chris Archer,92.8,0.0%,0
row_592593,85.4,76.5,2016,,0.0%,batter,93.3,7,592593,41.8,151,592593,327,Justin Nicolino,73.0,0.0%,0
row_621281,,93.2,2016,,0.0%,batter,93.2,1,621281,93.2,146,621281,146,Tyler Wagner,93.2,0.0%,0
row_572362,84.5,87.3,2016,,0.0%,batter,92.9,3,572362,83.7,247,572362,327,Robbie Erlin,92.9,0.0%,0
row_621052,80.6,82.3,2016,,0.0%,batter,92.9,9,621052,68.0,154,621052,266,Alex Reyes,83.7,0.0%,0
row_450203,92.7,91.7,2016,,0.0%,batter,92.7,2,450203,90.6,167,450203,327,Charlie Morton,90.6,0.0%,0
row_424144,,92.7,2016,,0.0%,batter,92.7,1,424144,92.7,180,424144,180,Oliver Perez,92.7,0.0%,0
row_548389,90.0,80.7,2016,,0.0%,batter,92.6,11,548389,55.5,153,548389,327,Ross Stripling,77.5,0.0%,0
row_612672,78.3,75.1,2016,,0.0%,batter,92.5,12,612672,55.6,119,612672,286,Wei-Yin Chen,74.5,0.0%,0
row_545358,86.0,81.2,2016,,0.0%,batter,92.4,7,545358,46.6,141,545358,331,Max Stassi,79.3,0.0%,0
row_642229,,92.3,2016,,0.0%,batter,92.3,1,642229,92.3,130,642229,130,Daniel Wright,92.3,0.0%,0
row_595918,73.2,82.8,2016,,0.0%,batter,92.3,2,595918,73.2,186,595918,261,A.J. Cole,92.3,0.0%,0
row_457918,85.6,86.3,2016,,0.0%,batter,92.1,3,457918,79.2,231,457918,304,J.A. Happ,,0.0%,0
row_519076,81.6,76.6,2016,,0.0%,batter,91.9,14,519076,40.8,139,519076,274,Jimmy Nelson,74.3,0.0%,0
row_519301,,84.4,2016,,0.0%,batter,91.6,2,519301,77.2,134,519301,145,Sammy Solis,84.4,0.0%,0
row_467055,91.6,80.7,2016,,0.0%,batter,91.6,2,467055,69.7,254,467055,317,Pablo Sandoval,,0.0%,0
row_518991,91.3,66.3,2016,,0.0%,batter,91.3,5,518991,45.2,146,518991,302,Darin Mastroianni,60.0,0.0%,0
row_605253,91.2,91.2,2016,,0.0%,batter,91.2,1,605253,91.2,358,605253,358,Terrance Gore,,0.0%,0
row_500887,91.2,91.2,2016,,0.0%,batter,91.2,1,500887,91.2,349,500887,349,Josmil Pinto,,0.0%,0
row_606160,90.7,90.0,2016,,0.0%,batter,90.7,2,606160,89.2,232,606160,328,Rafael Montero,89.2,0.0%,0
row_501255,90.3,82.5,2016,,0.0%,batter,90.3,2,501255,74.8,214,501255,318,Rafael Ynoa,74.8,0.0%,0
row_543424,85.1,82.0,2016,,0.0%,batter,90.1,4,543424,72.7,127,543424,312,John Lamb,81.0,0.0%,0
row_460283,,89.8,2016,,0.0%,batter,89.8,1,460283,89.8,145,460283,145,Jerry Blevins,89.8,0.0%,0
row_433589,,84.9,2016,,0.0%,batter,89.4,3,433589,79.5,128,433589,134,Yusmeiro Petit,84.9,0.0%,0
row_430661,,89.2,2016,,0.0%,batter,89.2,1,430661,89.2,141,430661,141,Dustin McGowan,89.2,0.0%,0
row_608665,,89.1,2016,,0.0%,batter,89.1,1,608665,89.1,101,608665,101,Kendall Graveman,89.1,0.0%,0
row_570714,89.1,66.8,2016,,0.0%,batter,89.1,3,570714,45.8,150,570714,258,Cesar Vargas,55.7,0.0%,0
row_475479,80.8,76.7,2016,,0.0%,batter,88.9,6,475479,52.2,151,475479,224,David Phelps,72.6,0.0%,0
row_518577,81.5,79.3,2016,,0.0%,batter,88.9,5,518577,67.1,140,518577,320,Collin Cowgill,77.9,0.0%,0
row_407908,88.6,88.6,2016,,0.0%,batter,88.6,1,407908,88.6,309,407908,309,Joel Peralta,,0.0%,0
row_502211,,88.6,2016,,0.0%,batter,88.6,1,502211,88.6,143,502211,143,Mike Bolsinger,88.6,0.0%,0
row_607374,88.4,88.4,2016,,0.0%,batter,88.4,1,607374,88.4,314,607374,314,Nick Tropeano,,0.0%,0
row_488810,88.2,66.4,2016,,0.0%,batter,88.2,2,488810,44.6,200,488810,318,Tony Cruz,,0.0%,0
row_543243,,88.2,2016,,0.0%,batter,88.2,1,543243,88.2,102,543243,102,Sonny Gray,88.2,0.0%,0
row_596112,81.0,84.6,2016,,0.0%,batter,88.1,2,596112,81.0,197,596112,270,Robert Stephenson,88.1,0.0%,0
row_543746,87.9,87.9,2016,,0.0%,batter,87.9,1,543746,87.9,307,543746,307,Rob Scahill,,0.0%,0
row_474463,,87.8,2016,,0.0%,batter,87.8,1,474463,87.8,111,474463,111,Brett Anderson,87.8,0.0%,0
row_429780,,87.7,2016,,0.0%,batter,87.7,1,429780,87.7,113,429780,113,Chris Narveson,87.7,0.0%,0
row_518633,86.9,85.2,2016,,0.0%,batter,86.9,2,518633,83.4,205,518633,294,Danny Duffy,83.4,0.0%,0
row_572888,74.6,80.7,2016,,0.0%,batter,86.9,2,572888,74.6,170,572888,231,Shane Greene,86.9,0.0%,0
row_502457,,86.7,2016,,0.0%,batter,86.7,1,502457,86.7,128,502457,128,Drew Hayes,86.7,0.0%,0
row_594742,77.3,76.1,2016,,0.0%,batter,86.0,4,594742,66.8,196,594742,327,Alec Asher,74.9,0.0%,0
row_453178,,85.5,2016,,0.0%,batter,85.5,1,453178,85.5,105,453178,105,Ian Kennedy,85.5,0.0%,0
row_523989,76.9,77.9,2016,,0.0%,batter,85.4,4,523989,69.5,147,523989,234,Rubby De La Rosa,78.3,0.0%,0
row_607257,,75.0,2016,,0.0%,batter,85.3,3,607257,68.5,97,607257,127,Raffy Lopez,75.0,0.0%,0
row_517414,,82.7,2016,,0.0%,batter,85.1,2,517414,80.4,111,517414,119,Randall Delgado,82.7,0.0%,0
row_446192,,85.1,2016,,0.0%,batter,85.1,1,446192,85.1,202,446192,202,Adam Moore,,0.0%,0
row_502043,,84.7,2016,,0.0%,batter,84.7,1,502043,84.7,135,502043,135,Kyle Gibson,84.7,0.0%,0
row_543521,80.9,82.6,2016,,0.0%,batter,84.2,2,543521,80.9,192,543521,248,Collin McHugh,84.2,0.0%,0
row_519242,,83.2,2016,,0.0%,batter,84.1,2,519242,82.2,79,519242,98,Chris Sale,83.2,0.0%,0
row_592274,,84.0,2016,,0.0%,batter,84.0,1,592274,84.0,7,592274,7,Matt Duffy,84.0,0.0%,0
row_517593,,83.3,2016,,0.0%,batter,83.3,1,517593,83.3,142,517593,142,Danny Salazar,,0.0%,0
row_518911,,82.9,2016,,0.0%,batter,82.9,1,518911,82.9,86,518911,86,Andrew Lambo,82.9,0.0%,0
row_517448,63.1,72.7,2016,,0.0%,batter,82.3,2,517448,63.1,150,517448,187,Wilfredo Boscan,82.3,0.0%,0
row_605222,,81.5,2016,,0.0%,batter,81.5,1,605222,81.5,54,605222,54,Jake Esch,81.5,0.0%,0
row_456701,,75.3,2016,,0.0%,batter,81.5,5,456701,71.9,100,456701,154,Homer Bailey,75.3,0.0%,0
row_572971,,81.0,2016,,0.0%,batter,81.0,1,572971,81.0,16,572971,16,Dallas Keuchel,81.0,0.0%,0
row_518716,80.7,80.7,2016,,0.0%,batter,80.7,1,518716,80.7,287,518716,287,Dillon Gee,,0.0%,0
row_501936,,80.0,2016,,0.0%,batter,80.0,1,501936,80.0,124,501936,124,Matt Buschmann,80.0,0.0%,0
row_502706,,80.0,2016,,0.0%,batter,80.0,1,502706,80.0,4,502706,4,Derek Holland,80.0,0.0%,0
row_571602,79.8,79.8,2016,,0.0%,batter,79.8,1,571602,79.8,224,571602,224,Matt Davidson,,0.0%,0
row_542882,,79.3,2016,,0.0%,batter,79.3,1,542882,79.3,121,542882,121,Matt Andriese,79.3,0.0%,0
row_570649,79.0,79.0,2016,,0.0%,batter,79.0,1,570649,79.0,201,570649,201,Yordano Ventura,,0.0%,0
row_502239,77.3,73.4,2016,,0.0%,batter,78.9,4,502239,60.1,99,502239,158,Trevor Cahill,69.5,0.0%,0
row_594943,,78.8,2016,,0.0%,batter,78.8,1,594943,78.8,53,594943,53,Zach Neal,78.8,0.0%,0
row_430641,,78.7,2016,,0.0%,batter,78.7,1,430641,78.7,150,430641,150,Blaine Boyer,78.7,0.0%,0
row_467008,,78.0,2016,,0.0%,batter,78.0,1,467008,78.0,3,467008,3,Pedro Strop,78.0,0.0%,0
row_570632,76.7,73.9,2016,,0.0%,batter,77.0,3,570632,68.2,181,570632,248,Jose Urena,68.2,0.0%,0
row_433584,,77.0,2016,,0.0%,batter,77.0,1,433584,77.0,4,433584,4,Roberto Hernandez,77.0,0.0%,0
row_543391,,76.8,2016,,0.0%,batter,76.8,1,543391,76.8,136,543391,136,Casey Kelly,76.8,0.0%,0
row_571710,,76.3,2016,,0.0%,batter,76.3,1,571710,76.3,117,571710,117,Mychal Givens,76.3,0.0%,0
row_608566,75.7,75.7,2016,,0.0%,batter,75.7,1,608566,75.7,277,608566,277,German Marquez,,0.0%,0
row_553869,70.8,72.9,2016,,0.0%,batter,74.9,2,553869,70.8,53,553869,102,Elias Diaz,74.9,0.0%,0
row_435221,,74.5,2016,,0.0%,batter,74.7,2,435221,74.2,129,435221,147,Brandon McCarthy,74.5,0.0%,0
row_543380,74.6,70.0,2016,,0.0%,batter,74.6,3,543380,64.0,117,543380,239,Taylor Jungmann,67.8,0.0%,0
row_605182,,60.2,2016,,0.0%,batter,74.2,2,605182,46.2,58,605182,114,Mike Clevinger,60.2,0.0%,0
row_571871,,73.2,2016,,0.0%,batter,73.2,1,571871,73.2,134,571871,134,Ian Krol,73.2,0.0%,0
row_643297,,73.1,2016,,0.0%,batter,73.1,1,643297,73.1,148,643297,148,Cody Ege,73.1,0.0%,0
row_450308,,53.9,2016,,0.0%,batter,72.5,2,450308,35.2,26,450308,51,Jered Weaver,53.9,0.0%,0
row_572102,,72.4,2016,,0.0%,batter,72.4,1,572102,72.4,130,572102,130,Keyvius Sampson,72.4,0.0%,0
row_429722,,71.5,2016,,0.0%,batter,71.5,1,429722,71.5,133,429722,133,Ervin Santana,71.5,0.0%,0
row_607259,,71.2,2016,,0.0%,batter,71.2,1,607259,71.2,124,607259,124,Nick Martinez,71.2,0.0%,0
row_434378,71.2,71.2,2016,,0.0%,batter,71.2,1,434378,71.2,227,434378,227,Justin Verlander,,0.0%,0
row_500779,,71.2,2016,,0.0%,batter,71.2,1,500779,71.2,97,500779,97,Jose Quintana,71.2,0.0%,0
row_519144,,66.3,2016,,0.0%,batter,71.1,2,519144,61.6,129,519144,146,Rick Porcello,66.3,0.0%,0
row_501992,,71.0,2016,,0.0%,batter,71.0,1,501992,71.0,98,501992,98,Nathan Karns,71.0,0.0%,0
row_462136,70.3,70.3,2016,,0.0%,batter,70.3,1,462136,70.3,110,462136,110,Marco Estrada,,0.0%,0
row_571882,,70.0,2016,,0.0%,batter,70.0,1,571882,70.0,104,571882,104,Derek Law,70.0,0.0%,0
row_434671,69.4,62.1,2016,,0.0%,batter,69.4,2,434671,54.8,125,434671,213,Anibal Sanchez,54.8,0.0%,0
row_605483,,68.8,2016,,0.0%,batter,68.8,1,605483,68.8,88,605483,88,Blake Snell,68.8,0.0%,0
row_608717,,67.8,2016,,0.0%,batter,67.8,1,608717,67.8,125,608717,125,Chris Stratton,67.8,0.0%,0
row_543456,,67.0,2016,,0.0%,batter,67.0,1,543456,67.0,64,543456,64,Kyle Lobstein,67.0,0.0%,0
row_456034,,65.6,2016,,0.0%,batter,65.6,1,456034,65.6,112,456034,112,David Price,65.6,0.0%,0
row_425856,,61.2,2016,,0.0%,batter,61.2,1,425856,61.2,52,425856,52,Gavin Floyd,61.2,0.0%,0
row_453214,59.2,59.2,2016,,0.0%,batter,59.2,1,453214,59.2,131,453214,131,Steven Wright,,0.0%,0
row_471822,,51.0,2016,,0.0%,batter,51.0,1,471822,51.0,86,471822,86,Jumbo Diaz,51.0,0.0%,0
row_642003,,50.9,2016,,0.0%,batter,50.9,1,642003,50.9,100,642003,100,Cody Reed,50.9,0.0%,0
row_548357,,47.6,2016,,0.0%,batter,47.6,1,548357,47.6,1,548357,1,Christian Bergman,47.6,0.0%,0
row_518883,,44.1,2016,,0.0%,batter,44.1,1,518883,44.1,3,518883,3,Dean Kiekhefer,44.1,0.0%,0
