unique_id,Name,PlayerID,Team_x,avg_distance,k_rate,bb_rate,avg_exit_vel,barrels_per_bbe,LD_per,x_wOBA,year
0,Giancarlo Stanton,4949,Marlins,234,0.298,0.126,95.1,0.173,16.7,0.366,2017
1,Jonathan Schoop,11265,Orioles,203,0.212,0.045,87.8,0.075,19.8,0.297,2017
2,Tyler Flowers,9134,Braves,225,0.28,0.126,94.0,0.131,18.6,0.349,2017
3,Carlos Correa,14162,Astros,213,0.211,0.129,91.8,0.081,22.4,0.346,2017
4,Enrique Hernandez,10472,Dodgers,219,0.262,0.119,89.0,0.066,17.1,0.294,2017
5,Carlos Gonzalez,7287,Rockies,226,0.204,0.084,91.1,0.094,21.3,0.338,2017
6,Nomar Mazara,14553,Rangers,206,0.197,0.081,88.5,0.061,21.4,0.311,2017
7,Mark Trumbo,6876,Orioles,235,0.255,0.082,93.9,0.174,17.4,0.365,2017
8,Mike Trout,10155,Angels,234,0.201,0.204,91.7,0.155,22.1,0.411,2017
9,Avisail Garcia,5760,White Sox,210,0.254,0.084,91.0,0.088,21.7,0.32,2017
10,Ryan Rua,12409,Rangers,209,0.283,0.108,91.5,0.075,19.4,0.305,2017
11,Manny Machado,11493,Orioles,233,0.172,0.086,91.2,0.102,20.0,0.349,2017
12,Mac Williamson,14158,Giants,217,0.276,0.118,93.1,0.109,16.9,0.327,2017
13,Albert Pujols,1177,Angels,230,0.115,0.088,92.5,0.099,16.6,0.357,2017
14,Kennys Vargas,12101,Twins,247,0.322,0.141,91.6,0.138,14.6,0.326,2017
15,Nelson Cruz,2434,Mariners,236,0.238,0.114,95.9,0.178,18.1,0.39,2017
16,Khris Davis,9112,Athletics,235,0.272,0.082,92.7,0.182,17.0,0.36,2017
17,Ben Paulsen,9741,Rockies,199,0.278,0.062,86.9,0.052,13.8,0.247,2017
18,George Springer,12856,Astros,219,0.239,0.136,90.3,0.115,20.3,0.347,2017
19,Martin Maldonado,6887,Brewers,214,0.221,0.198,87.9,0.09,17.9,0.339,2017
20,Kendrys Morales,8610,Royals,237,0.194,0.092,93.9,0.116,20.1,0.362,2017
21,Matt Holliday,1873,Cardinals,224,0.167,0.103,94.7,0.094,14.1,0.342,2017
22,C.J. Cron,12546,Angels,225,0.169,0.072,89.9,0.077,19.6,0.326,2017
23,Max Kepler,12144,Twins,213,0.208,0.107,90.1,0.036,16.3,0.29,2017
24,Jose Bautista,1887,Blue Jays,222,0.199,0.176,92.6,0.088,18.8,0.358,2017
25,Chris Johnson,1191,Marlins,213,0.295,0.083,90.9,0.054,27.3,0.307,2017
26,Aaron Judge,15640,Yankees,244,0.442,0.105,95.5,0.119,14.0,0.282,2017
27,Michael Conforto,16376,Mets,232,0.256,0.124,90.9,0.108,18.8,0.334,2017
28,Pedro Alvarez,2495,Orioles,225,0.258,0.101,94.1,0.144,16.5,0.35,2017
29,Eric Hosmer,3516,Royals,213,0.198,0.094,93.4,0.101,16.5,0.337,2017
30,Keon Broxton,9253,Brewers,239,0.361,0.148,95.0,0.111,25.0,0.346,2017
31,Lucas Duda,2502,Mets,227,0.209,0.11,90.2,0.081,23.5,0.341,2017
32,Tyler Holt,11391,Reds,194,0.231,0.12,84.1,0.009,22.8,0.272,2017
33,Hanley Ramirez,8001,Red Sox,218,0.194,0.116,91.3,0.095,18.8,0.342,2017
34,Ryan Braun,3410,Brewers,208,0.174,0.106,91.3,0.102,19.3,0.35,2017
35,Mookie Betts,13611,Red Sox,220,0.11,0.071,90.6,0.054,19.3,0.33,2017
36,Jorge Soler,14221,Cubs,230,0.25,0.129,91.0,0.118,17.1,0.337,2017
37,Jayson Werth,1327,Nationals,233,0.229,0.124,92.3,0.078,17.3,0.324,2017
38,J.D. Martinez,6184,Tigers,236,0.248,0.104,91.9,0.134,21.4,0.358,2017
39,Freddie Freeman,5361,Braves,245,0.247,0.169,91.7,0.14,29.1,0.404,2017
40,Yoenis Cespedes,13110,Mets,237,0.199,0.122,92.7,0.105,21.5,0.363,2017
41,Yasiel Puig,14225,Dodgers,207,0.201,0.084,91.6,0.067,16.4,0.308,2017
42,Justin Upton,5222,Tigers,236,0.286,0.091,92.3,0.136,18.3,0.335,2017
43,Nick Markakis,5930,Braves,219,0.148,0.124,91.4,0.049,21.9,0.342,2017
44,Chris Carter,9911,Brewers,251,0.32,0.134,92.6,0.178,19.5,0.367,2017
45,Miguel Cabrera,1744,Tigers,244,0.171,0.138,94.5,0.165,22.7,0.42,2017
46,Yasmany Tomas,17171,Diamondbacks,231,0.242,0.064,91.3,0.117,21.0,0.335,2017
47,Miguel Sano,12164,Twins,249,0.36,0.113,93.2,0.148,20.2,0.337,2017
48,Mike Napoli,3057,Indians,232,0.301,0.132,90.6,0.147,18.5,0.343,2017
49,Randal Grichuk,10243,Cardinals,231,0.295,0.065,92.3,0.106,15.7,0.3,2017
50,Rickie Weeks Jr.,1849,Diamondbacks,237,0.263,0.117,93.4,0.158,18.1,0.364,2017
51,Josh Donaldson,5038,Blue Jays,233,0.17,0.177,93.1,0.125,21.3,0.398,2017
52,David Peralta,2136,Diamondbacks,205,0.23,0.066,90.2,0.046,20.8,0.292,2017
53,Jonathan Villar,10071,Brewers,206,0.256,0.125,90.9,0.064,20.3,0.312,2017
54,Jarrett Parker,11624,Giants,213,0.291,0.166,87.1,0.069,19.5,0.301,2017
55,Justin Bour,9744,Marlins,227,0.174,0.146,92.6,0.106,21.7,0.377,2017
56,Scott Schebler,12225,Reds,200,0.209,0.096,90.7,0.058,18.4,0.306,2017
57,Evan Gattis,11003,Astros,224,0.255,0.106,90.0,0.112,17.9,0.325,2017
58,Logan Morrison,9205,Rays,219,0.224,0.111,91.5,0.086,21.1,0.335,2017
59,Ryan Zimmerman,4220,Nationals,222,0.223,0.075,93.7,0.08,16.7,0.316,2017
60,Marcell Ozuna,10324,Marlins,221,0.189,0.081,91.5,0.085,19.5,0.331,2017
61,Gregory Polanco,12907,Pirates,225,0.203,0.101,90.7,0.062,24.0,0.332,2017
62,Danny Valencia,6364,Athletics,216,0.222,0.087,90.7,0.077,23.2,0.328,2017
63,Hunter Pence,8252,Giants,206,0.215,0.102,91.9,0.078,16.8,0.317,2017
64,Willson Contreras,11609,Cubs,209,0.237,0.106,88.3,0.094,17.9,0.313,2017
65,Cameron Rupp,11146,Phillies,219,0.272,0.069,92.2,0.098,17.4,0.307,2017
66,Christian Yelich,11477,Marlins,205,0.209,0.121,93.3,0.102,23.4,0.363,2017
67,Steven Souza Jr.,5667,Rays,224,0.34,0.077,90.2,0.11,24.9,0.315,2017
68,Mike Zunino,13265,Mariners,245,0.339,0.141,90.8,0.159,18.2,0.342,2017
69,Odubel Herrera,11476,Phillies,216,0.204,0.116,88.5,0.048,21.6,0.312,2017
70,Todd Frazier,785,White Sox,230,0.245,0.104,89.9,0.108,15.7,0.318,2017
71,Trea Turner,16252,Nationals,227,0.182,0.046,90.5,0.075,25.2,0.334,2017
72,Brandon Moss,4467,Cardinals,250,0.304,0.106,89.2,0.145,20.4,0.337,2017
73,Anthony Rizzo,3473,Cubs,231,0.16,0.145,89.8,0.1,20.3,0.364,2017
74,Ketel Marte,13613,Mariners,187,0.18,0.043,85.9,0.003,21.8,0.264,2017
75,Daniel Murphy,4316,Nationals,239,0.098,0.091,91.3,0.089,21.8,0.371,2017
76,Robinson Cano,3269,Mariners,217,0.14,0.088,90.8,0.077,18.0,0.335,2017
77,David Ortiz,745,Red Sox,250,0.137,0.155,94.2,0.158,22.1,0.427,2017
78,Jose Abreu,15676,White Sox,216,0.18,0.099,90.1,0.078,21.3,0.336,2017
79,Brandon Drury,11615,Diamondbacks,214,0.2,0.072,89.7,0.062,20.3,0.309,2017
80,Starlin Castro,4579,Yankees,212,0.193,0.046,89.0,0.059,20.7,0.301,2017
81,Xander Bogaerts,12161,Red Sox,208,0.171,0.089,90.0,0.062,19.6,0.32,2017
82,Wil Myers,10047,Padres,221,0.237,0.108,89.2,0.078,21.4,0.32,2017
83,Maikel Franco,12179,Phillies,213,0.168,0.083,90.3,0.07,20.0,0.326,2017
84,Alex Dickerson,12649,Padres,218,0.154,0.112,89.7,0.07,22.4,0.345,2017
85,Steven Moya,11854,Tigers,240,0.38,0.05,93.1,0.093,26.3,0.302,2017
86,Brad Miller,12775,Rays,227,0.248,0.083,91.7,0.106,18.5,0.325,2017
87,Gary Sanchez,11442,Yankees,224,0.249,0.122,94.1,0.188,16.4,0.382,2017
88,Prince Fielder,4613,Rangers,212,0.17,0.108,89.4,0.062,19.1,0.322,2017
89,Kevin Pillar,12434,Blue Jays,201,0.154,0.051,87.6,0.027,20.5,0.289,2017
90,Mitch Haniger,14274,Diamondbacks,235,0.22,0.122,93.1,0.056,18.1,0.32,2017
91,Clint Robinson,6908,Nationals,212,0.173,0.098,88.3,0.042,16.0,0.294,2017
92,Adam Lind,8027,Mariners,228,0.207,0.07,92.2,0.09,20.1,0.331,2017
93,Edwin Encarnacion,2151,Blue Jays,227,0.197,0.135,91.5,0.123,20.4,0.369,2017
94,Bryce Harper,11579,Nationals,223,0.187,0.209,89.5,0.088,17.2,0.355,2017
95,Charlie Blackmon,7859,Rockies,234,0.159,0.094,88.1,0.069,27.8,0.351,2017
96,Salvador Perez,7304,Royals,226,0.218,0.06,89.6,0.064,18.4,0.296,2017
97,Corey Dickerson,10762,Rays,233,0.245,0.075,89.8,0.108,17.5,0.316,2017
98,Tyler Naquin,13359,Indians,221,0.307,0.121,91.5,0.08,23.4,0.318,2017
99,Corey Seager,13624,Dodgers,228,0.194,0.092,91.5,0.084,24.4,0.349,2017
100,Kris Bryant,15429,Cubs,237,0.22,0.14,89.8,0.129,23.7,0.373,2017
101,Tyler Austin,11850,Yankees,219,0.4,0.078,89.2,0.186,17.0,0.311,2017
102,Tommy Joseph,10349,Phillies,235,0.216,0.075,90.9,0.125,17.9,0.339,2017
103,Steve Pearce,9957,FA,223,0.179,0.129,90.4,0.092,19.0,0.346,2017
104,Cameron Maybin,5223,Tigers,193,0.176,0.1,88.5,0.032,21.7,0.305,2017
105,Mitch Moreland,3086,Rangers,229,0.235,0.095,91.4,0.107,21.1,0.34,2017
106,Chris Iannetta,8267,Mariners,215,0.246,0.118,89.7,0.065,22.4,0.317,2017
107,Billy Butler,7399,FA,221,0.153,0.08,90.6,0.07,28.9,0.361,2017
108,Joc Pederson,11899,Dodgers,234,0.273,0.149,93.2,0.135,20.6,0.364,2017
109,Carlos Gomez,4881,FA,199,0.3,0.091,87.8,0.076,21.0,0.288,2017
110,Trevor Story,12564,Rockies,256,0.313,0.101,91.5,0.149,23.6,0.354,2017
111,Travis Shaw,11982,Red Sox,230,0.251,0.094,89.6,0.088,19.1,0.312,2017
112,Javier Baez,12979,Cubs,217,0.24,0.064,89.1,0.072,19.5,0.297,2017
113,Alex Rodriguez,1274,Yankees,203,0.276,0.062,90.7,0.084,18.6,0.294,2017
114,Danny Espinosa,9219,Nationals,225,0.29,0.143,91.1,0.108,18.2,0.327,2017
115,Christian Bethancourt,10028,Padres,223,0.275,0.049,88.9,0.087,16.1,0.28,2017
116,Aledmys Diaz,15937,Cardinals,221,0.13,0.117,90.2,0.049,15.6,0.321,2017
117,Welington Castillo,3256,Diamondbacks,229,0.265,0.088,89.6,0.061,25.4,0.312,2017
118,Franklin Gutierrez,3255,Mariners,228,0.3,0.113,92.9,0.108,18.1,0.322,2017
119,Byungho Park,18497,Twins,230,0.328,0.107,89.0,0.187,16.7,0.34,2017
120,Jake Marisnick,11339,Astros,191,0.267,0.061,86.9,0.04,19.3,0.26,2017
121,Rougned Odor,12282,Rangers,226,0.214,0.036,90.5,0.084,17.6,0.303,2017
122,Michael Taylor,11489,Nationals,214,0.325,0.063,88.4,0.078,26.8,0.297,2017
123,Francisco Lindor,12916,Indians,212,0.129,0.095,89.3,0.045,22.4,0.331,2017
124,Peter Bourjos,2578,Phillies,193,0.238,0.06,88.4,0.026,17.0,0.258,2017
125,Eduardo Nunez,6848,FA,212,0.148,0.062,90.4,0.05,16.6,0.305,2017
126,Ian Desmond,6885,Rangers,205,0.236,0.075,91.5,0.082,20.6,0.317,2017
127,Paul Goldschmidt,9218,Diamondbacks,226,0.213,0.187,92.4,0.085,24.7,0.374,2017
128,Brett Wallace,8434,Padres,204,0.324,0.16,88.4,0.095,20.7,0.312,2017
129,Jay Bruce,9892,FA,233,0.214,0.092,89.3,0.091,21.9,0.332,2017
130,DJ LeMahieu,9874,Rockies,221,0.126,0.112,92.5,0.047,26.6,0.363,2017
131,Mark Reynolds,7619,Rockies,218,0.254,0.107,88.3,0.065,25.8,0.318,2017
132,Hyun Soo Kim,18718,Orioles,216,0.147,0.116,91.6,0.056,20.6,0.34,2017
133,Tommy Pham,2967,Cardinals,222,0.388,0.131,93.4,0.173,25.0,0.362,2017
134,Cheslor Cuthbert,10473,Royals,210,0.188,0.063,90.2,0.024,17.1,0.279,2017
135,Erik Kratz,4403,FA,216,0.368,0.011,90.9,0.065,8.2,0.211,2017
136,Bryce Brentz,10607,Red Sox,177,0.266,0.047,87.1,0.024,15.9,0.236,2017
137,Socrates Brito,12944,Diamondbacks,220,0.237,0.021,87.7,0.077,25.4,0.303,2017
138,Aaron Altherr,11270,Phillies,193,0.304,0.137,88.5,0.034,26.4,0.295,2017
139,Ryon Healy,15447,Athletics,223,0.212,0.049,89.3,0.101,19.6,0.319,2017
140,Seth Smith,7331,Mariners,210,0.203,0.13,90.0,0.093,21.6,0.346,2017
141,Paulo Orlando,8628,Royals,213,0.217,0.043,90.7,0.064,21.8,0.306,2017
142,Jake Lamb,13329,Diamondbacks,235,0.259,0.121,92.4,0.135,17.4,0.348,2017
143,Starling Marte,9241,Pirates,209,0.197,0.083,87.9,0.057,23.3,0.314,2017
144,Domingo Santana,10348,Brewers,223,0.324,0.121,93.8,0.121,30.1,0.366,2017
145,Leonys Martin,11846,Mariners,209,0.259,0.082,88.2,0.061,19.9,0.288,2017
146,Wilson Ramos,1433,Nationals,212,0.151,0.075,91.7,0.079,20.4,0.34,2017
147,Kevin Kiermaier,11038,Rays,205,0.179,0.116,88.8,0.042,20.6,0.313,2017
148,Josh Phegley,9308,Athletics,232,0.151,0.081,87.0,0.066,19.7,0.319,2017
149,Jeremy Hazelbaker,9399,Cardinals,208,0.286,0.089,88.2,0.112,14.8,0.294,2017
150,Andrew McCutchen,9847,Pirates,233,0.212,0.12,90.3,0.088,22.5,0.344,2017
151,Anthony Rendon,12861,Nationals,237,0.181,0.114,92.0,0.063,20.6,0.337,2017
152,Chris Davis,9272,Orioles,249,0.329,0.149,92.0,0.169,19.8,0.362,2017
153,Byron Buxton,14161,Twins,219,0.356,0.079,90.2,0.045,21.6,0.263,2017
154,Mike Moustakas,4892,Royals,224,0.115,0.08,92.1,0.104,18.7,0.363,2017
155,Sean Rodriguez,6589,Pirates,231,0.298,0.117,91.1,0.136,24.4,0.354,2017
156,Carlos Santana,2396,Indians,222,0.144,0.147,91.6,0.097,16.0,0.358,2017
157,Nolan Arenado,9777,Rockies,236,0.148,0.115,90.3,0.093,18.0,0.349,2017
158,Luis Valbuena,4969,Astros,229,0.237,0.137,88.3,0.091,21.2,0.332,2017
159,Kirk Nieuwenhuis,6400,Brewers,218,0.339,0.148,91.1,0.112,19.7,0.321,2017
160,Michael Saunders,9981,Blue Jays,231,0.281,0.118,90.8,0.085,22.5,0.324,2017
161,David Freese,9549,Pirates,201,0.289,0.116,91.5,0.08,19.0,0.306,2017
162,Abraham Almonte,5486,Indians,208,0.216,0.052,89.4,0.066,21.4,0.303,2017
163,David Wright,3787,Mets,261,0.335,0.159,92.4,0.203,28.0,0.411,2017
164,Troy Tulowitzki,3531,Blue Jays,228,0.186,0.09,90.7,0.102,19.2,0.341,2017
165,Oswaldo Arcia,10306,FA,219,0.36,0.086,86.8,0.099,24.6,0.293,2017
166,Matt Carpenter,8090,Cardinals,249,0.191,0.163,90.9,0.117,26.2,0.394,2017
167,Yasmani Grandal,11368,Dodgers,234,0.254,0.147,92.5,0.139,16.1,0.355,2017
168,Jose Iglesias,10231,Tigers,189,0.097,0.072,83.6,0.009,20.3,0.286,2017
169,Howie Kendrick,4229,Dodgers,200,0.177,0.101,90.9,0.063,19.4,0.324,2017
170,Jung Ho Kang,17182,Pirates,225,0.214,0.138,90.9,0.097,20.3,0.348,2017
171,Tim Beckham,7949,Rays,217,0.312,0.07,90.2,0.06,17.7,0.269,2017
172,Jonathan Lucroy,7870,FA,225,0.184,0.101,88.2,0.077,24.2,0.339,2017
173,Carlos Beltran,589,FA,220,0.17,0.069,90.7,0.072,20.9,0.328,2017
174,Matt Adams,9393,Cardinals,254,0.248,0.086,90.6,0.113,19.8,0.333,2017
175,Chris Young,3882,Red Sox,239,0.22,0.106,89.2,0.054,24.8,0.323,2017
176,Jason Heyward,4940,Cubs,201,0.157,0.1,87.4,0.03,20.5,0.303,2017
177,Jose Ramirez,13510,Indians,215,0.1,0.079,88.8,0.028,22.8,0.326,2017
178,Stephen Piscotty,13367,Cardinals,217,0.205,0.097,88.8,0.094,20.2,0.329,2017
179,Adam Duvall,10950,Reds,237,0.27,0.079,89.1,0.123,19.4,0.322,2017
180,Melvin Upton Jr.,5015,FA,214,0.288,0.074,88.7,0.064,17.6,0.274,2017
181,Lorenzo Cain,9077,Royals,211,0.194,0.083,89.2,0.05,22.7,0.313,2017
182,Albert Almora Jr.,14109,Cubs,213,0.171,0.043,88.3,0.053,27.8,0.324,2017
183,Juan Uribe,454,Indians,217,0.189,0.073,89.1,0.083,19.8,0.321,2017
184,Matt Kemp,5631,FA,235,0.232,0.064,88.8,0.112,20.5,0.325,2017
185,Russell Martin,4616,Blue Jays,220,0.277,0.14,89.8,0.098,17.9,0.319,2017
186,Trevor Plouffe,7462,Twins,222,0.174,0.061,91.0,0.074,19.9,0.324,2017
187,Xavier Scruggs,7409,Marlins,225,0.29,0.101,91.1,0.056,19.0,0.289,2017
188,Austin Romine,5491,Yankees,206,0.176,0.045,87.1,0.041,19.3,0.284,2017
189,Drew Stubbs,9328,FA,206,0.404,0.138,87.7,0.073,14.3,0.248,2017
190,Derek Dietrich,10542,Marlins,215,0.204,0.141,85.8,0.083,21.7,0.33,2017
191,Melky Cabrera,4022,White Sox,223,0.107,0.076,90.4,0.022,21.9,0.322,2017
192,Yonder Alonso,2530,Athletics,215,0.139,0.088,88.8,0.037,22.5,0.321,2017
193,Justin Morneau,1737,White Sox,213,0.239,0.064,91.0,0.043,19.6,0.287,2017
194,Adam Jones,6368,Orioles,227,0.171,0.068,89.5,0.081,16.5,0.315,2017
195,Preston Tucker,13633,Astros,203,0.278,0.069,90.5,0.075,16.0,0.281,2017
196,Jeff Francoeur,4792,FA,209,0.272,0.066,88.4,0.05,18.6,0.27,2017
197,Jean Segura,5933,Diamondbacks,216,0.146,0.075,89.9,0.069,19.1,0.326,2017
198,Tyler White,15564,Astros,216,0.236,0.094,89.0,0.073,17.7,0.301,2017
199,Jabari Blash,11247,Padres,190,0.405,0.155,82.2,0.118,16.2,0.265,2017
200,Jimmy Paredes,5481,FA,206,0.287,0.042,91.0,0.104,17.3,0.293,2017
201,Ben Zobrist,7435,Cubs,206,0.13,0.168,89.8,0.046,21.6,0.35,2017
202,Jefry Marte,5107,Angels,217,0.208,0.081,89.8,0.078,14.9,0.301,2017
203,Chris Heisey,3978,Nationals,224,0.284,0.097,87.3,0.1,19.1,0.302,2017
204,Jake Smolinski,5408,Athletics,212,0.138,0.082,88.7,0.044,22.2,0.322,2017
205,Buster Posey,9166,Giants,219,0.111,0.121,91.2,0.071,21.5,0.362,2017
206,Victor Martinez,393,Tigers,232,0.148,0.102,90.8,0.08,23.4,0.357,2017
207,Marwin Gonzalez,5497,Astros,210,0.228,0.054,89.8,0.06,20.6,0.296,2017
208,Justin Smoak,9054,Blue Jays,238,0.328,0.126,92.2,0.129,27.3,0.358,2017
209,Trayce Thompson,9952,Dodgers,209,0.252,0.099,89.1,0.112,16.5,0.315,2017
210,Yangervis Solarte,5352,Padres,220,0.142,0.081,89.3,0.044,21.9,0.322,2017
211,Evan Longoria,9368,Rays,242,0.21,0.074,91.6,0.128,21.4,0.356,2017
212,Rob Segedin,11446,Dodgers,215,0.265,0.096,91.6,0.042,17.0,0.281,2017
213,Matt Wieters,4298,Orioles,227,0.183,0.082,88.5,0.071,24.2,0.331,2017
214,Mikie Mahtook,13130,Rays,237,0.347,0.046,91.2,0.061,14.4,0.247,2017
215,Nick Hundley,3376,Rockies,222,0.205,0.091,90.9,0.056,17.8,0.306,2017
216,Roberto Perez,2900,Indians,199,0.239,0.125,90.0,0.063,15.5,0.297,2017
217,Brandon Barnes,629,Rockies,236,0.275,0.037,85.7,0.079,19.7,0.274,2017
218,Hector Sanchez,10289,FA,228,0.185,0.093,89.9,0.091,20.5,0.338,2017
219,Taylor Motter,12399,Rays,216,0.204,0.129,85.9,0.06,16.1,0.296,2017
220,Jacoby Ellsbury,4727,Yankees,205,0.134,0.091,87.4,0.017,22.8,0.307,2017
221,Adrian Beltre,639,Rangers,230,0.103,0.094,90.8,0.088,17.7,0.354,2017
222,Brett Eibner,11369,FA,210,0.24,0.096,86.0,0.074,18.2,0.291,2017
223,Ryan Raburn,2218,Rockies,218,0.312,0.117,91.6,0.071,15.8,0.286,2017
224,Darin Ruf,9929,Phillies,217,0.281,0.045,90.3,0.1,20.0,0.301,2017
225,Billy Burns,12701,FA,176,0.111,0.054,82.7,0.0,19.1,0.264,2017
226,Chris Herrmann,9284,Diamondbacks,244,0.265,0.102,90.6,0.116,17.3,0.325,2017
227,Brett Lawrie,5247,White Sox,223,0.284,0.089,90.0,0.058,19.3,0.286,2017
228,Jarrod Saltalamacchia,5557,Tigers,245,0.356,0.144,89.6,0.115,15.0,0.299,2017
229,Raul Mondesi,13769,Royals,216,0.322,0.054,90.5,0.097,11.8,0.264,2017
230,Dexter Fowler,4062,Cubs,227,0.225,0.163,88.4,0.063,23.8,0.336,2017
231,J.T. Realmuto,11739,Marlins,204,0.183,0.062,89.6,0.046,20.4,0.301,2017
232,Adam Rosales,9682,Padres,238,0.355,0.129,90.3,0.118,16.9,0.305,2017
233,Stephen Cardullo,11204,Rockies,228,0.203,0.051,85.7,0.026,25.0,0.285,2017
234,A.J. Reed,16246,Astros,213,0.34,0.128,89.1,0.09,12.0,0.271,2017
235,Kole Calhoun,11200,Angels,230,0.176,0.109,90.4,0.059,22.1,0.334,2017
236,Mark Teixeira,1281,Yankees,215,0.24,0.114,89.0,0.058,21.5,0.309,2017
237,Yunel Escobar,4191,Angels,191,0.118,0.076,89.8,0.032,21.2,0.318,2017
238,Ji-Man Choi,5452,Angels,205,0.209,0.132,91.2,0.055,16.5,0.31,2017
239,James McCann,12859,Tigers,229,0.292,0.067,88.8,0.093,18.4,0.291,2017
240,Logan Forsythe,7185,Rays,234,0.224,0.095,90.7,0.076,22.8,0.33,2017
241,Colby Rasmus,9893,Astros,230,0.29,0.103,89.1,0.093,21.1,0.311,2017
242,Brandon Crawford,5343,Giants,226,0.185,0.114,89.6,0.048,21.3,0.321,2017
243,Nolan Reimold,3441,Orioles,204,0.273,0.101,87.2,0.047,19.7,0.277,2017
244,Dae-Ho Lee,18722,Mariners,200,0.233,0.085,87.9,0.074,22.0,0.308,2017
245,Teoscar Hernandez,13066,Astros,229,0.25,0.107,91.1,0.051,12.3,0.278,2017
246,Kyle Seager,9785,Mariners,235,0.16,0.129,90.9,0.097,21.9,0.367,2017
247,Sandy Leon,5273,Red Sox,214,0.233,0.092,86.8,0.05,24.7,0.303,2017
248,Conor Gillaspie,9009,Giants,226,0.137,0.078,89.3,0.043,23.2,0.327,2017
249,Bobby Wilson,6564,FA,212,0.255,0.048,85.7,0.02,23.8,0.261,2017
250,Andrew Toles,13414,Dodgers,219,0.217,0.096,90.0,0.097,22.2,0.338,2017
251,Nick Castellanos,11737,Tigers,249,0.248,0.072,89.5,0.128,25.6,0.352,2017
252,Ryan Howard,2154,Phillies,244,0.315,0.083,92.5,0.159,22.7,0.353,2017
253,Justin Turner,5235,Dodgers,236,0.172,0.095,91.0,0.088,23.9,0.356,2017
254,Jerry Sands,4016,White Sox,168,0.414,0.052,86.2,0.033,16.1,0.197,2017
255,J.J. Hardy,3797,Orioles,217,0.155,0.062,91.0,0.037,18.4,0.303,2017
256,Curtis Granderson,4747,Mets,227,0.205,0.142,88.3,0.074,21.5,0.334,2017
257,Joey Votto,4314,Reds,227,0.177,0.189,89.9,0.087,27.3,0.386,2017
258,Chase Headley,4720,Yankees,211,0.223,0.113,87.5,0.052,23.8,0.312,2017
259,Derek Norris,6867,Padres,225,0.303,0.098,88.0,0.052,21.9,0.282,2017
260,Brian McCann,4810,Yankees,231,0.201,0.128,89.6,0.061,21.5,0.328,2017
261,Josh Reddick,3892,FA,218,0.128,0.1,88.5,0.037,21.8,0.325,2017
262,Kelly Johnson,2234,FA,208,0.195,0.087,88.3,0.061,20.8,0.31,2017
263,Jackie Bradley Jr.,12984,Red Sox,219,0.225,0.123,91.2,0.098,18.4,0.335,2017
264,Jose Altuve,5417,Astros,222,0.098,0.109,88.7,0.069,26.2,0.369,2017
265,Adonis Garcia,13777,Braves,203,0.165,0.06,89.8,0.047,21.0,0.309,2017
266,Brandon Phillips,791,Reds,212,0.116,0.05,86.9,0.025,21.4,0.3,2017
267,James Loney,4556,Mets,210,0.101,0.066,88.1,0.018,23.8,0.317,2017
268,Rob Refsnyder,13770,Yankees,197,0.171,0.12,89.3,0.009,26.4,0.317,2017
269,Josh Bell,13145,Pirates,193,0.125,0.138,88.6,0.059,21.4,0.345,2017
270,Denard Span,8347,Giants,196,0.124,0.093,86.2,0.029,22.6,0.312,2017
271,Eugenio Suarez,12552,Reds,222,0.247,0.094,86.9,0.066,21.6,0.3,2017
272,Juan Lagares,5384,Mets,210,0.169,0.088,88.0,0.04,22.4,0.311,2017
273,Didi Gregorius,6012,Yankees,216,0.137,0.045,86.6,0.029,19.6,0.289,2017
274,Jose Lobaton,4243,Nationals,224,0.158,0.123,90.4,0.059,20.7,0.338,2017
275,Bruce Maxwell,13866,Athletics,207,0.238,0.079,91.6,0.065,20.3,0.307,2017
276,Gregor Blanco,3123,Giants,198,0.186,0.124,85.5,0.019,21.0,0.29,2017
277,Blake Swihart,13176,Red Sox,208,0.23,0.149,88.3,0.049,21.7,0.314,2017
278,Matt Duffy,13836,FA,209,0.145,0.074,87.5,0.035,21.5,0.306,2017
279,Lonnie Chisenhall,7571,Indians,219,0.167,0.067,86.6,0.032,23.9,0.302,2017
280,Brandon Nimmo,12927,Mets,212,0.25,0.088,88.3,0.022,30.2,0.304,2017
281,Jason Castro,8722,Astros,217,0.327,0.122,89.9,0.1,20.2,0.308,2017
282,Delino DeShields,11379,Rangers,189,0.266,0.084,87.4,0.018,17.1,0.248,2017
283,Dansby Swanson,18314,Braves,217,0.234,0.124,90.1,0.062,22.7,0.323,2017
284,Tyler Goeddel,13180,Phillies,191,0.222,0.081,88.1,0.014,16.9,0.26,2017
285,Ryan Flaherty,7888,Orioles,186,0.273,0.102,89.2,0.061,17.4,0.282,2017
286,Robbie Grossman,5254,Twins,221,0.247,0.147,86.7,0.055,25.3,0.319,2017
287,Adam Eaton,11205,White Sox,203,0.163,0.112,89.4,0.032,20.5,0.312,2017
288,Matt Szczur,11255,Cubs,200,0.195,0.08,85.4,0.049,19.6,0.288,2017
289,Yan Gomes,9627,Indians,218,0.261,0.042,87.5,0.055,16.3,0.259,2017
290,Jhonny Peralta,1738,Cardinals,219,0.179,0.067,87.9,0.068,24.2,0.324,2017
291,Scooter Gennett,10339,Brewers,218,0.21,0.076,87.2,0.038,20.8,0.287,2017
292,J.B. Shuck,6677,White Sox,186,0.087,0.054,84.9,0.011,15.8,0.275,2017
293,Jarrod Dyson,4866,Royals,176,0.116,0.092,84.6,0.005,20.1,0.286,2017
294,Elvis Andrus,8709,Rangers,206,0.123,0.093,87.7,0.02,23.8,0.317,2017
295,Shin-Soo Choo,3174,Rangers,237,0.219,0.157,92.6,0.082,22.3,0.356,2017
296,Stephen Vogt,5000,Athletics,233,0.156,0.079,86.2,0.053,23.2,0.318,2017
297,Cody Asche,11997,Phillies,217,0.248,0.092,86.4,0.031,21.7,0.277,2017
298,Desmond Jennings,1965,Rays,211,0.258,0.102,87.9,0.057,16.4,0.279,2017
299,Marcus Semien,12533,Athletics,229,0.224,0.084,88.3,0.069,17.7,0.298,2017
300,Matt Joyce,3353,Pirates,220,0.229,0.225,89.9,0.108,18.4,0.363,2017
301,Tyler Saladino,10807,White Sox,204,0.194,0.05,87.2,0.034,19.9,0.279,2017
302,Grant Green,10053,Giants,213,0.16,0.06,87.0,0.083,25.6,0.337,2017
303,Anthony Recker,4063,Braves,245,0.196,0.17,93.3,0.145,21.7,0.402,2017
304,Scott Van Slyke,4365,Dodgers,226,0.212,0.097,86.6,0.085,24.1,0.329,2017
305,Mike Aviles,5986,Tigers,190,0.149,0.061,85.6,0.0,19.3,0.267,2017
306,Jedd Gyorko,10816,Cardinals,227,0.219,0.087,88.1,0.108,19.0,0.325,2017
307,Jason Kipnis,9776,Indians,229,0.212,0.096,90.3,0.065,23.7,0.328,2017
308,Hernan Perez,5751,Brewers,221,0.219,0.044,89.2,0.039,20.4,0.282,2017
309,Dustin Ackley,10099,Yankees,209,0.129,0.114,86.0,0.0,15.1,0.277,2017
310,Neil Walker,7539,Mets,234,0.183,0.1,89.5,0.074,21.3,0.333,2017
311,Jared Hoying,10882,Rangers,203,0.163,0.061,87.1,0.0,18.4,0.266,2017
312,Chris Gimenez,7324,Indians,212,0.265,0.071,88.1,0.056,21.4,0.285,2017
313,Addison Russell,14106,Cubs,218,0.226,0.122,88.2,0.104,21.1,0.337,2017
314,Jace Peterson,12325,Braves,194,0.169,0.135,88.5,0.028,18.5,0.304,2017
315,Tuffy Gosewisch,5277,Diamondbacks,208,0.222,0.081,87.8,0.034,17.6,0.274,2017
316,Carlos Sanchez,11602,White Sox,217,0.258,0.037,88.8,0.043,21.3,0.273,2017
317,Ramon Cabrera,10327,Reds,212,0.162,0.054,88.3,0.024,21.5,0.293,2017
318,Casey McGehee,6086,Tigers,213,0.146,0.042,90.5,0.029,14.1,0.28,2017
319,Chris Coghlan,6878,FA,206,0.243,0.137,87.9,0.045,20.7,0.299,2017
320,Tim Anderson,15172,White Sox,203,0.271,0.032,88.2,0.065,20.8,0.275,2017
321,Ryan Schimpf,9953,Padres,266,0.318,0.164,91.5,0.163,15.5,0.352,2017
322,Gerardo Parra,8553,Rockies,210,0.192,0.029,88.0,0.051,19.2,0.284,2017
323,Travis Jankowski,13768,Padres,188,0.261,0.115,86.2,0.015,26.0,0.282,2017
324,Joe Mauer,1857,Twins,207,0.161,0.156,90.1,0.053,26.8,0.36,2017
325,Jeff Mathis,3448,Marlins,223,0.273,0.038,89.2,0.014,15.9,0.237,2017
326,Chris Owings,10030,Diamondbacks,213,0.187,0.062,88.6,0.024,23.1,0.294,2017
327,Freddy Galvis,6609,Phillies,219,0.218,0.054,87.6,0.031,23.5,0.286,2017
328,Yadiel Rivera,11863,Brewers,198,0.282,0.028,91.1,0.025,13.3,0.233,2017
329,Tyler Collins,12723,Tigers,234,0.252,0.093,91.2,0.074,19.2,0.31,2017
330,Max Muncy,13301,Athletics,200,0.18,0.158,84.9,0.038,18.6,0.302,2017
331,Ramon Flores,11165,Brewers,186,0.201,0.125,84.7,0.011,17.0,0.265,2017
332,Francisco Cervelli,5275,Pirates,200,0.183,0.16,86.6,0.018,19.8,0.3,2017
333,Christian Vazquez,9774,Red Sox,179,0.212,0.071,87.8,0.018,25.0,0.286,2017
334,Ryan Goins,9807,Blue Jays,201,0.245,0.051,89.1,0.033,11.3,0.242,2017
335,Geovany Soto,3707,Angels,228,0.244,0.07,88.1,0.075,31.6,0.336,2017
336,Adrian Gonzalez,1908,Dodgers,219,0.185,0.107,88.6,0.044,26.4,0.33,2017
337,Kaleb Cowart,11494,Angels,203,0.264,0.011,89.2,0.036,16.1,0.243,2017
338,Kevin Plawecki,13807,Mets,174,0.219,0.139,84.2,0.022,17.2,0.268,2017
339,Jose Reyes,1736,Mets,218,0.176,0.086,85.8,0.052,21.8,0.307,2017
340,Brian Dozier,9810,Twins,226,0.2,0.109,88.8,0.091,15.9,0.319,2017
341,Asdrubal Cabrera,4962,Mets,224,0.181,0.085,89.6,0.053,22.9,0.322,2017
342,Rajai Davis,3708,Indians,207,0.214,0.077,86.8,0.031,19.0,0.274,2017
343,Eduardo Escobar,6153,Twins,214,0.191,0.061,85.9,0.035,23.5,0.291,2017
344,Chris Stewart,3878,Pirates,197,0.133,0.15,86.6,0.0,17.1,0.293,2017
345,Alex Gordon,5209,Royals,231,0.292,0.125,88.3,0.087,24.2,0.321,2017
346,Aaron Hicks,5297,Yankees,216,0.188,0.086,89.9,0.043,17.0,0.296,2017
347,Gorkys Hernandez,4146,Giants,249,0.193,0.053,90.6,0.056,19.5,0.306,2017
348,Anthony Gose,5097,Tigers,197,0.376,0.099,90.2,0.044,19.2,0.252,2017
349,Chase Utley,1679,Dodgers,218,0.204,0.092,88.1,0.045,22.3,0.306,2017
350,Jurickson Profar,10815,Rangers,191,0.199,0.107,86.8,0.033,19.0,0.287,2017
351,Alex Avila,7476,White Sox,217,0.373,0.187,92.0,0.081,25.0,0.325,2017
352,Erick Aybar,4082,FA,185,0.153,0.094,85.1,0.003,19.5,0.275,2017
353,Carlos Ruiz,2579,FA,215,0.142,0.142,88.4,0.027,21.4,0.324,2017
354,Danny Santana,10322,Twins,205,0.222,0.052,89.3,0.041,21.6,0.288,2017
355,Kolten Wong,12532,Cardinals,211,0.144,0.125,87.4,0.031,19.9,0.313,2017
356,Devin Mesoraco,5666,Reds,182,0.182,0.091,83.1,0.0,22.5,0.267,2017
357,Jose Peraza,13593,Reds,210,0.129,0.047,85.4,0.021,27.5,0.308,2017
358,Marco Hernandez,13154,Red Sox,181,0.179,0.089,86.0,0.031,17.1,0.277,2017
359,John Ryan Murphy,10346,Twins,213,0.211,0.056,89.3,0.036,15.9,0.271,2017
360,Gordon Beckham,9015,FA,218,0.186,0.111,88.7,0.029,14.3,0.283,2017
361,Robinson Chirinos,3142,Rangers,231,0.259,0.118,86.3,0.126,14.4,0.312,2017
362,Carlos Perez,10642,Angels,203,0.168,0.045,84.9,0.016,16.9,0.257,2017
363,Devon Travis,13862,Blue Jays,212,0.201,0.046,87.3,0.041,19.2,0.278,2017
364,Travis d'Arnaud,7739,Mets,198,0.181,0.083,89.8,0.039,16.9,0.292,2017
365,Brett Gardner,9927,Yankees,194,0.167,0.123,86.9,0.025,20.7,0.302,2017
366,Rafael Ortega,10323,Angels,184,0.114,0.064,86.0,0.0,17.6,0.273,2017
367,Whit Merrifield,11281,Royals,214,0.217,0.06,88.7,0.028,25.5,0.295,2017
368,Mallex Smith,13608,Braves,182,0.223,0.102,86.0,0.028,16.3,0.263,2017
369,Jed Lowrie,4418,Athletics,212,0.176,0.073,86.2,0.0,25.5,0.287,2017
370,Angel Pagan,2918,Giants,205,0.122,0.079,86.1,0.029,25.1,0.318,2017
371,Eric Fryer,8145,FA,182,0.188,0.098,83.3,0.0,23.9,0.272,2017
372,Chad Pinder,15191,Athletics,216,0.255,0.055,89.4,0.111,13.2,0.292,2017
373,Miguel Rojas,7802,Marlins,187,0.126,0.065,83.9,0.007,20.2,0.276,2017
374,Eric Campbell,6938,Mets,198,0.273,0.148,88.8,0.0,25.0,0.285,2017
375,Ezequiel Carrera,9048,Blue Jays,186,0.226,0.1,86.5,0.035,16.6,0.269,2017
376,Curt Casali,12510,Rays,220,0.32,0.109,86.6,0.068,19.4,0.276,2017
377,Brandon Guyer,2636,FA,218,0.159,0.148,87.6,0.032,21.5,0.322,2017
378,Billy Hamilton,10199,Reds,190,0.202,0.08,83.1,0.004,21.9,0.259,2017
379,Joe Panik,11936,Giants,208,0.089,0.112,86.6,0.04,17.5,0.319,2017
380,Austin Jackson,9848,White Sox,223,0.192,0.089,88.4,0.015,30.3,0.318,2017
381,A.J. Pierzynski,746,Braves,195,0.112,0.039,87.9,0.01,20.0,0.287,2017
382,Yulieski Gurriel,19198,Astros,206,0.088,0.044,89.4,0.029,20.2,0.313,2017
383,Luis Sardinas,13153,FA,198,0.244,0.081,88.3,0.027,17.6,0.265,2017
384,Adeiny Hechavarria,10459,Marlins,208,0.133,0.075,88.6,0.008,22.2,0.3,2017
385,Nick Franklin,10166,Rays,235,0.22,0.084,88.5,0.06,18.3,0.297,2017
386,Luke Maile,13355,Rays,211,0.286,0.04,89.6,0.039,14.5,0.243,2017
387,Nick Ahmed,12147,Diamondbacks,207,0.188,0.071,87.8,0.026,21.5,0.289,2017
388,Yadier Molina,7007,Cardinals,220,0.108,0.079,88.3,0.034,21.9,0.323,2017
389,Emmanuel Burriss,2917,Phillies,192,0.2,0.08,85.2,0.0,12.1,0.233,2017
390,Rene Rivera,3648,Mets,198,0.261,0.106,86.5,0.058,21.1,0.289,2017
391,Orlando Arcia,13185,Brewers,189,0.218,0.069,88.4,0.024,17.3,0.266,2017
392,Jorge Polanco,13152,Twins,223,0.17,0.074,87.3,0.022,30.3,0.321,2017
393,Cesar Hernandez,10556,Phillies,191,0.186,0.116,87.3,0.019,24.4,0.304,2017
394,Phil Gosselin,10953,Diamondbacks,200,0.192,0.067,86.8,0.021,21.4,0.28,2017
395,Jordy Mercer,6547,Pirates,204,0.142,0.11,87.1,0.024,19.7,0.303,2017
396,Stephen Drew,4251,Nationals,239,0.188,0.109,90.3,0.059,21.6,0.329,2017
397,Coco Crisp,1572,FA,217,0.157,0.096,85.6,0.03,21.9,0.302,2017
398,David Ross,1551,Cubs,239,0.263,0.176,87.4,0.122,23.7,0.359,2017
399,Kurt Suzuki,8259,Twins,217,0.129,0.062,87.8,0.026,21.3,0.304,2017
400,Gregorio Petit,3812,Angels,200,0.229,0.076,87.6,0.015,22.1,0.273,2017
401,Wilmer Flores,5827,Mets,221,0.143,0.075,86.6,0.043,21.8,0.311,2017
402,Alex Bregman,17678,Astros,236,0.24,0.069,88.2,0.053,28.2,0.315,2017
403,David Dahl,13744,Rockies,223,0.249,0.063,88.4,0.055,21.5,0.289,2017
404,Brandon Belt,10264,Giants,244,0.226,0.173,87.4,0.121,27.8,0.382,2017
405,John Jaso,5887,Pirates,205,0.171,0.116,86.4,0.041,20.8,0.307,2017
406,Daniel Descalso,8392,Rockies,225,0.194,0.131,88.3,0.034,24.0,0.32,2017
407,Chris Taylor,13757,FA,228,0.231,0.077,88.7,0.05,22.2,0.299,2017
408,Alex Presley,5305,FA,202,0.187,0.097,85.6,0.024,21.6,0.288,2017
409,Miguel Montero,3364,Cubs,213,0.204,0.162,86.8,0.058,16.8,0.309,2017
410,Andrew Romine,1159,Tigers,189,0.196,0.088,83.8,0.025,25.9,0.29,2017
411,Michael Martinez,7358,FA,207,0.217,0.038,86.3,0.016,18.7,0.252,2017
412,Joey Wendle,13853,Athletics,203,0.154,0.058,91.9,0.014,21.0,0.3,2017
413,Greg Garcia,10951,Cardinals,200,0.195,0.179,85.8,0.027,25.5,0.323,2017
414,Martin Prado,3312,Marlins,205,0.105,0.087,88.2,0.012,24.9,0.321,2017
415,Alcides Escobar,6310,Royals,201,0.141,0.047,84.0,0.015,20.1,0.272,2017
416,Andrelton Simmons,10847,Angels,190,0.079,0.062,86.9,0.013,19.5,0.299,2017
417,Eddie Rosario,12155,Twins,213,0.257,0.045,88.1,0.05,19.3,0.27,2017
418,Jason Coats,14282,White Sox,204,0.207,0.121,91.8,0.067,15.8,0.314,2017
419,Zack Cozart,2616,Reds,216,0.165,0.083,86.6,0.026,20.6,0.293,2017
420,T.J. Rivera,12495,Mets,207,0.15,0.035,86.2,0.023,23.9,0.291,2017
421,Josh Thole,9689,Blue Jays,222,0.206,0.103,86.4,0.013,22.0,0.284,2017
422,Alejandro De Aza,3371,Mets,231,0.251,0.12,88.2,0.052,28.0,0.324,2017
423,Ichiro Suzuki,1101,Marlins,195,0.115,0.093,84.5,0.008,27.6,0.314,2017
424,Ian Kinsler,6195,Tigers,234,0.169,0.085,87.5,0.04,23.9,0.315,2017
425,Andres Blanco,1907,Phillies,206,0.196,0.086,89.7,0.024,19.5,0.289,2017
426,A.J. Ellis,5677,FA,221,0.158,0.117,87.1,0.031,22.1,0.314,2017
427,Alexei Ramirez,5133,FA,190,0.125,0.055,84.7,0.005,20.2,0.275,2017
428,Cole Gillespie,5888,Marlins,242,0.255,0.055,92.2,0.061,13.2,0.276,2017
429,Jett Bandy,12508,Angels,244,0.165,0.065,87.8,0.075,20.6,0.322,2017
430,Daniel Nava,5450,FA,242,0.203,0.101,89.9,0.021,28.2,0.322,2017
431,Bryan Holaday,11287,FA,231,0.217,0.07,85.7,0.072,13.3,0.275,2017
432,Omar Infante,1609,Royals,219,0.154,0.06,86.0,0.0,20.4,0.273,2017
433,Hank Conger,2505,Rays,206,0.292,0.088,88.3,0.039,17.9,0.261,2017
434,Chase d'Arnaud,6652,Braves,206,0.191,0.103,85.3,0.006,23.5,0.284,2017
435,Steve Clevenger,9542,Mariners,200,0.184,0.105,88.3,0.019,20.4,0.293,2017
436,Matt Reynolds,13788,Mets,191,0.354,0.052,86.7,0.077,23.6,0.267,2017
437,Tucker Barnhart,10200,Reds,208,0.171,0.11,86.3,0.021,24.9,0.308,2017
438,Brock Holt,9345,Red Sox,191,0.179,0.093,86.3,0.02,23.8,0.295,2017
439,Wilmer Difo,14320,Nationals,195,0.182,0.136,90.2,0.081,19.6,0.34,2017
440,Michael Bourn,6387,FA,206,0.223,0.068,85.2,0.038,22.4,0.279,2017
441,Charlie Culberson,3298,Dodgers,210,0.191,0.015,85.9,0.022,20.8,0.262,2017
442,Aaron Hill,6104,FA,225,0.138,0.107,87.0,0.014,21.7,0.306,2017
443,Tommy La Stella,12371,Cubs,227,0.16,0.124,89.0,0.058,28.1,0.357,2017
444,David Lough,7215,Phillies,202,0.101,0.152,85.2,0.0,16.9,0.297,2017
445,Kelby Tomlinson,13005,Giants,192,0.15,0.117,85.7,0.0,28.6,0.312,2017
446,Norichika Aoki,13075,Mariners,185,0.096,0.092,87.6,0.006,17.2,0.293,2017
447,Tony Wolters,11470,Rockies,213,0.23,0.1,85.3,0.015,23.4,0.277,2017
448,Andrew Benintendi,17901,Red Sox,225,0.212,0.093,87.8,0.045,25.0,0.312,2017
449,Caleb Joseph,7087,Orioles,217,0.199,0.05,87.0,0.0,19.2,0.256,2017
450,Johnny Giavotella,6740,Angels,201,0.106,0.038,86.0,0.011,22.5,0.292,2017
451,Guillermo Heredia,18721,Mariners,178,0.14,0.131,83.3,0.015,20.3,0.291,2017
452,Omar Narvaez,13338,White Sox,217,0.12,0.128,84.8,0.0,28.1,0.322,2017
453,Cristhian Adames,6013,Rockies,175,0.184,0.109,83.8,0.025,18.2,0.273,2017
454,Dustin Garneau,9433,Rockies,229,0.293,0.08,85.3,0.049,21.7,0.269,2017
455,Michael Brantley,4106,Indians,219,0.14,0.093,89.8,0.0,23.5,0.308,2017
456,Manny Pina,2829,Brewers,241,0.185,0.123,89.8,0.043,16.1,0.306,2017
457,Nick Buss,6835,Angels,222,0.267,0.067,85.3,0.038,17.5,0.252,2017
458,Dioner Navarro,3179,FA,215,0.213,0.075,85.2,0.01,21.0,0.265,2017
459,Jimmy Rollins,971,White Sox,199,0.199,0.096,85.0,0.019,16.2,0.262,2017
460,Hernan Iribarren,4177,Reds,169,0.244,0.0,87.9,0.0,26.5,0.252,2017
461,Marlon Byrd,950,Indians,231,0.295,0.093,87.2,0.065,25.0,0.298,2017
462,Dustin Pedroia,8370,Red Sox,209,0.105,0.087,89.2,0.022,24.2,0.329,2017
463,Cliff Pennington,3395,Angels,209,0.293,0.069,85.2,0.029,21.7,0.253,2017
464,Shawn O'Malley,9629,Mariners,192,0.254,0.091,84.3,0.009,22.2,0.255,2017
465,Danny Worth,198,Astros,198,0.15,0.025,87.2,0.0,24.2,0.279,2017
466,Ivan De Jesus Jr.,9886,Reds,193,0.21,0.082,84.2,0.013,27.2,0.284,2017
467,Christian Colon,11145,Royals,195,0.193,0.081,86.6,0.011,20.0,0.272,2017
468,Juan Centeno,7168,Twins,203,0.198,0.068,85.8,0.026,25.4,0.291,2017
469,Adam Frazier,15223,Pirates,212,0.162,0.081,85.7,0.019,33.1,0.326,2017
470,Alexi Amarista,9063,Padres,212,0.173,0.067,87.5,0.01,25.2,0.294,2017
471,Jon Jay,5227,Padres,194,0.209,0.067,86.1,0.012,24.1,0.276,2017
472,Ruben Tejada,5519,FA,206,0.167,0.103,86.5,0.0,20.0,0.28,2017
473,Josh Harrison,8202,Pirates,225,0.146,0.044,86.9,0.025,19.5,0.285,2017
474,Joey Rickard,13277,Orioles,211,0.191,0.071,86.1,0.028,21.0,0.282,2017
475,Darwin Barney,2430,Blue Jays,204,0.157,0.078,86.4,0.015,22.4,0.292,2017
476,Carl Crawford,1201,Dodgers,189,0.126,0.057,87.1,0.0,23.9,0.292,2017
477,Ender Inciarte,4922,Braves,191,0.118,0.093,85.8,0.008,23.7,0.304,2017
478,Jaff Decker,7945,Rays,206,0.246,0.07,82.8,0.0,28.2,0.263,2017
479,Ty Kelly,7740,Mets,226,0.127,0.155,87.1,0.021,11.8,0.294,2017
480,Trevor Brown,13895,Giants,206,0.212,0.06,84.2,0.008,20.9,0.255,2017
481,Ben Revere,4712,Nationals,190,0.091,0.056,83.7,0.007,18.1,0.276,2017
482,Drew Butera,3411,Royals,223,0.271,0.06,85.1,0.051,22.1,0.271,2017
483,Hanser Alberto,11902,Rangers,171,0.293,0.0,81.1,0.061,10.3,0.198,2017
484,Ronald Torreyes,11400,Yankees,187,0.119,0.065,85.5,0.008,19.7,0.282,2017
485,Jordan Pacheco,2677,Reds,190,0.275,0.0,77.7,0.0,18.9,0.187,2017
486,Roman Quinn,13546,Phillies,198,0.275,0.145,85.2,0.03,21.6,0.277,2017
487,Logan Schafer,7937,Twins,193,0.216,0.135,86.3,0.027,24.4,0.302,2017
488,Ehire Adrianza,8418,Giants,200,0.183,0.056,82.7,0.0,20.4,0.251,2017
489,Daniel Castro,15450,Braves,180,0.173,0.058,84.0,0.0,20.0,0.255,2017
490,Ramiro Pena,8841,Giants,206,0.176,0.055,87.4,0.016,15.5,0.261,2017
491,Tony Renda,13443,Reds,187,0.164,0.075,86.5,0.0,20.8,0.274,2017
492,Dee Gordon,8203,Marlins,175,0.159,0.055,82.5,0.0,18.5,0.248,2017
493,Jemile Weeks,2498,Padres,217,0.246,0.07,86.7,0.063,22.2,0.293,2017
494,Ryan Hanigan,4952,Red Sox,189,0.239,0.071,82.2,0.0,20.5,0.237,2017
495,Tony Kemp,14894,Astros,207,0.199,0.103,85.0,0.013,24.2,0.287,2017
496,Shane Robinson,4249,Angels,186,0.153,0.099,83.9,0.0,18.8,0.268,2017
497,Jake Elmore,7290,Brewers,180,0.172,0.202,81.7,0.0,16.9,0.277,2017
498,Giancarlo Stanton,4949,Marlins,243,0.299,0.132,98.6,0.325,20.3,0.466,2016
499,Nelson Cruz,2434,Mariners,224,0.25,0.111,93.7,0.159,20.4,0.37,2016
500,Mike Trout,10155,Angels,238,0.232,0.17,93.2,0.187,24.4,0.412,2016
501,Carlos Gonzalez,7287,Rockies,217,0.219,0.087,90.8,0.128,16.5,0.338,2016
502,Chris Davis,9272,Orioles,244,0.31,0.146,92.2,0.197,24.7,0.383,2016
503,Hanley Ramirez,8001,Red Sox,196,0.165,0.063,91.0,0.086,20.4,0.337,2016
504,Alex Rodriguez,1274,Yankees,220,0.234,0.153,92.2,0.121,18.2,0.353,2016
505,Mark Trumbo,6876,FA,224,0.242,0.068,93.5,0.105,18.0,0.329,2016
506,Jose Bautista,1887,Blue Jays,235,0.159,0.176,93.6,0.168,13.9,0.405,2016
507,Jorge Soler,14221,Cubs,220,0.3,0.099,92.8,0.11,27.8,0.339,2016
508,David Peralta,2136,Diamondbacks,218,0.207,0.097,92.6,0.081,21.3,0.338,2016
509,Avisail Garcia,5760,White Sox,201,0.235,0.078,88.9,0.05,24.5,0.3,2016
510,Carlos Peguero,8760,FA,244,0.411,0.156,92.9,0.278,13.2,0.369,2016
511,Bryce Harper,11579,Nationals,230,0.2,0.22,91.4,0.165,22.2,0.409,2016
512,Michael Morse,3035,FA,192,0.297,0.105,91.4,0.114,25.5,0.33,2016
513,Gregory Polanco,12907,Pirates,209,0.186,0.095,90.4,0.061,19.7,0.321,2016
514,Miguel Cabrera,1744,Tigers,225,0.16,0.186,94.5,0.113,25.2,0.407,2016
515,Jimmy Rollins,971,Dodgers,208,0.153,0.078,85.7,0.039,19.0,0.297,2016
516,Will Venable,211,FA,179,0.241,0.108,86.6,0.031,18.0,0.268,2016
517,Carlos Correa,14162,Astros,210,0.181,0.1,90.8,0.091,22.4,0.347,2016
518,Yasmani Grandal,11368,Dodgers,217,0.216,0.16,91.6,0.121,17.1,0.355,2016
519,Pedro Alvarez,2495,Pirates,202,0.267,0.12,92.7,0.13,20.4,0.345,2016
520,Michael Cuddyer,1534,Mets,196,0.216,0.069,88.5,0.056,21.9,0.299,2016
521,Justin Bour,9744,Marlins,214,0.226,0.087,92.2,0.111,17.2,0.333,2016
522,Joey Gallo,14128,Rangers,216,0.463,0.146,92.2,0.208,27.5,0.342,2016
523,Michael Conforto,16376,Mets,229,0.201,0.093,93.2,0.13,22.6,0.371,2016
524,Jose Abreu,15676,White Sox,212,0.21,0.097,91.7,0.114,20.7,0.349,2016
525,Manny Machado,11493,Orioles,223,0.156,0.107,92.4,0.101,17.8,0.359,2016
526,Ryan Braun,3410,Brewers,211,0.202,0.109,93.2,0.119,19.3,0.359,2016
527,Prince Fielder,4613,Rangers,210,0.127,0.128,91.5,0.058,18.3,0.348,2016
528,Jonathan Schoop,11265,Orioles,229,0.246,0.04,90.8,0.126,19.3,0.325,2016
529,Marcell Ozuna,10324,Marlins,201,0.223,0.069,92.5,0.07,21.1,0.319,2016
530,Ian Desmond,6885,Nationals,195,0.292,0.075,91.0,0.083,15.6,0.284,2016
531,Joc Pederson,11899,Dodgers,217,0.291,0.183,92.3,0.15,15.8,0.35,2016
532,Mark Canha,11445,Athletics,209,0.198,0.085,90.4,0.094,18.1,0.328,2016
533,George Springer,12856,Astros,214,0.242,0.129,90.0,0.095,24.5,0.337,2016
534,Tyler Flowers,9134,White Sox,200,0.288,0.075,91.0,0.078,17.1,0.286,2016
535,Wilson Ramos,1433,Nationals,195,0.2,0.046,91.3,0.067,19.6,0.311,2016
536,Lucas Duda,2502,Mets,250,0.249,0.157,93.0,0.144,22.0,0.376,2016
537,Mark Reynolds,7619,Cardinals,217,0.28,0.116,88.3,0.13,19.0,0.32,2016
538,David Freese,9549,Angels,195,0.228,0.091,89.4,0.081,17.5,0.306,2016
539,Paul Goldschmidt,9218,Diamondbacks,243,0.217,0.214,93.1,0.155,23.4,0.408,2016
540,Edwin Encarnacion,2151,Blue Jays,218,0.157,0.146,91.1,0.133,19.3,0.382,2016
541,Pablo Sandoval,5409,Red Sox,197,0.145,0.065,88.6,0.063,18.8,0.319,2016
542,Albert Pujols,1177,Angels,220,0.109,0.1,91.6,0.096,15.9,0.363,2016
543,C.J. Cron,12546,Angels,214,0.203,0.057,89.1,0.118,18.4,0.329,2016
544,Eric Hosmer,3516,Royals,201,0.162,0.105,90.5,0.099,23.6,0.36,2016
545,Kennys Vargas,12101,Twins,180,0.293,0.049,88.8,0.054,25.6,0.276,2016
546,Justin Upton,5222,Padres,227,0.256,0.124,90.3,0.125,17.3,0.332,2016
547,Jimmy Paredes,5481,Orioles,205,0.289,0.049,90.9,0.072,23.4,0.293,2016
548,Wilin Rosario,8002,Rockies,198,0.231,0.045,89.0,0.063,19.9,0.29,2016
549,Miguel Sano,12164,Twins,250,0.355,0.164,94.8,0.224,24.7,0.397,2016
550,Logan Morrison,9205,Mariners,212,0.159,0.11,90.0,0.088,16.3,0.338,2016
551,Brandon Moss,4467,FA,235,0.281,0.11,89.5,0.158,20.4,0.343,2016
552,Josh Donaldson,5038,Blue Jays,222,0.187,0.111,92.9,0.148,17.3,0.375,2016
553,David Ortiz,745,Red Sox,231,0.155,0.151,93.8,0.145,22.4,0.409,2016
554,Hunter Pence,8252,Giants,197,0.215,0.072,90.7,0.144,17.0,0.343,2016
555,Brad Miller,12775,Mariners,201,0.203,0.099,90.1,0.057,20.2,0.313,2016
556,Chris Carter,9911,Astros,250,0.328,0.139,92.2,0.187,18.4,0.356,2016
557,Kendrys Morales,8610,Royals,225,0.161,0.11,92.7,0.112,20.4,0.371,2016
558,Odubel Herrera,11476,Phillies,201,0.24,0.067,88.5,0.041,23.5,0.287,2016
559,Daniel Murphy,4316,Mets,212,0.071,0.08,90.8,0.057,21.2,0.36,2016
560,Travis Shaw,11982,Red Sox,233,0.23,0.085,89.0,0.093,19.9,0.318,2016
561,Matt Holliday,1873,Cardinals,206,0.177,0.181,91.6,0.052,23.0,0.35,2016
562,Starlin Castro,4579,Cubs,190,0.157,0.055,86.5,0.045,17.0,0.29,2016
563,Steven Souza Jr.,5667,Rays,206,0.338,0.12,89.4,0.133,20.0,0.309,2016
564,Clint Robinson,6908,Nationals,220,0.148,0.131,90.2,0.082,24.8,0.365,2016
565,J.D. Martinez,6184,Tigers,247,0.271,0.099,91.8,0.197,22.3,0.379,2016
566,Jung Ho Kang,17182,Pirates,202,0.212,0.096,91.2,0.102,22.6,0.343,2016
567,Tommy Pham,2967,Cardinals,217,0.237,0.116,92.0,0.069,21.2,0.323,2016
568,Yoenis Cespedes,13110,FA,223,0.209,0.064,93.1,0.131,20.4,0.357,2016
569,Chris Johnson,1191,FA,207,0.29,0.043,89.1,0.063,21.2,0.274,2016
570,Carlos Beltran,589,Yankees,230,0.16,0.092,91.4,0.072,21.6,0.345,2016
571,Chris Iannetta,8267,Angels,222,0.262,0.136,90.3,0.079,13.0,0.298,2016
572,Kyle Parker,11763,Rockies,226,0.33,0.054,88.1,0.096,21.7,0.279,2016
573,Paulo Orlando,8628,Royals,204,0.211,0.028,88.8,0.064,22.3,0.299,2016
574,Jesus Montero,5514,Mariners,216,0.276,0.034,91.9,0.083,21.3,0.299,2016
575,Kevin Plawecki,13807,Mets,200,0.233,0.097,89.0,0.038,20.0,0.288,2016
576,Jayson Werth,1327,Nationals,228,0.222,0.108,90.7,0.083,21.7,0.331,2016
577,Juan Lagares,5384,Mets,188,0.187,0.047,91.7,0.019,14.2,0.279,2016
578,Michael Taylor,11489,Nationals,212,0.309,0.088,89.0,0.075,22.2,0.286,2016
579,Yasiel Puig,14225,Dodgers,221,0.212,0.093,90.4,0.079,17.1,0.316,2016
580,Danny Valencia,6364,FA,206,0.212,0.087,92.7,0.112,17.2,0.34,2016
581,Yasmany Tomas,17171,Diamondbacks,202,0.258,0.045,90.2,0.048,21.9,0.283,2016
582,Brian McCann,4810,Yankees,221,0.181,0.123,89.8,0.078,16.7,0.329,2016
583,Mitch Moreland,3086,Rangers,223,0.217,0.08,92.3,0.112,19.8,0.343,2016
584,Robinson Cano,3269,Mariners,207,0.159,0.076,91.6,0.079,24.2,0.351,2016
585,Wil Myers,10047,Padres,200,0.217,0.111,88.8,0.079,16.9,0.309,2016
586,Christian Yelich,11477,Marlins,182,0.192,0.097,92.0,0.049,22.5,0.324,2016
587,Mike Moustakas,4892,Royals,222,0.124,0.093,89.9,0.085,18.8,0.351,2016
588,Javier Baez,12979,Cubs,230,0.3,0.062,92.5,0.091,31.4,0.329,2016
589,Brett Lawrie,5247,Athletics,199,0.239,0.056,90.1,0.057,18.5,0.288,2016
590,Kevin Pillar,12434,Blue Jays,191,0.135,0.054,85.2,0.028,21.9,0.295,2016
591,Evan Gattis,11003,Astros,211,0.197,0.06,89.6,0.069,17.0,0.304,2016
592,Adam Jones,6368,Orioles,210,0.176,0.06,88.9,0.108,17.8,0.331,2016
593,Josh Hamilton,1875,Rangers,221,0.286,0.055,88.8,0.082,22.5,0.291,2016
594,J.P. Arencibia,697,Rays,229,0.301,0.014,91.2,0.159,22.0,0.326,2016
595,Kevin Kiermaier,11038,Rays,195,0.178,0.049,87.8,0.034,22.9,0.296,2016
596,Preston Tucker,13633,Astros,207,0.211,0.071,90.8,0.075,17.7,0.312,2016
597,Ryan Flaherty,7888,Orioles,200,0.269,0.106,89.5,0.08,14.1,0.288,2016
598,Troy Tulowitzki,3531,FA,217,0.213,0.092,90.3,0.073,22.1,0.323,2016
599,Derek Norris,6867,Padres,205,0.235,0.075,87.5,0.03,17.4,0.267,2016
600,Anthony Rizzo,3473,Cubs,229,0.15,0.167,89.1,0.107,21.8,0.374,2016
601,Ben Paulsen,9741,Rockies,226,0.26,0.071,89.0,0.07,22.1,0.297,2016
602,Randal Grichuk,10243,Cardinals,236,0.314,0.08,93.1,0.183,20.6,0.353,2016
603,Tyler Moore,7244,Nationals,225,0.225,0.07,89.5,0.086,17.5,0.308,2016
604,Roberto Perez,2900,Indians,202,0.283,0.159,91.5,0.104,19.7,0.328,2016
605,Junior Lake,4672,FA,200,0.345,0.048,86.3,0.022,22.9,0.227,2016
606,Starling Marte,9241,Pirates,190,0.194,0.077,87.7,0.082,23.6,0.322,2016
607,Corey Dickerson,10762,Rockies,221,0.239,0.043,90.8,0.131,29.8,0.355,2016
608,Xander Bogaerts,12161,Red Sox,190,0.154,0.055,88.3,0.024,21.3,0.297,2016
609,Nolan Reimold,3441,Orioles,202,0.241,0.138,85.9,0.064,16.3,0.287,2016
610,Hector Gomez,2264,Brewers,211,0.299,0.037,87.1,0.065,27.1,0.277,2016
611,Carlos Gomez,4881,FA,210,0.212,0.082,88.5,0.073,19.3,0.307,2016
612,Todd Frazier,785,Reds,231,0.202,0.08,90.4,0.117,19.1,0.342,2016
613,Sean Rodriguez,6589,Pirates,197,0.262,0.046,87.4,0.067,20.4,0.276,2016
614,Brett Gardner,9927,Yankees,204,0.206,0.114,88.8,0.044,20.8,0.305,2016
615,Trayce Thompson,9952,White Sox,211,0.193,0.096,88.9,0.12,29.2,0.366,2016
616,Mike Napoli,3057,FA,216,0.252,0.136,89.1,0.102,15.5,0.315,2016
617,Nick Castellanos,11737,Tigers,229,0.255,0.069,88.6,0.08,23.3,0.305,2016
618,Chris Colabello,13051,Blue Jays,204,0.267,0.069,90.7,0.11,25.2,0.328,2016
619,Howie Kendrick,4229,Dodgers,185,0.166,0.061,90.5,0.037,24.5,0.317,2016
620,Freddy Galvis,6609,Phillies,203,0.171,0.056,85.7,0.023,22.2,0.285,2016
621,Shin-Soo Choo,3174,Rangers,217,0.225,0.141,91.2,0.089,20.7,0.339,2016
622,Mikie Mahtook,13130,Rays,248,0.27,0.078,92.4,0.161,23.3,0.361,2016
623,Kris Bryant,15429,Cubs,237,0.306,0.132,89.9,0.125,20.5,0.324,2016
624,Russell Martin,4616,Blue Jays,204,0.209,0.122,90.2,0.083,16.4,0.321,2016
625,Carlos Santana,2396,Indians,206,0.183,0.179,89.9,0.104,18.3,0.357,2016
626,Jay Bruce,9892,Reds,230,0.223,0.105,90.5,0.102,18.7,0.332,2016
627,Andrew McCutchen,9847,Pirates,227,0.194,0.178,91.3,0.106,23.5,0.374,2016
628,Ben Revere,4712,FA,174,0.101,0.054,82.7,0.0,26.4,0.291,2016
629,Ryan Zimmerman,4220,Nationals,209,0.203,0.087,92.1,0.091,16.6,0.329,2016
630,Kyle Schwarber,16478,Cubs,239,0.282,0.15,93.2,0.146,17.3,0.353,2016
631,Jarrod Saltalamacchia,5557,FA,245,0.304,0.11,91.2,0.158,21.2,0.345,2016
632,Jason Heyward,4940,Cardinals,192,0.148,0.102,90.7,0.045,19.3,0.326,2016
633,Mark Teixeira,1281,Yankees,217,0.184,0.154,90.2,0.119,18.9,0.363,2016
634,Blake Swihart,13176,Red Sox,201,0.249,0.061,87.0,0.033,26.7,0.28,2016
635,Rougned Odor,12282,Rangers,204,0.168,0.083,88.6,0.082,14.6,0.316,2016
636,Justin Smoak,9054,Blue Jays,226,0.262,0.095,91.7,0.167,23.7,0.367,2016
637,Francisco Cervelli,5275,Pirates,202,0.184,0.108,88.1,0.047,21.0,0.31,2016
638,Brett Wallace,8434,Padres,218,0.29,0.112,89.3,0.167,29.2,0.364,2016
639,Will Middlebrooks,7002,Padres,221,0.222,0.041,89.0,0.074,20.6,0.301,2016
640,Lorenzo Cain,9077,Royals,221,0.162,0.088,90.8,0.06,23.2,0.338,2016
641,Maikel Franco,12179,Phillies,214,0.155,0.096,89.5,0.068,18.2,0.328,2016
642,Melky Cabrera,4022,White Sox,208,0.129,0.064,90.4,0.03,23.9,0.327,2016
643,Eduardo Nunez,6848,Twins,186,0.142,0.064,89.2,0.031,16.1,0.298,2016
644,Andre Ethier,6265,Dodgers,220,0.169,0.11,86.4,0.08,26.3,0.341,2016
645,Derek Dietrich,10542,Marlins,238,0.225,0.131,87.8,0.112,19.8,0.335,2016
646,Salvador Perez,7304,Royals,214,0.148,0.038,87.9,0.063,20.7,0.315,2016
647,Khris Davis,9112,Brewers,228,0.277,0.105,90.7,0.167,17.2,0.344,2016
648,Jake Marisnick,11339,Astros,198,0.282,0.062,85.0,0.078,19.7,0.268,2016
649,Greg Bird,14131,Yankees,250,0.298,0.112,93.7,0.174,21.9,0.368,2016
650,Richie Shaffer,13271,Rays,231,0.364,0.148,85.5,0.206,14.0,0.317,2016
651,Domingo Santana,10348,FA,216,0.337,0.134,87.9,0.136,19.2,0.307,2016
652,Seth Smith,7331,Mariners,222,0.219,0.122,89.8,0.082,19.7,0.325,2016
653,Alex Gordon,5209,Royals,221,0.218,0.166,88.9,0.074,24.8,0.339,2016
654,Justin Maxwell,6827,Giants,204,0.277,0.088,88.9,0.06,20.7,0.284,2016
655,Johnny Giavotella,6740,Angels,200,0.118,0.068,86.1,0.012,23.7,0.304,2016
656,Ryan Howard,2154,Phillies,234,0.274,0.068,91.7,0.126,27.7,0.346,2016
657,Angel Pagan,2918,Giants,208,0.169,0.06,86.3,0.008,23.3,0.284,2016
658,Jonathan Villar,10071,Astros,187,0.227,0.078,91.8,0.039,19.5,0.295,2016
659,Mike Zunino,13265,Mariners,228,0.342,0.067,89.5,0.093,17.4,0.272,2016
660,Domonic Brown,3154,Phillies,211,0.176,0.074,87.8,0.053,15.7,0.296,2016
661,A.J. Pollock,9256,Diamondbacks,208,0.132,0.082,89.6,0.051,20.8,0.33,2016
662,Brandon Crawford,5343,Giants,212,0.212,0.105,90.6,0.106,18.8,0.337,2016
663,Yangervis Solarte,5352,Padres,209,0.098,0.07,88.6,0.032,19.3,0.322,2016
664,Eric Young,7158,FA,175,0.191,0.085,84.4,0.018,18.0,0.264,2016
665,Cory Spangenberg,12294,Padres,187,0.217,0.09,86.5,0.015,25.0,0.28,2016
666,Jose Pirela,5485,Yankees,160,0.205,0.026,86.1,0.039,18.6,0.264,2016
667,Welington Castillo,3256,FA,229,0.243,0.085,89.8,0.126,18.4,0.33,2016
668,Juan Uribe,454,FA,208,0.202,0.098,89.2,0.067,18.9,0.313,2016
669,Kolten Wong,12532,Cardinals,202,0.155,0.086,88.0,0.051,22.5,0.321,2016
670,Jake Smolinski,5408,FA,193,0.203,0.115,88.2,0.067,15.3,0.302,2016
671,Francisco Lindor,12916,Indians,197,0.158,0.064,89.4,0.038,20.6,0.309,2016
672,Ike Davis,8433,Athletics,193,0.184,0.096,88.1,0.055,19.8,0.308,2016
673,Cameron Rupp,11146,Phillies,214,0.237,0.107,90.0,0.071,19.1,0.309,2016
674,Brandon Drury,11615,Diamondbacks,201,0.136,0.051,88.7,0.103,20.8,0.345,2016
675,Anthony Recker,4063,Mets,206,0.38,0.152,91.6,0.083,24.4,0.295,2016
676,Chris Denorfia,4400,Cubs,201,0.242,0.074,88.4,0.05,24.5,0.294,2016
677,Micah Johnson,13809,White Sox,185,0.263,0.096,84.8,0.023,21.5,0.255,2016
678,Corey Seager,13624,Dodgers,227,0.168,0.142,89.2,0.074,20.3,0.342,2016
679,Jonathan Lucroy,7870,Brewers,211,0.154,0.089,89.3,0.045,25.9,0.333,2016
680,Colby Rasmus,9893,Astros,243,0.318,0.101,90.0,0.118,20.0,0.31,2016
681,Anthony Gose,5097,Tigers,196,0.271,0.09,87.9,0.026,20.8,0.264,2016
682,Jerry Sands,4016,Indians,219,0.271,0.068,91.4,0.076,19.3,0.298,2016
683,Franklin Gutierrez,3255,Mariners,237,0.286,0.095,91.6,0.189,23.7,0.371,2016
684,Mookie Betts,13611,Red Sox,223,0.125,0.075,91.1,0.064,19.5,0.342,2016
685,Buster Posey,9166,Giants,214,0.083,0.111,89.6,0.073,22.3,0.369,2016
686,Nolan Arenado,9777,Rockies,236,0.165,0.077,91.7,0.123,21.7,0.369,2016
687,Cheslor Cuthbert,10473,Royals,219,0.18,0.08,87.8,0.0,21.6,0.283,2016
688,Leonys Martin,11846,Rangers,187,0.223,0.061,88.6,0.046,15.3,0.274,2016
689,Ryan Rua,12409,Rangers,198,0.372,0.035,86.3,0.043,7.8,0.19,2016
690,Michael Brantley,4106,Indians,208,0.086,0.117,89.4,0.044,22.5,0.353,2016
691,Mike Olt,10698,FA,197,0.343,0.078,85.4,0.13,13.6,0.265,2016
692,Dexter Fowler,4062,Cubs,213,0.223,0.13,87.4,0.051,20.3,0.301,2016
693,Charlie Blackmon,7859,Rockies,223,0.164,0.089,86.6,0.049,24.8,0.319,2016
694,Matt Adams,9393,Cardinals,213,0.22,0.059,89.9,0.079,20.1,0.31,2016
695,Matt den Dekker,11385,Nationals,210,0.182,0.082,88.0,0.045,17.9,0.297,2016
696,Travis Snider,2830,FA,205,0.249,0.113,89.2,0.035,21.1,0.288,2016
697,Ryan Raburn,2218,Indians,224,0.219,0.149,91.3,0.112,21.5,0.357,2016
698,Brennan Boesch,914,Reds,165,0.319,0.053,87.2,0.043,16.9,0.234,2016
699,Abraham Almonte,5486,FA,197,0.202,0.081,88.1,0.087,20.6,0.318,2016
700,Freddie Freeman,5361,Braves,228,0.204,0.139,91.1,0.119,27.8,0.378,2016
701,A.J. Pierzynski,746,Braves,201,0.085,0.064,85.7,0.036,24.7,0.328,2016
702,Billy Butler,7399,Athletics,199,0.168,0.105,89.9,0.096,17.7,0.34,2016
703,Jace Peterson,12325,Braves,203,0.201,0.106,86.4,0.039,22.0,0.296,2016
704,Darin Ruf,9929,Phillies,205,0.232,0.088,90.4,0.086,20.3,0.318,2016
705,Wilmer Flores,5827,Mets,207,0.124,0.049,87.0,0.035,21.1,0.308,2016
706,Aaron Altherr,11270,Phillies,226,0.255,0.13,92.1,0.024,22.4,0.301,2016
707,Rickie Weeks,1849,Mariners,182,0.263,0.116,84.9,0.039,5.2,0.229,2016
708,Chase Headley,4720,Yankees,196,0.21,0.09,87.1,0.055,26.6,0.311,2016
709,Elvis Andrus,8709,Rangers,197,0.118,0.074,87.4,0.015,21.1,0.306,2016
710,Oswaldo Arcia,10306,Twins,204,0.231,0.154,87.1,0.053,22.7,0.308,2016
711,Eugenio Suarez,12552,Reds,221,0.236,0.05,88.0,0.055,20.8,0.285,2016
712,Adrian Beltre,639,Rangers,217,0.105,0.078,89.8,0.064,22.7,0.351,2016
713,Andrew Susac,13132,Giants,216,0.291,0.101,91.6,0.093,18.9,0.307,2016
714,Delmon Young,2140,Orioles,204,0.161,0.028,88.7,0.023,24.0,0.298,2016
715,Martin Maldonado,6887,Brewers,191,0.254,0.105,86.8,0.029,20.4,0.269,2016
716,Adam Lind,8027,Brewers,221,0.175,0.136,90.3,0.09,18.8,0.347,2016
717,Cameron Maybin,5223,Braves,181,0.184,0.085,88.8,0.035,22.0,0.302,2016
718,Travis dArnaud,7739,Mets,217,0.183,0.101,89.6,0.074,21.4,0.332,2016
719,Chris Young,3882,Yankees,208,0.205,0.098,85.8,0.085,17.4,0.304,2016
720,Danny Santana,10322,Twins,170,0.245,0.036,85.2,0.006,19.9,0.236,2016
721,Martin Prado,3312,Marlins,198,0.123,0.083,89.5,0.02,23.2,0.322,2016
722,Robinson Chirinos,3142,Rangers,222,0.227,0.121,87.7,0.116,19.2,0.331,2016
723,James Loney,4556,Rays,202,0.088,0.075,85.7,0.01,24.8,0.316,2016
724,Curtis Granderson,4747,Mets,233,0.221,0.148,89.7,0.09,27.1,0.353,2016
725,Dustin Ackley,10099,FA,213,0.17,0.072,91.6,0.076,15.8,0.325,2016
726,Justin Morneau,1737,Rockies,214,0.137,0.088,89.6,0.049,19.0,0.325,2016
727,Jean Segura,5933,Brewers,182,0.159,0.036,87.3,0.01,16.7,0.269,2016
728,Yunel Escobar,4191,Nationals,190,0.118,0.09,90.2,0.032,22.3,0.331,2016
729,Joey Butler,7799,Rays,199,0.297,0.069,90.3,0.051,21.1,0.275,2016
730,J.T. Realmuto,11739,Marlins,203,0.15,0.049,88.6,0.045,21.3,0.311,2016
731,Christian Bethancourt,10028,Braves,186,0.206,0.038,88.1,0.04,18.0,0.275,2016
732,David Murphy,6035,FA,207,0.125,0.056,89.1,0.038,16.7,0.309,2016
733,Tony Cruz,2802,Cardinals,192,0.212,0.04,85.3,0.062,15.3,0.268,2016
734,Matt Carpenter,8090,Cardinals,242,0.227,0.138,89.0,0.101,28.5,0.356,2016
735,Tim Beckham,7949,Rays,204,0.309,0.072,87.4,0.063,19.1,0.262,2016
736,Alex Rios,2090,Royals,222,0.163,0.049,88.8,0.031,22.2,0.304,2016
737,Matt Szczur,11255,Cubs,221,0.188,0.075,83.4,0.0,16.1,0.249,2016
738,Jason Castro,8722,Astros,219,0.307,0.096,88.9,0.054,24.4,0.283,2016
739,Rajai Davis,3708,Tigers,204,0.205,0.068,87.1,0.032,22.4,0.286,2016
740,Rene Rivera,3648,Rays,214,0.27,0.044,86.5,0.073,17.3,0.267,2016
741,Casey McGehee,6086,FA,185,0.194,0.081,89.0,0.036,18.7,0.292,2016
742,Jhonny Peralta,1738,Cardinals,212,0.173,0.095,88.7,0.054,24.7,0.327,2016
743,Brandon Belt,10264,Giants,241,0.264,0.112,90.2,0.137,28.7,0.361,2016
744,Stephen Vogt,5000,Athletics,218,0.19,0.125,87.2,0.061,21.9,0.319,2016
745,John Jaso,5887,Rays,221,0.181,0.139,91.3,0.129,21.6,0.377,2016
746,Joey Votto,4314,Reds,225,0.194,0.235,90.1,0.104,25.0,0.384,2016
747,Jake Lamb,13329,Diamondbacks,221,0.249,0.103,90.6,0.059,22.7,0.309,2016
748,Kyle Seager,9785,Mariners,228,0.143,0.095,89.3,0.09,24.0,0.358,2016
749,Desmond Jennings,1965,Rays,194,0.157,0.083,87.5,0.015,18.3,0.288,2016
750,Jedd Gyorko,10816,Padres,220,0.234,0.072,89.2,0.063,21.0,0.3,2016
751,Ketel Marte,13613,Mariners,183,0.174,0.097,85.9,0.02,21.5,0.288,2016
752,Joey Terdoslavich,10593,Braves,228,0.237,0.068,91.3,0.086,16.7,0.309,2016
753,Adam LaRoche,1904,White Sox,223,0.275,0.11,90.1,0.098,17.6,0.309,2016
754,Addison Russell,14106,Cubs,219,0.285,0.09,87.0,0.06,18.2,0.27,2016
755,Evan Longoria,9368,Rays,231,0.197,0.097,90.2,0.098,20.6,0.34,2016
756,Jefry Marte,5107,Tigers,211,0.244,0.089,86.7,0.152,19.3,0.332,2016
757,Enrique Hernandez,10472,Dodgers,213,0.211,0.06,90.8,0.049,23.4,0.309,2016
758,Miguel Montero,3364,Cubs,220,0.256,0.144,89.0,0.102,25.5,0.339,2016
759,Austin Jackson,9848,FA,206,0.239,0.061,89.3,0.037,24.3,0.289,2016
760,Jason Rogers,11773,Brewers,219,0.201,0.101,90.5,0.052,16.1,0.305,2016
761,Stephen Piscotty,13367,Cardinals,214,0.219,0.09,89.7,0.11,21.2,0.336,2016
762,Kirk Nieuwenhuis,6400,FA,227,0.348,0.092,91.5,0.1,20.5,0.294,2016
763,Denard Span,8347,Nationals,198,0.095,0.095,88.0,0.037,23.9,0.339,2016
764,Tyler Collins,12723,Tigers,224,0.208,0.068,87.3,0.071,22.3,0.308,2016
765,Kole Calhoun,11200,Angels,217,0.239,0.074,86.5,0.081,22.8,0.302,2016
766,Danny Espinosa,9219,Nationals,203,0.257,0.107,85.5,0.088,18.4,0.29,2016
767,Cody Asche,11997,Phillies,218,0.243,0.072,87.6,0.083,23.2,0.306,2016
768,Dan Uggla,3442,Nationals,218,0.284,0.142,91.3,0.088,17.5,0.311,2016
769,Alex Avila,7476,Tigers,229,0.301,0.183,91.5,0.11,27.9,0.352,2016
770,Brian Dozier,9810,Twins,219,0.21,0.099,87.9,0.093,22.6,0.328,2016
771,Victor Martinez,393,Tigers,220,0.107,0.095,88.0,0.059,21.0,0.341,2016
772,Andrelton Simmons,10847,Braves,183,0.082,0.087,86.4,0.016,21.4,0.317,2016
773,Lonnie Chisenhall,7571,Indians,207,0.191,0.075,86.1,0.05,19.5,0.291,2016
774,Marlon Byrd,950,FA,215,0.267,0.064,86.5,0.087,21.3,0.289,2016
775,Jeff Mathis,3448,Marlins,195,0.233,0.078,86.3,0.033,19.7,0.269,2016
776,Pedro Ciriaco,5278,Braves,202,0.252,0.026,81.6,0.034,22.8,0.241,2016
777,Drew Stubbs,9328,FA,211,0.429,0.114,89.4,0.08,12.9,0.233,2016
778,JR Murphy,10346,Yankees,203,0.25,0.076,89.8,0.057,23.5,0.299,2016
779,Peter Bourjos,2578,Cardinals,189,0.262,0.129,86.4,0.044,16.3,0.268,2016
780,Matt Kemp,5631,Padres,219,0.227,0.068,89.5,0.078,21.4,0.312,2016
781,Chris Parmelee,2554,Orioles,245,0.255,0.049,89.9,0.117,20.0,0.319,2016
782,Logan Forsythe,7185,Rays,222,0.18,0.115,89.0,0.039,19.8,0.312,2016
783,Josh Reddick,3892,Athletics,219,0.112,0.086,89.0,0.059,21.0,0.341,2016
784,Kelly Johnson,2234,FA,212,0.242,0.075,87.2,0.089,23.5,0.309,2016
785,B.J. Upton,5015,Padres,204,0.272,0.101,88.1,0.067,24.3,0.298,2016
786,Hector Olivera,17528,Braves,205,0.138,0.08,85.2,0.04,16.2,0.294,2016
787,Jacoby Ellsbury,4727,Yankees,194,0.172,0.086,87.1,0.047,24.1,0.312,2016
788,Shane Victorino,1677,FA,191,0.157,0.108,83.3,0.008,23.8,0.286,2016
789,Aramis Ramirez,1002,FA,221,0.132,0.076,87.8,0.074,18.7,0.33,2016
790,Jose Iglesias,10231,Tigers,178,0.097,0.073,83.3,0.007,21.0,0.29,2016
791,Nick Hundley,3376,Rockies,218,0.195,0.057,89.7,0.046,22.6,0.307,2016
792,Giovanny Urshela,10681,Indians,212,0.201,0.069,88.1,0.07,24.4,0.317,2016
793,Scott Van Slyke,4365,Dodgers,221,0.245,0.115,89.3,0.076,19.0,0.308,2016
794,Nick Markakis,5930,Braves,197,0.121,0.122,89.1,0.011,20.8,0.319,2016
795,Devon Travis,13862,Blue Jays,207,0.181,0.084,88.5,0.084,21.6,0.329,2016
796,A.J. Ellis,5677,Dodgers,218,0.175,0.157,87.9,0.07,21.1,0.337,2016
797,Jose Reyes,1736,FA,196,0.119,0.05,84.7,0.017,20.0,0.287,2016
798,Carl Crawford,1201,Dodgers,221,0.212,0.057,90.7,0.092,24.3,0.333,2016
799,Delino DeShields,11379,Rangers,202,0.205,0.116,85.3,0.015,19.3,0.273,2016
800,Adam Eaton,11205,White Sox,190,0.19,0.107,87.8,0.037,22.0,0.303,2016
801,Austin Hedges,12976,Padres,217,0.25,0.066,89.0,0.024,18.6,0.266,2016
802,David Wright,3787,Mets,231,0.207,0.126,89.8,0.096,25.0,0.351,2016
803,Marwin Gonzalez,5497,Astros,205,0.2,0.051,89.3,0.06,22.7,0.309,2016
804,Kyle Blanks,49,Rangers,228,0.282,0.056,87.7,0.136,14.9,0.299,2016
805,Luis Valbuena,4969,Astros,233,0.215,0.116,90.0,0.087,20.6,0.332,2016
806,Max Muncy,13301,Athletics,240,0.277,0.08,88.5,0.047,12.7,0.259,2016
807,Caleb Joseph,7087,Orioles,226,0.203,0.09,87.8,0.058,23.4,0.313,2016
808,Brandon Barnes,629,Rockies,218,0.238,0.096,87.0,0.013,26.3,0.281,2016
809,Steve Pearce,9957,Orioles,222,0.212,0.095,87.4,0.083,19.9,0.313,2016
810,James McCann,12859,Tigers,196,0.212,0.045,88.5,0.046,23.1,0.293,2016
811,Anthony Rendon,12861,Nationals,213,0.197,0.113,90.6,0.059,21.4,0.325,2016
812,Gerardo Parra,8553,FA,208,0.156,0.061,88.9,0.039,23.8,0.316,2016
813,Adrian Gonzalez,1908,Dodgers,229,0.166,0.121,89.2,0.096,26.0,0.363,2016
814,Brandon Phillips,791,Reds,204,0.109,0.051,86.4,0.024,24.9,0.314,2016
815,Hector Sanchez,10289,Giants,198,0.237,0.034,85.8,0.054,14.3,0.255,2016
816,Adam Duvall,10950,Reds,231,0.361,0.125,91.0,0.147,23.7,0.327,2016
817,Rusney Castillo,17016,Red Sox,185,0.187,0.048,88.4,0.028,13.2,0.268,2016
818,Trevor Plouffe,7462,Twins,220,0.196,0.085,90.7,0.095,18.2,0.332,2016
819,Geovany Soto,3707,White Sox,232,0.3,0.105,90.9,0.094,22.8,0.313,2016
820,Erick Aybar,4082,Angels,188,0.114,0.047,85.1,0.013,21.0,0.29,2016
821,Torii Hunter,731,Twins,208,0.185,0.074,89.0,0.063,17.3,0.306,2016
822,Brandon Guyer,2636,Rays,213,0.158,0.127,87.5,0.053,21.2,0.325,2016
823,Michael McKenry,9628,Rockies,239,0.27,0.158,90.6,0.093,17.2,0.321,2016
824,Dalton Pompey,12797,Blue Jays,185,0.223,0.087,86.3,0.037,16.9,0.269,2016
825,DJ LeMahieu,9874,Rockies,203,0.173,0.089,90.6,0.025,26.0,0.321,2016
826,Jeff Francoeur,4792,Phillies,212,0.224,0.041,89.1,0.074,23.8,0.308,2016
827,Gregor Blanco,3123,Giants,208,0.159,0.132,87.6,0.028,24.2,0.32,2016
828,Hernan Perez,5751,FA,218,0.217,0.022,86.4,0.017,22.2,0.263,2016
829,Jackie Bradley Jr.,12984,Red Sox,211,0.271,0.118,89.2,0.09,15.6,0.298,2016
830,David Lough,7215,Orioles,204,0.25,0.049,84.7,0.038,19.4,0.253,2016
831,Jordy Mercer,6547,Pirates,200,0.17,0.084,87.2,0.024,20.7,0.293,2016
832,Eury Perez,10299,Braves,175,0.173,0.09,81.1,0.013,21.3,0.263,2016
833,Aaron Hicks,5297,Twins,215,0.169,0.097,89.3,0.037,22.9,0.318,2016
834,Tommy La Stella,12371,Cubs,220,0.093,0.08,89.6,0.04,29.5,0.359,2016
835,Hank Conger,2505,Astros,233,0.275,0.109,90.4,0.105,21.6,0.324,2016
836,Matt Wieters,4298,Orioles,224,0.238,0.074,87.6,0.058,25.3,0.301,2016
837,Yonder Alonso,2530,Padres,194,0.119,0.119,87.8,0.035,23.0,0.331,2016
838,Ben Zobrist,7435,FA,202,0.105,0.123,89.1,0.039,18.6,0.335,2016
839,Yan Gomes,9627,Indians,235,0.267,0.054,88.0,0.078,26.4,0.302,2016
840,Matt Joyce,3353,Angels,205,0.236,0.123,86.1,0.043,17.6,0.278,2016
841,Chris Gimenez,7324,Rangers,225,0.168,0.097,85.7,0.099,17.7,0.325,2016
842,Chris Owings,10030,Diamondbacks,218,0.261,0.054,87.3,0.038,26.4,0.279,2016
843,Eduardo Escobar,6153,Twins,211,0.193,0.07,86.5,0.072,19.3,0.303,2016
844,Justin Turner,5235,Dodgers,230,0.162,0.114,89.7,0.077,27.7,0.36,2016
845,David Ross,1551,Cubs,231,0.335,0.148,87.0,0.07,18.6,0.273,2016
846,Joe Mauer,1857,Twins,194,0.168,0.12,89.6,0.038,24.1,0.326,2016
847,Josh Phegley,9308,Athletics,219,0.21,0.07,86.5,0.054,20.6,0.291,2016
848,Justin Ruggiano,7620,FA,231,0.291,0.113,93.1,0.188,19.0,0.367,2016
849,Chris Coghlan,6878,Cubs,219,0.187,0.133,89.2,0.067,20.1,0.329,2016
850,Christian Colon,11145,Royals,186,0.143,0.092,84.8,0.013,26.7,0.302,2016
851,Jonny Gomes,1845,FA,218,0.309,0.134,89.1,0.066,17.7,0.281,2016
852,Eric Sogard,7927,Athletics,193,0.125,0.065,85.0,0.003,22.0,0.287,2016
853,Miguel Rojas,7802,Marlins,185,0.102,0.076,87.9,0.01,24.0,0.317,2016
854,Neil Walker,7539,Pirates,221,0.182,0.095,89.3,0.062,21.4,0.323,2016
855,Grady Sizemore,2197,FA,216,0.203,0.074,89.7,0.046,22.9,0.308,2016
856,Ender Inciarte,4922,Diamondbacks,196,0.103,0.053,85.0,0.008,21.7,0.294,2016
857,Nick Ahmed,12147,Diamondbacks,209,0.176,0.068,86.0,0.018,16.9,0.272,2016
858,Dioner Navarro,3179,Blue Jays,222,0.151,0.094,87.2,0.06,21.9,0.326,2016
859,Curt Casali,12510,Rays,243,0.301,0.088,91.5,0.125,11.8,0.303,2016
860,Jose Lobaton,4243,Nationals,200,0.258,0.11,88.0,0.059,19.4,0.288,2016
861,J.J. Hardy,3797,Orioles,200,0.201,0.046,87.9,0.026,17.5,0.271,2016
862,Didi Gregorius,6012,Yankees,198,0.147,0.076,85.4,0.013,21.2,0.288,2016
863,Brock Holt,9345,Red Sox,195,0.191,0.096,86.9,0.006,23.8,0.286,2016
864,Ryan Lavarnway,8879,FA,225,0.264,0.123,92.0,0.054,18.2,0.301,2016
865,Stephen Drew,4251,Yankees,216,0.166,0.091,86.4,0.041,15.7,0.292,2016
866,Cesar Hernandez,10556,Phillies,187,0.19,0.095,85.2,0.014,23.8,0.282,2016
867,Alexei Ramirez,5133,White Sox,190,0.109,0.055,84.8,0.016,21.6,0.295,2016
868,Jeff Baker,2073,Marlins,180,0.312,0.1,85.8,0.043,27.7,0.268,2016
869,Darrell Ceciliani,9954,Mets,204,0.333,0.08,88.3,0.029,25.6,0.257,2016
870,Corey Hart,1945,Pirates,159,0.333,0.053,80.7,0.061,22.2,0.225,2016
871,Collin Cowgill,7250,Angels,186,0.257,0.054,84.3,0.025,14.0,0.23,2016
872,Taylor Featherston,12590,Angels,206,0.272,0.059,87.1,0.043,18.1,0.258,2016
873,Adeiny Hechavarria,10459,Marlins,198,0.156,0.058,87.8,0.014,20.3,0.289,2016
874,Travis Ishikawa,4793,FA,209,0.278,0.125,87.5,0.111,11.9,0.293,2016
875,Alex Guerrero,15670,Dodgers,219,0.248,0.039,87.4,0.086,19.5,0.289,2016
876,Elian Herrera,5432,Brewers,212,0.26,0.069,85.1,0.03,24.9,0.266,2016
877,Shane Peterson,7423,Brewers,209,0.243,0.093,89.9,0.033,26.5,0.301,2016
878,Conor Gillaspie,9009,FA,203,0.186,0.063,87.4,0.03,20.9,0.288,2016
879,Marcus Semien,12533,Athletics,213,0.22,0.073,87.4,0.045,23.1,0.293,2016
880,Jason Kipnis,9776,Indians,215,0.167,0.112,89.6,0.04,26.8,0.334,2016
881,Ezequiel Carrera,9048,Blue Jays,178,0.234,0.068,85.9,0.057,16.7,0.269,2016
882,Andres Blanco,1907,Phillies,201,0.169,0.096,87.7,0.076,20.2,0.324,2016
883,Dee Gordon,8203,Marlins,170,0.139,0.044,83.9,0.011,21.5,0.274,2016
884,Ichiro Suzuki,1101,Marlins,167,0.116,0.073,83.1,0.006,18.3,0.275,2016
885,Dilson Herrera,14335,Mets,202,0.223,0.136,85.2,0.033,20.9,0.284,2016
886,Daniel Descalso,8392,Rockies,212,0.215,0.124,87.8,0.035,19.3,0.293,2016
887,Darnell Sweeney,13284,Phillies,224,0.276,0.133,90.5,0.089,13.8,0.301,2016
888,Joe Panik,11936,Giants,204,0.097,0.1,87.0,0.027,23.0,0.328,2016
889,Kelby Tomlinson,13005,Giants,192,0.207,0.078,88.0,0.0,27.5,0.286,2016
890,Michael Bourn,6387,FA,202,0.222,0.095,85.2,0.018,24.8,0.277,2016
891,Jose Ramirez,13510,Indians,204,0.11,0.093,86.5,0.025,16.2,0.303,2016
892,Asdrubal Cabrera,4962,Rays,224,0.194,0.078,88.5,0.069,20.7,0.315,2016
893,Rob Refsnyder,13770,Yankees,181,0.149,0.085,90.5,0.061,16.7,0.322,2016
894,Byron Buxton,14161,Twins,209,0.319,0.051,87.1,0.046,13.9,0.232,2016
895,Eric Campbell,6938,Mets,202,0.18,0.15,87.3,0.031,26.1,0.322,2016
896,Nick Franklin,10166,Rays,220,0.339,0.064,84.8,0.089,22.6,0.263,2016
897,Tyler Saladino,10807,White Sox,183,0.201,0.055,86.4,0.026,23.0,0.279,2016
898,Ryan Goins,9807,Blue Jays,182,0.194,0.093,87.5,0.027,18.0,0.282,2016
899,Jose Altuve,5417,Astros,203,0.097,0.073,86.1,0.038,18.1,0.312,2016
900,Mike Aviles,5986,Indians,192,0.12,0.066,86.8,0.009,16.3,0.286,2016
901,Tuffy Gosewisch,5277,Diamondbacks,198,0.167,0.065,88.7,0.0,21.9,0.287,2016
902,Ryan Hanigan,4952,Red Sox,191,0.194,0.119,86.1,0.017,24.3,0.293,2016
903,Matt Duffy,13836,Giants,200,0.157,0.057,88.1,0.043,20.9,0.306,2016
904,Greg Garcia,10951,Cardinals,186,0.138,0.138,84.1,0.039,18.3,0.304,2016
905,Carlos Perez,10642,Angels,208,0.173,0.067,86.4,0.022,19.8,0.283,2016
906,John Mayberry,3390,Mets,206,0.277,0.076,85.9,0.043,24.7,0.27,2016
907,Shane Robinson,4249,Twins,181,0.147,0.066,84.2,0.008,15.8,0.264,2016
908,Adonis Garcia,13777,Braves,207,0.177,0.025,89.1,0.07,21.5,0.313,2016
909,Jon Jay,5227,Cardinals,177,0.147,0.143,86.3,0.013,21.6,0.305,2016
910,Eddie Rosario,12155,Twins,222,0.249,0.038,87.9,0.068,20.3,0.284,2016
911,Alcides Escobar,6310,Royals,198,0.113,0.053,84.4,0.011,22.3,0.291,2016
912,David DeJesus,1825,FA,201,0.164,0.088,87.1,0.028,23.5,0.305,2016
913,Daniel Castro,15450,Braves,170,0.15,0.03,81.7,0.0,13.6,0.234,2016
914,Garrett Jones,2714,Yankees,203,0.243,0.053,89.8,0.053,18.7,0.283,2016
915,Ryan Strausborger,10937,Rangers,211,0.216,0.059,85.4,0.033,25.7,0.283,2016
916,Nick Swisher,4599,FA,203,0.208,0.15,87.2,0.046,18.5,0.302,2016
917,Carlos Corporan,5587,Rangers,211,0.331,0.083,86.3,0.079,23.2,0.271,2016
918,Jesus Sucre,5942,Mariners,177,0.148,0.042,85.3,0.0,16.2,0.259,2016
919,Carlos Sanchez,11602,White Sox,187,0.193,0.057,85.3,0.022,22.8,0.275,2016
920,Steve Clevenger,9542,Orioles,231,0.124,0.048,91.2,0.044,19.3,0.327,2016
921,Everth Cabrera,8155,Orioles,151,0.21,0.057,88.3,0.0,19.4,0.259,2016
922,Marc Krauss,7577,FA,238,0.383,0.037,88.3,0.07,14.9,0.23,2016
923,Jed Lowrie,4418,Astros,229,0.163,0.137,89.4,0.034,21.2,0.325,2016
924,Kurt Suzuki,8259,Twins,204,0.123,0.084,88.3,0.009,19.4,0.303,2016
925,Daniel Nava,5450,FA,205,0.217,0.151,86.8,0.032,18.3,0.289,2016
926,Efren Navarro,9854,Angels,186,0.182,0.068,87.4,0.0,14.9,0.259,2016
927,Bobby Wilson,6564,FA,180,0.265,0.082,81.6,0.047,20.2,0.247,2016
928,Cole Gillespie,5888,Marlins,197,0.172,0.064,86.4,0.028,16.2,0.276,2016
929,Gordon Beckham,9015,White Sox,204,0.181,0.093,85.1,0.014,19.2,0.275,2016
930,Ian Kinsler,6195,Tigers,220,0.119,0.068,86.2,0.054,25.4,0.332,2016
931,Rafael Ynoa,2832,Rockies,189,0.214,0.023,82.9,0.0,19.2,0.231,2016
932,Alejandro De Aza,3371,FA,220,0.23,0.107,86.5,0.042,23.4,0.293,2016
933,Jarrod Dyson,4866,Royals,171,0.164,0.08,82.0,0.015,23.4,0.273,2016
934,Logan Schafer,7937,Brewers,196,0.203,0.098,88.2,0.026,17.0,0.281,2016
935,Skip Schumaker,3704,Reds,192,0.19,0.093,85.7,0.007,26.8,0.288,2016
936,Donovan Solano,8623,Marlins,167,0.191,0.032,89.7,0.0,11.4,0.247,2016
937,Chris Herrmann,9284,Twins,181,0.327,0.08,87.1,0.052,16.9,0.243,2016
938,Chase Utley,1679,FA,208,0.151,0.109,88.8,0.021,20.1,0.309,2016
939,Aaron Hill,6104,Diamondbacks,231,0.153,0.091,89.2,0.045,19.9,0.32,2016
940,Yadier Molina,7007,Cardinals,203,0.111,0.066,86.5,0.021,20.3,0.304,2016
941,Adam Rosales,9682,Rangers,190,0.24,0.088,87.0,0.056,15.5,0.273,2016
942,Kristopher Negron,5306,Reds,190,0.215,0.112,82.3,0.018,17.6,0.253,2016
943,Travis Jankowski,13768,Padres,162,0.25,0.042,85.8,0.018,9.5,0.219,2016
944,Brayan Pena,3231,Reds,180,0.093,0.087,85.9,0.012,22.3,0.311,2016
945,Sandy Leon,5273,Red Sox,170,0.219,0.07,83.6,0.014,18.8,0.247,2016
946,Norichika Aoki,13075,Giants,170,0.064,0.092,85.2,0.016,19.3,0.313,2016
947,Jordan Schafer,9883,Twins,165,0.311,0.041,78.3,0.0,27.9,0.203,2016
948,Billy Burns,12701,Athletics,177,0.146,0.059,82.7,0.0,21.6,0.266,2016
949,Ehire Adrianza,8418,Giants,184,0.149,0.142,83.2,0.014,14.4,0.275,2016
950,Josh Harrison,8202,Pirates,205,0.158,0.06,86.3,0.016,25.1,0.295,2016
951,Omar Infante,1609,Royals,197,0.152,0.02,83.9,0.012,21.0,0.267,2016
952,Dustin Pedroia,8370,Red Sox,193,0.12,0.096,88.5,0.029,17.7,0.313,2016
953,Cliff Pennington,3395,FA,204,0.197,0.12,87.0,0.044,24.2,0.311,2016
954,Emilio Bonifacio,4054,White Sox,153,0.329,0.037,82.8,0.029,19.6,0.208,2016
955,Carlos Ruiz,2579,Phillies,199,0.134,0.106,85.2,0.029,22.3,0.309,2016
956,Jason Bourgeois,2225,Reds,178,0.156,0.071,84.0,0.008,20.5,0.272,2016
957,Drew Butera,3411,FA,224,0.217,0.067,84.9,0.014,18.8,0.257,2016
958,Philip Gosselin,10953,FA,199,0.136,0.093,86.6,0.063,18.9,0.321,2016
959,Mike Baxter,4464,Cubs,211,0.212,0.152,83.9,0.026,23.3,0.289,2016
960,Billy Hamilton,10199,Reds,195,0.165,0.064,82.5,0.007,19.6,0.26,2016
961,Andrew Romine,1159,Tigers,181,0.227,0.074,84.5,0.0,19.7,0.245,2016
962,Alexi Amarista,9063,Padres,197,0.154,0.081,85.8,0.013,20.7,0.287,2016
963,Tucker Barnhart,10200,Reds,209,0.164,0.117,85.7,0.006,24.9,0.298,2016
964,Bryan Holaday,11287,Tigers,229,0.2,0.015,87.3,0.1,24.0,0.319,2016
965,Sam Fuld,8254,Athletics,166,0.169,0.102,85.5,0.005,18.1,0.272,2016
966,Ruben Tejada,5519,Mets,210,0.172,0.118,84.9,0.015,27.3,0.303,2016
967,Clint Barmes,1830,Padres,218,0.246,0.071,82.8,0.038,23.8,0.264,2016
968,Coco Crisp,1572,Athletics,193,0.18,0.094,84.1,0.011,17.8,0.266,2016
969,Josh Rutledge,11167,Red Sox,202,0.306,0.094,86.7,0.048,22.0,0.264,2016
970,Chris Taylor,13757,Mariners,230,0.304,0.059,89.5,0.018,24.2,0.26,2016
971,Allen Craig,3433,Red Sox,165,0.295,0.102,84.0,0.021,18.9,0.233,2016
972,Dustin Garneau,9433,Rockies,197,0.184,0.105,83.4,0.047,14.3,0.275,2016
973,Scooter Gennett,10339,Brewers,201,0.174,0.054,85.1,0.008,21.5,0.271,2016
974,J.B. Shuck,6677,White Sox,169,0.097,0.103,82.8,0.01,18.0,0.288,2016
975,Hanser Alberto,11902,Rangers,199,0.163,0.019,81.0,0.014,16.5,0.242,2016
976,Daniel Robertson,6266,Angels,206,0.088,0.038,86.3,0.018,19.1,0.301,2016
977,Jonathan Herrera,4182,Cubs,207,0.174,0.023,83.9,0.012,15.5,0.248,2016
978,Dixon Machado,11472,Tigers,187,0.179,0.09,85.4,0.0,20.8,0.271,2016
979,Ivan De Jesus,9886,Reds,207,0.248,0.09,86.7,0.023,23.8,0.274,2016
980,Chris Stewart,3878,Pirates,186,0.169,0.047,83.2,0.0,22.3,0.26,2016
981,Brendan Ryan,6073,Yankees,188,0.282,0.058,84.7,0.0,13.4,0.209,2016
982,Zack Cozart,2616,Reds,210,0.136,0.079,85.5,0.014,19.3,0.29,2016
983,Josh Thole,9689,Blue Jays,191,0.173,0.058,85.0,0.0,22.5,0.269,2016
984,Todd Cunningham,10822,Braves,170,0.183,0.086,82.8,0.0,25.0,0.267,2016
985,Craig Gentry,9571,Athletics,193,0.268,0.089,85.1,0.0,14.3,0.225,2016
986,Cristhian Adames,6013,Rockies,194,0.19,0.086,84.0,0.0,17.5,0.254,2016
987,Jake Elmore,7290,Rays,198,0.158,0.082,83.9,0.01,25.6,0.288,2016
988,Willie Bloomquist,1066,Mariners,190,0.181,0.042,86.2,0.022,16.1,0.264,2016
989,Alberto Callaspo,3336,FA,209,0.13,0.111,84.4,0.006,25.4,0.304,2016
990,Pete Kozma,2539,Cardinals,219,0.189,0.117,83.4,0.0,16.0,0.257,2016
991,Jordan Pacheco,2677,Diamondbacks,205,0.179,0.128,83.7,0.0,29.6,0.295,2016
992,Joaquin Arias,3817,Giants,181,0.203,0.0,78.7,0.0,17.4,0.208,2016
993,Luis Sardinas,13153,Brewers,185,0.238,0.067,83.1,0.0,13.7,0.22,2016
