PlayerID,Name,Team,G,AB,PA,H,1B,2B,3B,HR,R,RBI,BB,IBB,SO,HBP,SF,SH,GDP,SB,CS,AVG
6632,Carlos Carrasco,Indians,30,1,3,1,1,0,0,0,0,0,1.000,0,0,0,0,2,0,0,0,1.000
7624,Carlos Torres,Mets,59,1,1,1,1,0,0,0,1,0,1.000,0,0,0,0,0,0,0,0,1.000
9948,Mike Dunn,Marlins,72,1,1,1,1,0,0,0,0,0,1.000,0,0,0,0,0,0,0,0,1.000
10620,Donn Roach,Cubs,1,1,1,1,1,0,0,0,0,1,1.000,0,0,0,0,0,0,0,0,1.000
12093,Branden Pinder,Yankees,25,1,1,1,0,1,0,0,0,1,1.000,0,0,0,0,0,0,0,0,1.000
12220,Keith Hessler,Diamondbacks,18,1,1,1,1,0,0,0,0,0,1.000,0,0,0,0,0,0,0,0,1.000
2038,Justin Masterson,Red Sox,18,3,3,2,2,0,0,0,0,1,.667,0,1,0,0,0,0,0,0,.667
2917,Emmanuel Burriss,Nationals,5,3,5,2,2,0,0,0,2,0,.667,0,0,0,0,0,0,0,0,.667
5203,Mike Pelfrey,Twins,30,3,3,2,2,0,0,0,0,0,.667,0,1,0,0,0,0,0,0,.667
12138,Ryan Brett,Rays,3,3,4,2,1,1,0,0,0,0,.667,0,0,0,0,0,0,0,0,.667
2586,Wandy Rodriguez,Rangers,17,2,2,1,1,0,0,0,1,0,.500,0,0,0,0,0,0,0,0,.500
3196,Chris Young,Royals,34,4,4,2,2,0,0,0,0,3,.500,0,1,0,0,0,0,0,0,.500
3254,Jeff Samardzija,White Sox,32,2,2,1,1,0,0,0,0,0,.500,0,1,0,0,0,0,0,0,.500
6248,Aaron Laffey,Rockies,3,2,2,1,1,0,0,0,0,0,.500,0,1,0,0,0,0,0,0,.500
6283,Scott Feldman,Astros,18,2,2,1,1,0,0,0,0,0,.500,0,1,0,0,0,0,0,0,.500
6748,Travis Tartamella,Cardinals,3,2,2,1,1,0,0,0,0,0,.500,0,0,0,0,0,0,0,0,.500
8173,Yovani Gallardo,Rangers,33,4,4,2,1,1,0,0,0,0,.500,0,1,0,0,0,0,0,0,.500
10585,Rico Noel,Yankees,15,2,2,1,1,0,0,0,5,0,.500,0,0,0,0,0,0,5,2,.500
11457,Sammy Solis,Nationals,18,2,2,1,1,0,0,0,0,0,.500,0,0,0,0,0,0,0,0,.500
12508,Jett Bandy,Angels,2,2,2,1,0,0,0,1,1,1,.500,0,0,0,0,0,0,0,0,.500
12586,Mike Wright,Orioles,12,2,3,1,1,0,0,0,0,0,.500,0,1,0,0,1,0,0,0,.500
12803,Carter Capps,Marlins,30,2,2,1,1,0,0,0,0,0,.500,0,1,0,0,0,0,0,0,.500
13475,Daniel Norris,- - -,13,2,3,1,0,0,0,1,1,2,.500,0,1,0,0,0,0,0,0,.500
9871,Bryan Anderson,Athletics,4,5,8,2,2,0,0,0,0,1,.400,0,1,0,1,1,0,0,0,.400
10059,Max Stassi,Astros,11,15,17,6,5,0,0,1,4,2,.400,0,5,0,0,1,1,0,0,.400
10336,Slade Heathcott,Yankees,17,25,30,10,6,2,0,2,6,8,.400,0,5,0,1,0,0,0,1,.400
10838,Cody Stanley,Cardinals,9,10,10,4,3,1,0,0,2,3,.400,0,3,0,0,0,0,0,0,.400
13288,Peter O'Brien,Diamondbacks,8,10,12,4,2,1,0,1,1,3,.400,0,5,0,0,0,0,0,0,.400
6178,Tony Sanchez,Pirates,3,8,9,3,3,0,0,0,2,0,.375,0,3,0,0,0,0,0,0,.375
10058,Tyler Matzek,Rockies,6,8,9,3,2,1,0,0,3,0,.375,0,1,0,0,1,0,0,0,.375
12181,Matt Duffy,Astros,8,8,9,3,2,1,0,0,0,3,.375,0,2,0,0,0,0,0,0,.375
10327,Ramon Cabrera,Reds,13,30,30,11,9,1,0,1,4,3,.367,0,5,0,0,0,1,0,0,.367
11624,Jarrett Parker,Giants,21,49,54,17,9,2,0,6,11,14,.347,0,21,0,0,0,1,1,1,.347
1744,Miguel Cabrera,Tigers,119,429,511,145,98,28,1,18,64,76,.338,15,82,3,2,0,19,1,1,.338
13624,Corey Seager,Dodgers,27,98,113,33,20,8,1,4,17,17,.337,1,19,1,0,0,2,2,0,.337
1118,Marco Estrada,Blue Jays,34,6,6,2,2,0,0,0,0,0,.333,0,2,0,0,0,0,0,0,.333
2134,Adam Loewen,Phillies,20,3,3,1,1,0,0,0,0,0,.333,0,0,0,0,0,1,0,0,.333
2498,Jemile Weeks,Red Sox,3,9,9,3,3,0,0,0,1,1,.333,0,2,0,0,0,0,0,0,.333
3580,C.J. Wilson,Angels,21,6,6,2,2,0,0,0,0,0,.333,0,1,0,0,0,0,0,0,.333
4955,Justin De Fratus,Phillies,61,3,3,1,1,0,0,0,0,0,.333,0,1,0,0,0,0,0,0,.333
5212,Alfredo Marte,Angels,5,6,8,2,2,0,0,0,0,0,.333,0,1,1,0,0,0,0,0,.333
5448,Jesse Chavez,Athletics,30,3,5,1,1,0,0,0,0,0,.333,0,2,0,0,2,0,0,0,.333
5552,Jamie Romak,Diamondbacks,12,15,16,5,3,2,0,0,2,1,.333,0,6,0,0,0,0,0,0,.333
5669,Henderson Alvarez,Marlins,4,6,6,2,1,1,0,0,1,1,.333,0,1,0,0,0,0,0,0,.333
6027,Sugar Marimon,Braves,16,6,7,2,2,0,0,0,0,0,.333,0,3,0,0,0,0,0,0,.333
8203,Dee Gordon,Marlins,145,615,653,205,169,24,8,4,88,46,.333,2,91,2,5,6,6,58,20,.333
10390,Daniel Fields,Tigers,1,3,3,1,0,1,0,0,1,0,.333,0,2,0,0,0,0,0,0,.333
10466,Taylor Jordan,Nationals,4,6,6,2,2,0,0,0,0,0,.333,0,2,0,0,0,0,0,0,.333
11400,Ronald Torreyes,Dodgers,8,6,8,2,1,1,0,0,1,1,.333,0,1,0,0,1,0,0,0,.333
11471,Dallas Beeler,Cubs,3,3,3,1,0,1,0,0,0,0,.333,0,1,0,0,0,0,0,0,.333
12781,Sean Gilmartin,Mets,50,6,6,2,2,0,0,0,1,0,.333,0,3,0,0,0,0,0,0,.333
13228,Michael Reed,Brewers,7,6,6,2,1,1,0,0,2,0,.333,0,3,0,0,0,0,0,0,.333
13560,Alec Asher,Phillies,7,6,6,2,1,1,0,0,0,0,.333,0,3,0,0,0,0,0,0,.333
11579,Bryce Harper,Nationals,153,521,654,172,91,38,1,42,118,99,.330,15,131,5,4,0,15,6,4,.330
13051,Chris Colabello,Blue Jays,101,333,360,107,72,19,1,15,55,54,.321,0,96,3,2,0,12,2,0,.321
9218,Paul Goldschmidt,Diamondbacks,159,567,695,182,109,38,2,33,103,110,.321,29,151,2,7,0,16,21,5,.321
12161,Xander Bogaerts,Red Sox,156,613,654,196,151,35,3,7,84,81,.320,1,101,3,3,3,16,10,2,.320
9166,Buster Posey,Giants,150,557,623,177,130,28,0,19,74,95,.318,10,52,3,7,0,17,2,0,.318
2102,Josh Wilson,Tigers,21,38,41,12,9,3,0,0,4,5,.316,0,15,2,0,1,1,0,0,.316
11342,Jesus Aguilar,Indians,7,19,20,6,5,1,0,0,0,2,.316,0,7,1,0,0,0,0,0,.316
9256,A.J. Pollock,Diamondbacks,157,609,673,192,127,39,6,20,111,76,.315,0,89,2,9,0,19,39,7,.315
4191,Yunel Escobar,Nationals,139,535,591,168,133,25,1,9,75,56,.314,0,70,8,2,1,24,2,2,.314
4314,Joey Votto,Reds,158,545,695,171,107,33,2,29,95,80,.314,15,135,5,2,0,11,11,3,.314
5417,Jose Altuve,Astros,154,638,689,200,141,40,4,15,86,66,.313,8,67,9,6,3,17,38,13,.313
49,Kyle Blanks,Rangers,18,67,71,21,13,5,0,3,10,6,.313,0,20,0,0,0,1,1,0,.313
12916,Francisco Lindor,Indians,99,390,438,122,84,22,4,12,50,51,.313,0,69,1,7,13,12,12,2,.313
2136,David Peralta,Diamondbacks,149,462,517,144,91,26,10,17,61,78,.312,2,107,4,7,0,7,9,4,.312
11936,Joe Panik,Giants,100,382,432,119,82,27,2,8,59,37,.312,0,42,5,4,3,7,3,2,.312
10953,Phil Gosselin,- - -,44,106,118,33,20,9,1,3,19,15,.311,0,16,2,1,0,2,2,1,.311
4106,Michael Brantley,Indians,137,529,596,164,104,45,0,15,68,84,.310,8,51,2,5,0,14,15,1,.310
697,J.P. Arencibia,Rays,24,71,73,22,13,3,0,6,9,17,.310,0,22,0,1,0,1,0,0,.310
1737,Justin Morneau,Rockies,49,168,182,52,36,10,3,3,19,15,.310,2,25,1,0,0,2,0,0,.310
10472,KikĂÂŠ Hernandez,Dodgers,76,202,218,62,41,12,2,7,24,22,.307,0,46,2,2,1,3,0,2,.307
9077,Lorenzo Cain,Royals,140,551,604,169,113,34,6,16,101,72,.307,4,98,12,4,0,16,28,6,.307
4712,Ben Revere,- - -,152,592,634,181,150,22,7,2,84,45,.306,0,64,2,3,5,5,31,7,.306
4613,Prince Fielder,Rangers,158,613,693,187,136,28,0,23,78,98,.305,14,88,11,5,0,21,0,0,.305
13367,Stephen Piscotty,Cardinals,63,233,256,71,45,15,4,7,29,39,.305,2,56,1,2,0,7,2,1,.305
13862,Devon Travis,Blue Jays,62,217,238,66,40,18,0,8,38,35,.304,0,43,2,1,0,4,3,1,.304
10762,Corey Dickerson,Rockies,65,224,234,68,38,18,2,10,30,31,.304,0,56,0,0,0,3,0,1,.304
4922,Ender Inciarte,Diamondbacks,132,524,561,159,121,27,5,6,73,45,.303,0,58,4,5,2,8,21,10,.303
13005,Kelby Tomlinson,Giants,54,178,193,54,43,6,3,2,23,20,.303,0,40,1,0,0,3,5,4,.303
12944,Socrates Brito,Diamondbacks,18,33,34,10,6,3,1,0,5,1,.303,0,7,0,0,0,0,1,0,.303
9776,Jason Kipnis,Indians,141,565,641,171,112,43,7,9,86,52,.303,6,107,9,6,4,5,12,8,.303
13770,Rob Refsnyder,Yankees,16,43,47,13,8,3,0,2,3,5,.302,1,7,0,0,0,3,2,0,.302
8434,Brett Wallace,Padres,64,96,107,29,18,6,0,5,14,16,.302,1,31,1,0,0,1,0,0,.302
2434,Nelson Cruz,Mariners,152,590,655,178,111,22,1,44,90,93,.302,9,164,5,1,0,6,3,2,.302
9874,DJ LeMahieu,Rockies,150,564,620,170,138,21,5,6,85,61,.301,4,107,1,2,3,20,23,3,.301
8347,Denard Span,Nationals,61,246,275,74,52,17,0,5,38,22,.301,0,26,1,2,1,5,11,0,.301
2218,Ryan Raburn,Indians,82,173,201,52,27,16,1,8,22,29,.301,3,44,4,1,0,5,0,0,.301
3376,Nick Hundley,Rockies,103,366,389,110,74,21,5,10,45,43,.301,0,76,1,1,0,8,5,6,.301
10231,Jose Iglesias,Tigers,120,416,454,125,103,17,3,2,44,23,.300,2,44,6,3,4,10,11,8,.300
11477,Christian Yelich,Marlins,126,476,525,143,104,30,2,7,63,44,.300,2,101,2,0,0,13,16,5,.300
13152,Jorge Polanco,Twins,4,10,12,3,3,0,0,0,1,1,.300,0,1,0,0,0,0,1,0,.300
13762,Tim Cooney,Cardinals,6,10,11,3,2,1,0,0,1,0,.300,0,0,0,0,1,0,0,0,.300
746,A.J. Pierzynski,Braves,113,407,436,122,88,24,1,9,38,49,.300,2,37,7,3,0,19,0,2,.300
10155,Mike Trout,Angels,159,575,682,172,93,32,6,41,104,90,.299,14,158,10,5,0,11,11,7,.299
3516,Eric Hosmer,Royals,158,599,667,178,122,33,5,18,98,93,.297,6,108,3,3,1,16,7,3,.297
11476,Odubel Herrera,Phillies,147,495,537,147,106,30,3,8,64,41,.297,0,129,8,1,5,6,16,8,.297
5038,Josh Donaldson,Blue Jays,158,620,711,184,100,41,2,41,122,123,.297,0,133,6,10,2,16,6,0,.297
6195,Ian Kinsler,Tigers,154,624,675,185,132,35,7,11,94,73,.296,0,80,3,5,0,13,10,6,.296
11773,Jason Rogers,Brewers,86,152,169,45,33,6,2,4,22,16,.296,0,34,2,0,0,2,0,0,.296
5930,Nick Markakis,Braves,156,612,686,181,139,38,1,3,73,53,.296,11,83,3,1,0,17,2,1,.296
4229,Howie Kendrick,Dodgers,117,464,495,137,104,22,2,9,64,54,.295,1,82,2,1,1,17,6,2,.295
13130,Mikie Mahtook,Rays,41,105,115,31,16,5,1,9,22,19,.295,0,31,3,0,1,0,4,3,.295
9952,Trayce Thompson,White Sox,44,122,135,36,20,8,3,5,17,16,.295,0,26,0,0,0,3,1,0,.295
13836,Matt Duffy,Giants,149,573,612,169,123,28,6,12,77,77,.295,0,96,5,2,2,22,12,0,.295
5275,Francisco Cervelli,Pirates,130,451,510,133,104,17,5,7,56,43,.295,1,94,8,1,4,12,1,1,.295
12701,Billy Burns,Athletics,125,520,555,153,121,18,9,5,70,42,.294,1,81,6,2,1,5,26,8,.294
791,Brandon Phillips,Reds,148,588,623,173,140,19,2,12,69,70,.294,1,68,4,3,1,13,23,3,.294
6265,Andre Ethier,Dodgers,142,395,445,116,75,20,7,14,54,53,.294,2,75,4,3,0,11,2,3,.294
5235,Justin Turner,Dodgers,126,385,439,113,70,26,1,16,55,60,.294,1,71,13,4,1,10,5,2,.294
4940,Jason Heyward,Cardinals,154,547,610,160,110,33,4,13,79,60,.293,4,90,2,3,0,13,23,3,.293
3255,Franklin Gutierrez,Mariners,59,171,189,50,24,11,0,15,27,35,.292,1,54,3,1,0,5,0,0,.292
1907,Andres Blanco,Phillies,106,233,261,68,36,22,3,7,32,25,.292,0,44,4,0,3,11,1,1,.292
3815,Mat Latos,- - -,24,24,34,7,7,0,0,0,1,1,.292,0,7,0,0,10,0,0,0,.292
9847,Andrew McCutchen,Pirates,157,566,685,165,103,36,3,23,91,96,.292,12,133,12,9,0,9,11,5,.292
13611,Mookie Betts,Red Sox,145,597,654,174,106,42,8,18,92,77,.291,1,82,2,6,3,2,21,6,.291
8370,Dustin Pedroia,Red Sox,93,381,425,111,79,19,1,12,46,42,.291,1,51,2,3,1,6,2,2,.291
13110,Yoenis Cespedes,- - -,159,633,676,184,101,42,6,35,101,105,.291,5,141,5,5,0,14,7,5,.291
8553,Gerardo Parra,- - -,155,547,589,159,104,36,5,14,83,51,.291,3,92,5,5,4,8,14,4,.291
3123,Gregor Blanco,Giants,115,327,372,95,68,19,3,5,59,26,.291,7,59,2,3,0,3,13,5,.291
15676,Jose Abreu,White Sox,154,613,668,178,111,34,3,30,88,101,.290,11,140,15,1,0,16,0,0,.290
8610,Kendrys Morales,Royals,158,569,639,165,100,41,2,22,81,106,.290,4,103,8,4,0,24,0,0,.290
6364,Danny Valencia,- - -,105,345,378,100,58,23,1,18,59,66,.290,3,80,1,2,1,13,2,2,.290
11145,Christian Colon,Royals,43,107,119,31,26,5,0,0,8,6,.290,0,17,0,0,1,2,3,2,.290
5888,Cole Gillespie,Marlins,67,145,157,42,28,10,2,2,17,16,.290,0,27,0,1,1,5,4,1,.290
2411,Jose Tabata,Pirates,27,38,41,11,11,0,0,0,2,4,.289,0,7,1,0,0,3,0,1,.289
3787,David Wright,Mets,38,152,174,44,32,7,0,5,24,17,.289,0,36,0,0,0,4,2,1,.289
12979,Javier Baez,Cubs,28,76,80,22,15,6,0,1,4,4,.289,1,24,0,0,0,0,1,2,.289
3878,Chris Stewart,Pirates,58,159,172,46,38,8,0,0,9,15,.289,0,29,2,2,3,3,0,0,.289
3312,Martin Prado,Marlins,129,500,551,144,111,22,2,9,52,63,.288,4,68,5,8,1,9,1,0,.288
639,Adrian Beltre,Rangers,143,567,619,163,109,32,4,18,83,83,.287,4,65,3,8,0,18,1,0,.287
17182,Jung Ho Kang,Pirates,126,421,467,121,80,24,2,15,60,58,.287,0,99,17,1,0,10,5,4,.287
9777,Nolan Arenado,Rockies,157,616,665,177,88,43,4,42,97,130,.287,13,110,4,11,0,17,2,5,.287
13075,Nori Aoki,Giants,93,355,392,102,82,12,3,5,42,26,.287,0,25,6,0,1,8,14,5,.287
9542,Steve Clevenger,Orioles,30,101,105,29,21,4,2,2,11,15,.287,1,13,0,0,0,3,0,0,.287
8202,Josh Harrison,Pirates,114,418,449,120,86,29,1,4,57,28,.287,1,71,7,2,3,4,10,8,.287
11205,Adam Eaton,White Sox,153,610,689,175,124,28,9,14,98,56,.287,2,131,14,2,5,5,18,8,.287
3269,Robinson Cano,Mariners,156,624,674,179,123,34,1,21,82,79,.287,5,107,3,4,0,26,2,6,.287
9241,Starling Marte,Pirates,153,579,633,166,115,30,2,19,84,81,.287,3,123,19,5,3,14,30,10,.287
7859,Charlie Blackmon,Rockies,157,614,682,176,119,31,9,17,93,58,.287,2,112,13,4,5,4,43,13,.287
5887,John Jaso,Rays,70,185,216,53,31,17,0,5,23,22,.286,1,39,1,2,0,5,1,2,.286
11493,Manny Machado,Orioles,162,633,713,181,115,30,1,35,102,86,.286,2,111,4,4,2,17,20,8,.286
6402,Brent Morel,Pirates,3,7,7,2,1,1,0,0,1,1,.286,0,3,0,0,0,0,0,0,.286
7412,Paul Janish,Orioles,14,35,36,10,7,3,0,0,4,3,.286,0,3,0,1,0,0,0,0,.286
11859,Mason Williams,Yankees,8,21,22,6,2,3,0,1,3,3,.286,0,3,0,0,0,0,0,0,.286
13361,Steven Matz,Mets,6,14,14,4,3,1,0,0,1,5,.286,0,1,0,0,0,1,0,0,.286
3410,Ryan Braun,Brewers,140,506,568,144,89,27,3,25,87,84,.285,4,115,4,3,0,20,24,4,.285
10071,Jonathan Villar,Astros,53,116,128,33,23,7,1,2,18,11,.284,0,29,0,1,1,3,7,2,.284
4892,Mike Moustakas,Royals,147,549,614,156,99,34,1,22,73,82,.284,1,76,13,5,4,14,1,2,.284
11167,Josh Rutledge,Red Sox,39,74,85,21,19,1,0,1,11,10,.284,1,26,2,3,1,0,0,0,.284
13613,Ketel Marte,Mariners,57,219,247,62,43,14,3,2,25,17,.283,0,43,0,2,2,1,8,4,.283
6035,David Murphy,- - -,132,361,391,102,73,18,1,10,38,50,.283,1,49,1,5,1,6,0,2,.283
2530,Yonder Alonso,Padres,103,354,402,100,76,18,1,5,50,31,.282,3,48,3,3,0,13,2,5,.282
5371,Juan Perez,Giants,22,39,40,11,8,3,0,0,5,2,.282,0,6,0,0,0,1,1,0,.282
6848,Eduardo Nunez,Twins,72,188,204,53,34,14,1,4,23,20,.282,0,29,1,1,2,1,8,4,.282
6184,J.D. Martinez,Tigers,158,596,657,168,95,33,2,38,93,102,.282,7,178,5,3,0,11,3,2,.282
7802,Miguel Rojas,Marlins,60,142,157,40,31,7,1,1,13,17,.282,1,16,0,2,2,4,0,1,.282
7185,Logan Forsythe,Rays,153,540,615,152,100,33,2,17,69,68,.281,2,111,14,6,0,12,9,4,.281
11287,Bryan Holaday,Tigers,24,64,65,18,11,5,0,2,3,13,.281,0,13,0,0,0,0,0,0,.281
10459,Adeiny Hechavarria,Marlins,130,470,499,132,104,17,6,5,54,48,.281,4,78,2,4,0,18,7,2,.281
4316,Daniel Murphy,Mets,130,499,538,140,86,38,2,14,56,73,.281,10,38,2,6,0,15,2,2,.281
10264,Brandon Belt,Giants,137,492,556,138,82,33,5,18,73,68,.280,2,147,4,4,0,3,9,3,.280
6266,Daniel Robertson,Angels,37,75,80,21,19,2,0,0,10,7,.280,1,7,0,0,3,1,0,0,.280
3531,Troy Tulowitzki,- - -,128,486,534,136,92,27,0,17,77,70,.280,5,114,6,4,0,17,1,0,.280
4556,James Loney,Rays,104,361,388,101,81,16,0,4,25,32,.280,5,34,1,3,0,10,2,4,.280
9345,Brock Holt,Red Sox,129,454,509,127,92,27,6,2,56,45,.280,0,97,3,2,4,7,8,1,.280
12179,Maikel Franco,Phillies,80,304,335,85,48,22,1,14,45,50,.280,2,52,4,1,0,8,1,0,.280
12552,Eugenio Suarez,Reds,97,372,398,104,70,19,2,13,42,48,.280,0,94,3,2,4,7,4,1,.280
1873,Matt Holliday,Cardinals,73,229,277,64,43,16,1,4,24,35,.279,5,49,6,3,0,9,2,1,.279
5497,Marwin Gonzalez,Astros,120,344,370,96,65,18,1,12,44,34,.279,0,74,3,0,7,9,4,5,.279
14162,Carlos Correa,Astros,99,387,432,108,63,22,1,22,52,68,.279,2,78,1,4,0,10,14,4,.279
11265,Jonathan Schoop,Orioles,86,305,321,85,53,17,0,15,34,39,.279,0,79,4,2,1,9,2,0,.279
3473,Anthony Rizzo,Cubs,160,586,701,163,91,38,3,31,94,101,.278,9,105,30,7,0,9,17,6,.278
12434,Kevin Pillar,Blue Jays,159,586,628,163,118,31,2,12,76,56,.278,1,85,5,5,4,9,25,4,.278
3086,Mitch Moreland,Rangers,132,471,515,131,81,27,0,23,51,85,.278,2,112,7,5,0,9,1,0,.278
13777,Adonis Garcia,Braves,58,191,198,53,31,12,0,10,20,26,.277,0,35,0,2,0,9,0,0,.277
10346,John Ryan Murphy,Yankees,67,155,172,43,30,9,1,3,21,14,.277,0,43,1,3,1,4,0,0,.277
9741,Ben Paulsen,Rockies,116,325,354,90,56,19,4,11,42,49,.277,0,92,2,3,1,5,1,2,.277
8027,Adam Lind,Brewers,149,502,572,139,87,32,0,20,72,87,.277,11,100,1,3,0,7,0,0,.277
2151,Edwin Encarnacion,Blue Jays,146,528,624,146,76,31,0,39,94,111,.277,5,98,9,10,0,14,3,2,.277
5361,Freddie Freeman,Braves,118,416,481,115,70,27,0,18,62,66,.276,4,98,7,2,0,6,3,1,.276
7799,Joey Butler,Rays,88,257,276,71,51,12,0,8,30,30,.276,0,82,3,0,0,16,5,2,.276
7435,Ben Zobrist,- - -,126,467,535,129,77,36,3,13,76,56,.276,3,56,1,5,0,8,3,4,.276
589,Carlos Beltran,Yankees,133,478,531,132,78,34,1,19,57,67,.276,2,85,2,6,0,12,0,0,.276
6008,Reynaldo Navarro,Orioles,10,29,30,8,5,2,0,1,5,3,.276,0,3,0,0,1,0,0,0,.276
10306,Oswaldo Arcia,Twins,19,58,65,16,14,0,0,2,6,8,.276,4,15,2,1,0,2,0,0,.276
12856,George Springer,Astros,102,388,451,107,70,19,2,16,59,41,.276,0,109,8,3,2,4,16,4,.276
3174,Shin-Soo Choo,Rangers,149,555,653,153,96,32,3,22,94,82,.276,1,147,15,5,2,7,4,2,.276
10243,Randal Grichuk,Cardinals,103,323,350,89,42,23,7,17,49,47,.276,2,110,4,1,0,6,4,2,.276
15429,Kris Bryant,Cubs,151,559,650,154,92,31,5,26,87,99,.275,0,199,9,5,0,7,13,4,.275
5481,Jimmy Paredes,Orioles,104,363,384,100,71,17,2,10,46,42,.275,0,111,0,2,0,8,4,4,.275
8252,Hunter Pence,Giants,52,207,223,57,34,13,1,9,30,40,.275,0,48,0,0,0,8,4,1,.275
1908,Adrian Gonzalez,Dodgers,156,571,643,157,96,33,0,28,76,90,.275,10,107,6,3,0,21,0,1,.275
1738,Jhonny Peralta,Cardinals,155,579,640,159,115,26,1,17,64,71,.275,6,111,5,6,0,23,1,4,.275
1736,Jose Reyes,- - -,116,481,519,132,98,25,2,7,57,53,.274,0,62,0,3,9,6,24,6,.274
13176,Blake Swihart,Red Sox,84,288,309,79,56,17,1,5,47,31,.274,0,77,1,0,2,8,4,2,.274
4022,Melky Cabrera,White Sox,158,629,683,172,122,36,2,12,70,77,.273,2,88,2,10,2,18,3,0,.273
17171,Yasmany Tomas,Diamondbacks,118,406,426,111,80,19,3,9,40,48,.273,0,110,2,1,0,16,5,2,.273
3231,Brayan Pena,Reds,108,333,367,91,74,17,0,0,17,18,.273,1,34,2,1,2,10,2,0,.273
9048,Ezequiel Carrera,Blue Jays,91,172,192,47,36,8,0,3,27,26,.273,0,45,2,2,5,1,2,1,.273
745,David Ortiz,Red Sox,146,528,614,144,70,37,0,37,73,108,.273,16,95,0,9,0,16,0,1,.273
3892,Josh Reddick,Athletics,149,526,582,143,94,25,4,20,67,77,.272,1,65,0,2,1,7,10,2,.272
6908,Clint Robinson,Nationals,126,309,352,84,58,15,1,10,44,34,.272,4,52,5,1,0,6,0,0,.272
8090,Matt Carpenter,Cardinals,154,574,665,156,81,44,3,28,101,84,.272,5,151,6,4,0,5,4,3,.272
10556,Cesar Hernandez,Phillies,127,405,452,110,85,20,4,1,57,35,.272,1,86,2,1,4,6,19,5,.272
6740,Johnny Giavotella,Angels,129,453,502,123,89,25,5,4,51,49,.272,0,59,2,6,9,7,2,1,.272
5209,Alex Gordon,Royals,104,354,422,96,65,18,0,13,40,48,.271,7,92,14,5,0,2,2,5,.271
7287,Carlos Gonzalez,Rockies,153,554,608,150,83,25,2,40,87,97,.271,6,133,1,6,1,11,2,0,.271
12294,Cory Spangenberg,Padres,108,303,345,82,56,17,5,4,38,21,.271,1,75,2,3,8,4,9,4,.271
7007,Yadier Molina,Cardinals,136,488,530,132,103,23,2,4,34,61,.270,3,59,0,9,1,16,3,1,.270
13119,Taylor Jungmann,Brewers,21,37,44,10,8,2,0,0,2,0,.270,0,12,0,0,6,0,0,0,.270
2140,Delmon Young,Orioles,52,174,180,47,39,6,0,2,20,16,.270,0,29,1,1,0,8,0,0,.270
16376,Michael Conforto,Mets,56,174,194,47,24,14,0,9,30,26,.270,0,39,1,2,0,4,0,1,.270
5352,Yangervis Solarte,Padres,152,526,571,142,91,33,4,14,63,63,.270,0,56,6,3,2,15,1,0,.270
11982,Travis Shaw,Red Sox,65,226,248,61,38,10,0,13,31,36,.270,1,57,2,2,0,1,0,1,.270
9368,Evan Longoria,Rays,160,604,670,163,106,35,1,21,74,73,.270,8,132,6,9,0,11,3,1,.270
4082,Erick Aybar,Angels,156,597,638,161,127,30,1,3,74,44,.270,1,73,4,5,7,12,15,6,.270
6368,Adam Jones,Orioles,137,546,581,147,92,25,3,27,74,82,.269,3,102,8,3,0,21,3,1,.269
10299,Eury Perez,Braves,47,119,133,32,28,4,0,0,10,5,.269,1,23,4,0,3,3,3,1,.269
7539,Neil Walker,Pirates,151,543,603,146,95,32,3,16,69,71,.269,5,110,8,8,0,9,4,1,.269
4400,Chris Denorfia,Cubs,103,212,231,57,42,11,1,3,18,18,.269,1,56,1,1,2,7,0,1,.269
12164,Miguel Sano,Twins,80,279,335,75,39,17,1,18,46,52,.269,1,119,1,2,0,4,1,1,.269
12371,Tommy La Stella,Cubs,33,67,75,18,11,6,0,1,4,11,.269,0,7,1,1,0,1,2,0,.269
8002,Wilin Rosario,Rockies,87,231,242,62,41,14,1,6,22,29,.268,2,56,1,1,1,8,2,1,.268
4450,Steve Tolleson,Blue Jays,19,41,45,11,5,5,1,0,9,3,.268,0,9,0,0,0,1,2,0,.268
1965,Desmond Jennings,Rays,28,97,108,26,22,2,1,1,9,7,.268,0,17,1,2,0,2,5,3,.268
2967,Tommy Pham,Cardinals,52,153,173,41,24,7,5,5,28,18,.268,1,41,0,1,0,1,2,0,.268
7739,Travis d'Arnaud,Mets,67,239,268,64,37,14,1,12,31,41,.268,0,49,4,2,0,7,0,0,.268
4298,Matt Wieters,Orioles,75,258,282,69,46,14,1,8,24,25,.267,0,67,0,3,0,4,0,0,.267
5223,Cameron Maybin,Braves,141,505,555,135,105,18,2,10,65,59,.267,1,102,1,3,1,16,23,6,.267
12155,Eddie Rosario,Twins,122,453,474,121,75,18,15,13,60,50,.267,3,118,0,3,3,5,11,6,.267
9848,Austin Jackson,- - -,136,491,527,131,94,25,3,9,56,48,.267,0,126,3,1,3,5,17,10,.267
6656,L.J. Hoes,Astros,8,15,16,4,4,0,0,0,1,1,.267,0,3,0,0,0,0,0,0,.267
7358,Michael Martinez,Indians,16,30,32,8,6,2,0,0,7,2,.267,0,12,0,0,1,1,0,1,.267
9785,Kyle Seager,Mariners,161,623,686,166,103,37,0,26,85,74,.266,6,98,5,4,0,17,6,6,.266
6677,J.B. Shuck,White Sox,79,143,165,38,28,8,2,0,15,15,.266,0,16,1,2,3,2,7,5,.266
12723,Tyler Collins,Tigers,60,192,207,51,33,11,3,4,18,25,.266,0,43,1,0,1,2,2,1,.266
10847,Andrelton Simmons,Braves,147,535,583,142,113,23,2,4,60,44,.265,6,48,6,2,1,19,5,3,.265
4962,Asdrubal Cabrera,Rays,143,505,551,134,86,28,5,15,66,58,.265,4,107,3,6,1,14,6,3,.265
4949,Giancarlo Stanton,Marlins,74,279,318,74,34,12,1,27,47,67,.265,6,95,2,3,0,5,4,2,.265
1857,Joe Mauer,Twins,158,592,666,157,111,34,2,10,69,66,.265,12,112,1,5,1,22,2,1,.265
1201,Carl Crawford,Dodgers,69,181,193,48,33,9,2,4,19,16,.265,1,41,0,0,0,3,10,2,.265
5631,Matt Kemp,Padres,154,596,648,158,101,31,3,23,80,100,.265,0,147,5,8,0,17,12,2,.265
4579,Starlin Castro,Cubs,151,547,578,145,109,23,2,11,52,69,.265,6,91,5,4,1,18,5,5,.265
2636,Brandon Guyer,Rays,128,332,385,88,57,21,2,8,51,28,.265,0,61,24,1,3,5,10,4,.265
6012,Didi Gregorius,Yankees,155,525,578,139,104,24,2,9,57,56,.265,0,85,11,6,3,4,5,3,.265
14441,Henry Urrutia,Orioles,10,34,36,9,7,1,0,1,3,6,.265,0,3,0,0,0,1,0,0,.265
2234,Kelly Johnson,- - -,111,310,335,82,57,11,0,14,38,47,.265,2,81,0,1,0,8,2,1,.265
12859,James McCann,Tigers,114,401,425,106,76,18,5,7,32,41,.264,0,90,3,1,4,17,0,1,.264
7870,Jonathan Lucroy,Brewers,103,371,415,98,68,20,3,7,51,43,.264,0,64,1,6,1,18,1,0,.264
10339,Scooter Gennett,Brewers,114,375,391,99,71,18,4,6,42,29,.264,5,68,4,0,0,11,1,3,.264
12861,Anthony Rendon,Nationals,80,311,355,82,61,16,0,5,43,25,.264,0,70,4,4,0,8,1,2,.264
11038,Kevin Kiermaier,Rays,151,505,535,133,86,25,12,10,62,40,.263,0,95,2,2,2,7,18,5,.263
6609,Freddy Galvis,Phillies,151,559,603,147,121,14,5,7,63,50,.263,1,103,3,4,7,11,10,1,.263
5827,Wilmer Flores,Mets,137,483,510,127,89,22,0,16,55,59,.263,2,63,4,2,2,12,0,1,.263
13329,Jake Lamb,Diamondbacks,107,350,390,92,66,15,5,6,38,34,.263,3,97,1,3,0,5,3,2,.263
14221,Jorge Soler,Cubs,101,366,404,96,67,18,1,10,39,47,.262,5,121,3,3,0,9,3,1,.262
12532,Kolten Wong,Cardinals,150,557,613,146,103,28,4,11,71,61,.262,2,95,15,5,0,10,15,8,.262
7409,Xavier Scruggs,Cardinals,17,42,43,11,9,2,0,0,5,7,.262,0,10,1,0,0,2,1,0,.262
9629,Shawn O'Malley,Mariners,24,42,57,11,9,1,0,1,10,7,.262,0,14,0,1,2,0,3,0,.262
12546,C.J. Cron,Angels,113,378,404,99,65,17,1,16,37,51,.262,1,82,5,3,0,9,3,1,.262
6876,Mark Trumbo,- - -,142,508,545,133,85,23,3,22,62,64,.262,1,132,0,1,0,12,0,0,.262
9272,Chris Davis,Orioles,160,573,670,150,72,31,0,47,100,117,.262,6,208,8,5,0,6,2,3,.262
2918,Angel Pagan,Giants,133,512,551,134,107,21,3,3,55,37,.262,0,93,1,6,0,12,12,4,.262
6153,Eduardo Escobar,Twins,127,409,446,107,60,31,4,12,48,58,.262,1,86,2,5,2,7,2,3,.262
9744,Justin Bour,Marlins,129,409,446,107,64,20,0,23,42,73,.262,3,101,2,1,0,19,0,0,.262
3371,Alejandro De Aza,- - -,114,325,365,85,54,17,7,7,51,35,.262,3,84,5,2,2,6,7,5,.262
11379,Delino DeShields,Rangers,121,425,492,111,77,22,10,2,83,37,.261,1,101,3,4,7,1,25,8,.261
14131,Gregory Bird,Yankees,46,157,178,41,21,9,0,11,26,31,.261,0,53,1,1,0,1,0,0,.261
5519,Ruben Tejada,Mets,116,360,407,94,68,23,0,3,36,28,.261,5,70,5,2,2,6,2,1,.261
9718,Chris Dominguez,Reds,14,23,23,6,3,1,1,1,2,3,.261,0,12,0,0,0,0,0,0,.261
5000,Stephen Vogt,Athletics,136,445,511,116,74,21,3,18,58,71,.261,6,97,2,8,0,9,0,2,.261
5278,Pedro Ciriaco,Braves,84,142,151,37,27,8,1,1,14,15,.261,0,38,2,3,2,1,4,2,.261
12282,Rougned Odor,Rangers,120,426,470,111,65,21,9,16,54,61,.261,2,79,14,5,2,3,6,7,.261
7304,Salvador Perez,Royals,142,531,553,138,92,25,0,21,52,70,.260,4,82,4,5,0,23,1,0,.260
2832,Rafael Ynoa,Rockies,72,127,131,33,24,8,1,0,14,9,.260,0,28,0,0,1,2,1,0,.260
5247,Brett Lawrie,Athletics,149,562,602,146,98,29,3,16,64,60,.260,1,144,5,4,3,8,5,2,.260
2430,Darwin Barney,- - -,17,27,30,7,4,1,0,2,4,4,.259,0,2,0,0,2,0,0,0,.259
10324,Marcell Ozuna,Marlins,123,459,494,119,82,27,0,10,47,44,.259,1,110,3,2,0,10,2,3,.259
9927,Brett Gardner,Yankees,151,571,656,148,103,26,3,16,94,66,.259,1,135,6,3,8,8,20,5,.259
7423,Shane Peterson,Brewers,93,201,226,52,40,7,3,2,22,16,.259,1,55,0,1,3,3,0,1,.259
4719,Brian Bogusevic,Phillies,22,58,61,15,10,3,0,2,9,5,.259,0,21,0,0,0,1,2,0,.259
4720,Chase Headley,Yankees,156,580,642,150,109,29,1,11,74,62,.259,0,135,7,4,0,17,0,2,.259
4747,Curtis Granderson,Mets,157,580,682,150,89,33,2,26,98,70,.259,3,151,7,4,0,3,11,6,.259
1534,Michael Cuddyer,Mets,117,379,408,98,69,18,1,10,44,41,.259,0,88,4,1,0,13,2,0,.259
5015,Melvin Upton Jr.,Padres,87,205,228,53,32,12,4,5,23,17,.259,2,62,0,0,2,1,9,3,.259
5384,Juan Lagares,Mets,143,441,465,114,87,16,5,6,47,41,.259,2,87,4,3,1,6,7,3,.259
11739,J.T. Realmuto,Marlins,126,441,467,114,76,21,7,10,49,47,.259,2,70,2,4,1,11,8,4,.259
8709,Elvis Andrus,Rangers,160,596,661,154,111,34,2,7,69,62,.258,1,78,2,9,8,14,25,9,.258
3708,Rajai Davis,Tigers,112,341,370,88,53,16,11,8,55,30,.258,0,76,3,3,1,5,18,8,.258
12775,Brad Miller,Mariners,144,438,497,113,76,22,4,11,44,46,.258,0,101,2,6,4,7,13,4,.258
2616,Zack Cozart,Reds,53,194,214,50,30,10,1,9,28,28,.258,1,29,2,3,1,4,3,3,.258
4792,Jeff Francoeur,Phillies,119,326,343,84,54,16,1,13,34,45,.258,0,77,1,3,0,10,0,2,.258
12533,Marcus Semien,Athletics,155,556,601,143,98,23,7,15,65,45,.257,1,132,1,1,1,16,11,5,.257
5933,Jean Segura,Brewers,142,560,584,144,117,16,5,6,57,50,.257,2,93,6,2,3,14,25,6,.257
13499,Tom Murphy,Rockies,11,35,39,9,5,1,0,3,5,9,.257,1,10,0,0,0,0,0,0,.257
9549,David Freese,Angels,121,424,470,109,68,27,0,14,53,56,.257,0,107,12,3,0,12,1,1,.257
5760,Avisail Garcia,White Sox,148,553,601,142,110,17,2,13,66,59,.257,3,141,8,4,0,13,7,7,.257
4727,Jacoby Ellsbury,Yankees,111,452,501,116,92,15,2,7,66,33,.257,1,86,7,3,1,6,21,9,.257
6310,Alcides Escobar,Royals,148,612,662,157,129,20,5,3,76,47,.257,1,75,8,5,11,10,17,5,.257
5343,Brandon Crawford,Giants,143,507,561,130,72,33,4,21,65,84,.256,9,119,11,4,0,18,6,4,.256
12907,Gregory Polanco,Pirates,153,593,652,152,102,35,6,9,83,52,.256,6,121,1,2,1,5,27,10,.256
10542,Derek Dietrich,Marlins,90,250,289,64,37,14,3,10,38,24,.256,2,65,13,3,0,4,0,2,.256
5297,Aaron Hicks,Twins,97,352,390,90,65,11,3,11,48,33,.256,2,66,2,2,0,6,13,3,.256
11200,Kole Calhoun,Angels,159,630,686,161,110,23,2,26,78,83,.256,1,164,5,4,2,6,4,1,.256
1159,Andrew Romine,Tigers,109,184,203,47,40,5,0,2,25,15,.255,1,46,3,1,4,4,10,5,.255
14225,Yasiel Puig,Dodgers,79,282,311,72,46,12,3,11,30,38,.255,1,66,2,1,0,1,3,3,.255
785,Todd Frazier,Reds,157,619,678,158,79,43,1,35,82,89,.255,3,137,7,7,1,19,13,8,.255
4881,Carlos Gomez,- - -,115,435,477,111,69,29,1,12,61,56,.255,1,101,7,1,3,5,17,9,.255
1191,Chris Johnson,- - -,83,243,255,62,48,11,0,3,18,18,.255,0,74,1,1,0,5,2,1,.255
1281,Mark Teixeira,Yankees,111,392,462,100,47,22,0,31,57,79,.255,6,85,6,5,0,7,2,0,.255
7324,Chris Gimenez,Rangers,36,98,113,25,13,6,1,5,19,14,.255,0,19,1,0,4,2,2,0,.255
11737,Nick Castellanos,Tigers,154,549,595,140,86,33,6,15,42,73,.255,1,152,1,6,0,21,0,3,.255
2090,Alex Rios,Royals,105,385,411,98,70,22,2,4,40,32,.255,0,67,5,6,0,10,9,0,.255
11445,Mark Canha,Athletics,124,441,485,112,71,22,3,16,61,70,.254,0,96,8,3,0,9,7,2,.254
5097,Anthony Gose,Tigers,140,485,535,123,86,24,8,5,73,26,.254,0,145,3,0,2,11,23,11,.254
10047,Wil Myers,Padres,60,225,253,57,35,13,1,8,40,29,.253,0,55,1,0,0,2,5,2,.253
17528,Hector Olivera,Braves,24,79,87,20,13,4,1,2,4,11,.253,0,12,2,1,0,2,0,0,.253
9854,Efren Navarro,Angels,54,83,88,21,17,4,0,0,9,5,.253,1,16,0,0,0,5,0,2,.253
1875,Josh Hamilton,Rangers,50,170,182,43,27,8,0,8,22,25,.253,0,52,0,2,0,1,0,0,.253
454,Juan Uribe,- - -,119,360,397,91,60,17,0,14,40,43,.253,3,80,2,1,0,12,2,0,.253
2197,Grady Sizemore,- - -,97,273,296,69,46,17,0,6,24,33,.253,0,60,2,1,0,3,3,3,.253
17016,Rusney Castillo,Red Sox,80,273,289,69,52,10,2,5,35,29,.253,0,54,1,1,1,11,4,5,.253
11385,Matt den Dekker,Nationals,55,99,110,25,13,6,1,5,12,12,.253,0,20,0,0,2,0,0,1,.253
10200,Tucker Barnhart,Reds,81,242,274,61,49,9,0,3,23,18,.252,5,45,2,3,2,10,0,1,.252
3882,Chris Young,Yankees,140,318,356,80,45,20,1,14,53,42,.252,2,73,3,2,3,6,3,1,.252
629,Brandon Barnes,Rockies,106,255,281,64,47,13,2,2,30,17,.251,3,67,3,1,1,6,4,2,.251
7399,Billy Butler,Athletics,151,538,601,135,91,28,1,15,63,65,.251,4,101,7,4,0,26,0,0,.251
5222,Justin Upton,Padres,150,542,620,136,81,26,3,26,85,81,.251,5,159,4,5,0,10,19,5,.251
6867,Derek Norris,Padres,147,515,557,129,80,33,2,14,65,62,.250,1,131,6,1,0,5,4,1,.250
1274,Alex Rodriguez,Yankees,151,523,620,131,75,22,1,33,83,86,.250,5,145,6,7,0,17,4,0,.250
1887,Jose Bautista,Blue Jays,153,543,666,136,64,29,3,40,108,114,.250,2,106,5,8,0,19,8,2,.250
2072,Jeremy Guthrie,Royals,30,4,5,1,1,0,0,0,0,0,.250,0,0,0,0,1,0,0,0,.250
3374,Ubaldo Jimenez,Orioles,32,8,8,2,2,0,0,0,0,2,.250,0,4,0,0,0,0,0,0,.250
4062,Dexter Fowler,Cubs,156,596,690,149,95,29,8,17,102,46,.250,1,154,5,3,2,5,20,7,.250
4249,Shane Robinson,Twins,83,180,197,45,35,7,3,0,28,16,.250,0,29,1,1,3,4,6,1,.250
4866,Jarrod Dyson,Royals,90,200,225,50,34,8,6,2,31,18,.250,0,37,4,1,6,3,26,3,.250
4897,Scott Kazmir,- - -,31,4,4,1,1,0,0,0,1,1,.250,0,2,0,0,0,0,0,0,.250
5305,Alex Presley,Astros,8,12,13,3,3,0,0,0,1,1,.250,0,5,0,0,0,0,0,0,.250
5486,Abraham Almonte,- - -,82,232,258,58,36,12,5,5,36,24,.250,0,52,0,2,3,5,7,1,.250
6878,Chris Coghlan,Cubs,148,440,503,110,63,25,6,16,64,41,.250,6,94,3,1,1,8,11,2,.250
7772,Matt Hague,Blue Jays,10,12,15,3,2,1,0,0,1,0,.250,1,4,1,0,0,0,0,0,.250
7872,Tyson Ross,Padres,34,56,68,14,11,1,1,1,6,6,.250,0,19,1,1,8,1,0,0,.250
8790,Cole Figueroa,Yankees,2,8,8,2,0,2,0,0,2,0,.250,0,0,0,0,0,0,0,0,.250
9362,Adam Moore,Indians,1,4,4,1,1,0,0,0,0,1,.250,0,2,0,0,0,0,0,0,.250
9654,Michael Blazek,Brewers,45,4,4,1,0,1,0,0,0,1,.250,0,2,0,0,0,0,0,0,.250
9807,Ryan Goins,Blue Jays,128,376,428,94,69,16,4,5,52,45,.250,0,83,1,5,7,12,2,1,.250
10642,Carlos Perez,Angels,86,260,283,65,48,13,0,4,20,21,.250,0,49,0,2,2,7,2,0,.250
12225,Scott Schebler,Dodgers,19,36,40,9,6,0,0,3,6,4,.250,1,13,1,0,0,0,2,1,.250
12638,Nate Karns,Rays,27,4,5,1,0,0,0,1,1,1,.250,0,3,0,0,1,0,0,0,.250
12649,Alex Dickerson,Padres,11,8,8,2,2,0,0,0,0,0,.250,0,3,0,0,0,1,0,0,.250
13849,Jon Moscot,Reds,3,4,4,1,1,0,0,0,0,0,.250,0,2,0,0,0,0,0,0,.250
14523,Pedro Severino,Nationals,2,4,4,1,0,1,0,0,1,0,.250,0,1,0,0,0,0,0,0,.250
14814,Buck Farmer,Tigers,14,4,4,1,1,0,0,0,0,0,.250,0,3,0,0,0,0,0,0,.250
14843,Michael Lorenzen,Reds,33,36,41,9,8,0,1,0,4,4,.250,0,13,1,0,4,0,0,0,.250
8001,Hanley Ramirez,Red Sox,105,401,430,100,68,12,1,19,59,53,.249,2,71,4,4,0,11,6,3,.249
8628,Paulo Orlando,Royals,86,241,251,60,33,14,6,7,31,27,.249,0,53,2,1,2,0,3,3,.249
9308,Josh Phegley,Athletics,73,225,243,56,30,16,1,9,27,34,.249,0,51,3,1,0,5,0,0,.249
12984,Jackie Bradley Jr.,Red Sox,74,221,255,55,24,17,4,10,43,43,.249,0,69,3,3,1,5,3,0,.249
5133,Alexei Ramirez,White Sox,154,583,622,145,102,33,0,10,54,62,.249,2,68,1,6,1,18,17,7,.249
4220,Ryan Zimmerman,Nationals,95,346,390,86,44,25,1,16,43,73,.249,0,79,1,10,0,13,1,0,.249
7331,Seth Smith,Mariners,136,395,452,98,50,31,5,12,54,42,.248,4,99,4,5,1,15,0,0,.248
7620,Justin Ruggiano,- - -,57,125,141,31,16,8,1,6,20,15,.248,0,41,2,0,0,1,5,2,.248
3364,Miguel Montero,Cubs,113,347,403,86,60,11,0,15,36,53,.248,5,103,4,3,0,9,1,1,.248
9112,Khris Davis,Brewers,121,392,440,97,52,16,2,27,54,66,.247,1,122,1,3,0,9,6,2,.247
7927,Eric Sogard,Athletics,120,372,401,92,76,12,3,1,40,37,.247,1,50,2,1,3,9,6,1,.247
4952,Ryan Hanigan,Red Sox,54,174,201,43,33,8,0,2,28,16,.247,0,39,4,1,1,6,0,0,.247
3441,Nolan Reimold,Orioles,61,170,195,42,30,5,1,6,24,20,.247,2,47,2,0,0,2,0,0,.247
950,Marlon Byrd,- - -,135,506,544,125,72,25,5,23,58,73,.247,2,145,4,5,0,10,2,1,.247
10816,Jedd Gyorko,Padres,128,421,458,104,73,15,0,16,34,57,.247,1,107,5,5,0,13,0,1,.247
5524,Madison Bumgarner,Giants,36,77,81,19,12,2,0,5,9,9,.247,0,27,0,0,1,1,0,0,.247
1002,Aramis Ramirez,- - -,137,475,516,117,68,31,1,17,43,75,.246,3,68,5,5,0,23,1,0,.246
7571,Lonnie Chisenhall,Indians,106,333,362,82,55,19,1,7,38,44,.246,3,69,1,3,2,0,4,1,.246
16478,Kyle Schwarber,Cubs,69,232,273,57,34,6,1,16,52,43,.246,1,77,4,1,0,4,3,3,.246
3179,Dioner Navarro,Blue Jays,54,171,192,42,30,7,0,5,17,20,.246,1,29,0,4,0,0,0,0,.246
4464,Mike Baxter,Cubs,34,57,66,14,13,1,0,0,6,2,.246,1,14,2,0,0,3,0,0,.246
11003,Evan Gattis,Astros,153,566,604,139,81,20,11,27,66,88,.246,3,119,3,5,0,13,0,1,.246
6589,Sean Rodriguez,Pirates,139,224,240,55,38,12,1,4,25,17,.246,0,63,6,0,5,9,2,2,.246
393,Victor Martinez,Tigers,120,440,485,108,77,20,0,11,39,64,.245,8,52,7,7,0,18,0,0,.245
6013,Cristhian Adames,Rockies,26,53,58,13,11,1,1,0,4,3,.245,1,11,1,0,1,0,0,1,.245
11997,Cody Asche,Phillies,129,425,456,104,67,22,3,12,41,39,.245,3,111,4,1,0,4,1,2,.245
5409,Pablo Sandoval,Red Sox,126,470,505,115,79,25,1,10,43,47,.245,1,73,7,2,1,14,0,0,.245
7462,Trevor Plouffe,Twins,152,573,632,140,79,35,4,22,74,86,.244,0,124,4,4,1,28,2,1,.244
1177,Albert Pujols,Angels,157,602,661,147,85,22,0,40,85,95,.244,10,72,6,3,0,15,5,3,.244
2502,Lucas Duda,Mets,135,471,554,115,55,33,0,27,67,73,.244,7,138,14,3,0,12,0,2,.244
9886,Ivan De Jesus,Reds,76,201,222,49,33,10,2,4,15,28,.244,0,55,1,1,0,3,0,2,.244
6547,Jordy Mercer,Pirates,116,394,430,96,72,21,0,3,34,34,.244,7,73,2,3,4,7,3,2,.244
211,Will Venable,- - -,135,349,390,85,63,13,3,6,40,33,.244,3,94,2,0,2,8,16,1,.244
5751,Hernan Perez,- - -,112,263,272,64,46,15,2,1,14,21,.243,1,59,0,1,3,6,5,1,.243
13633,Preston Tucker,Astros,98,300,323,73,41,19,0,13,35,33,.243,0,68,3,0,0,3,0,2,.243
2495,Pedro Alvarez,Pirates,150,437,491,106,61,18,0,27,60,77,.243,9,131,2,4,0,6,2,0,.243
2677,Jordan Pacheco,Diamondbacks,29,66,78,16,14,0,0,2,8,8,.242,0,14,1,2,0,6,1,0,.242
5432,Elian Herrera,Brewers,83,256,277,62,37,18,0,7,29,33,.242,1,72,0,2,1,4,3,1,.242
14106,Addison Russell,Cubs,142,475,523,115,72,29,1,13,60,54,.242,2,149,3,2,1,8,4,3,.242
3704,Skip Schumaker,Reds,131,244,268,59,38,20,0,1,23,21,.242,2,51,0,1,0,7,2,2,.242
15580,Dariel Alvarez,Orioles,12,29,31,7,5,1,0,1,3,1,.241,0,8,0,0,0,0,0,0,.241
11270,Aaron Altherr,Phillies,39,137,161,33,13,11,4,5,25,22,.241,0,41,5,2,1,3,6,2,.241
4616,Russell Martin,Blue Jays,129,441,507,106,58,23,2,23,76,77,.240,1,106,8,5,0,22,4,5,.240
8259,Kurt Suzuki,Twins,131,433,479,104,82,17,0,5,36,50,.240,4,59,7,4,6,14,0,0,.240
9393,Matt Adams,Cardinals,60,175,186,42,28,9,0,5,14,24,.240,1,41,0,1,0,1,1,0,.240
10951,Greg Garcia,Cardinals,49,75,87,18,11,5,0,2,7,4,.240,1,12,1,0,1,2,0,0,.240
12101,Kennys Vargas,Twins,58,175,184,42,33,4,0,5,18,17,.240,0,54,0,0,0,7,0,0,.240
731,Torii Hunter,Twins,139,521,567,125,81,22,0,22,67,81,.240,1,105,6,5,0,14,2,5,.240
2225,Jason Bourgeois,Reds,68,196,212,47,37,5,2,3,28,14,.240,0,33,1,0,1,2,3,1,.240
9219,Danny Espinosa,Nationals,118,367,412,88,53,21,1,13,59,37,.240,5,106,6,3,3,6,5,2,.240
15450,Daniel Castro,Braves,33,96,100,23,18,2,1,2,14,5,.240,0,15,0,0,1,4,0,0,.240
4365,Scott Van Slyke,Dodgers,96,222,253,53,33,14,0,6,19,30,.239,2,62,4,3,1,5,3,1,.239
9134,Tyler Flowers,White Sox,112,331,361,79,58,12,0,9,21,39,.239,0,104,6,1,2,8,0,1,.239
12325,Jace Peterson,Braves,152,528,597,126,92,23,5,6,55,52,.239,4,120,3,3,7,5,12,10,.239
9893,Colby Rasmus,Astros,137,432,485,103,53,23,2,25,67,61,.238,0,154,2,3,1,6,2,1,.238
6387,Michael Bourn,- - -,141,425,482,101,84,15,2,0,39,30,.238,0,107,0,3,8,5,17,7,.238
12510,Curt Casali,Rays,38,101,113,24,8,6,0,10,13,18,.238,0,34,2,1,1,2,0,0,.238
5677,A.J. Ellis,Dodgers,63,181,217,43,27,9,0,7,24,21,.238,1,38,1,0,3,4,0,0,.238
10348,Domingo Santana,- - -,52,160,187,38,23,7,0,8,20,26,.238,0,63,5,2,0,2,4,1,.238
3256,Welington Castillo,- - -,110,342,378,81,46,15,1,19,42,57,.237,1,92,6,5,0,12,0,0,.237
11339,Jake Marisnick,Astros,133,339,372,80,52,15,4,9,46,36,.236,0,105,5,4,6,2,24,9,.236
4016,Jerry Sands,Indians,50,123,133,29,19,5,1,4,11,19,.236,0,36,0,1,0,0,0,0,.236
9810,Brian Dozier,Twins,157,628,704,148,77,39,4,28,101,77,.236,2,148,7,8,0,10,12,4,.236
3211,Tyler Ladendorf,Athletics,9,17,18,4,3,0,1,0,3,2,.235,0,2,0,0,0,0,0,0,.235
11472,Dixon Machado,Tigers,24,68,78,16,13,3,0,0,6,5,.235,0,14,0,0,3,3,1,0,.235
9929,Darin Ruf,Phillies,106,268,297,63,39,12,0,12,30,39,.235,0,69,5,3,0,7,1,0,.235
3336,Alberto Callaspo,- - -,97,230,261,54,46,7,0,1,20,15,.235,1,34,0,2,1,6,0,0,.235
7087,Caleb Joseph,Orioles,100,320,355,75,47,16,1,11,38,49,.234,2,72,3,1,3,7,0,0,.234
11368,Yasmani Grandal,Dodgers,115,355,426,83,55,12,0,16,43,47,.234,1,92,2,3,1,16,0,1,.234
11146,Cameron Rupp,Phillies,81,270,299,63,44,9,1,9,24,28,.233,5,71,3,2,0,8,0,1,.233
6885,Ian Desmond,Nationals,156,583,641,136,88,27,2,19,69,62,.233,0,187,3,4,6,9,13,5,.233
15670,Alex Guerrero,Dodgers,106,219,230,51,30,9,1,11,25,36,.233,0,57,2,2,0,7,1,0,.233
1825,David DeJesus,- - -,112,288,317,67,51,9,2,5,27,30,.233,1,52,6,2,0,5,3,2,.233
4810,Brian McCann,Yankees,135,465,535,108,66,15,1,26,68,94,.232,3,97,11,7,0,7,0,0,.232
2830,Travis Snider,- - -,87,237,265,55,37,12,2,4,24,28,.232,2,66,2,0,0,3,1,0,.232
1830,Clint Barmes,Padres,98,207,224,48,30,14,1,3,24,16,.232,2,55,4,0,3,0,0,1,.232
3142,Robinson Chirinos,Rangers,78,233,273,54,27,16,1,10,33,34,.232,0,62,5,2,5,4,0,0,.232
3035,Michael Morse,- - -,98,229,256,53,40,7,1,5,14,19,.231,0,76,4,0,0,10,0,0,.231
9627,Yan Gomes,Indians,95,363,389,84,50,22,0,12,38,45,.231,1,104,7,6,0,11,0,0,.231
10099,Dustin Ackley,- - -,108,238,264,55,31,11,3,10,28,30,.231,0,45,1,4,3,3,2,2,.231
5986,Mike Aviles,Indians,98,290,317,67,52,10,0,5,37,17,.231,0,38,1,1,5,18,3,1,.231
2396,Carlos Santana,Indians,154,550,666,127,77,29,2,19,72,85,.231,8,122,3,5,0,20,11,3,.231
739,Kyle Lohse,Brewers,41,39,42,9,8,1,0,0,3,1,.231,0,10,0,0,3,1,0,0,.231
13895,Trevor Brown,Giants,13,39,43,9,6,3,0,0,1,5,.231,0,8,0,1,0,0,1,1,.231
7619,Mark Reynolds,Cardinals,140,382,432,88,52,21,2,13,35,48,.230,2,121,4,2,0,10,2,3,.230
1677,Shane Victorino,- - -,71,178,204,41,34,4,2,1,19,7,.230,1,32,5,2,3,4,7,0,.230
4182,Jonathan Herrera,Cubs,73,126,132,29,21,5,1,2,14,14,.230,1,23,0,0,4,3,3,0,.230
6104,Aaron Hill,Diamondbacks,116,313,353,72,48,18,0,6,32,39,.230,0,54,1,8,0,9,7,2,.230
13809,Micah Johnson,White Sox,36,100,114,23,19,4,0,0,10,4,.230,0,30,2,0,2,0,3,2,.230
5485,Jose Pirela,Yankees,37,74,78,17,13,3,0,1,7,5,.230,0,16,0,1,1,4,1,0,.230
1433,Wilson Ramos,Nationals,128,475,504,109,78,16,0,15,41,68,.229,2,101,0,8,0,16,0,0,.229
6073,Brendan Ryan,Yankees,47,96,103,22,14,6,2,0,10,8,.229,0,29,1,0,1,1,0,0,.229
2154,Ryan Howard,Phillies,129,467,503,107,54,29,1,23,53,77,.229,2,138,5,3,0,11,0,0,.229
8433,Ike Davis,Athletics,74,214,239,49,29,17,0,3,19,20,.229,0,44,0,2,0,5,0,0,.229
2505,Hank Conger,Astros,73,201,229,46,24,11,0,11,25,33,.229,0,63,2,2,1,6,0,1,.229
11489,Michael Taylor,Nationals,138,472,511,108,77,15,2,14,49,63,.229,9,158,1,2,1,5,16,3,.229
1101,Ichiro Suzuki,Marlins,153,398,438,91,79,5,6,1,45,21,.229,1,51,0,4,5,8,11,5,.229
2900,Roberto Perez,Indians,70,184,226,42,25,9,1,7,30,21,.228,1,64,2,2,5,9,0,0,.228
9682,Adam Rosales,Rangers,55,114,125,26,19,4,0,3,14,7,.228,0,30,1,0,0,4,4,4,.228
9009,Conor Gillaspie,- - -,75,237,253,54,33,15,2,4,14,24,.228,2,47,1,2,0,2,0,1,.228
3154,Domonic Brown,Phillies,63,189,204,43,31,6,1,5,19,25,.228,0,36,1,0,0,2,3,1,.228
1702,Reed Johnson,Nationals,17,22,24,5,4,1,0,0,0,3,.227,0,6,1,1,0,1,0,0,.227
8145,Eric Fryer,Twins,15,22,27,5,3,2,0,0,2,2,.227,0,11,0,0,0,0,0,0,.227
10030,Chris Owings,Diamondbacks,147,515,552,117,81,27,5,4,59,43,.227,3,144,1,3,7,9,16,4,.227
13325,Deven Marrero,Red Sox,25,53,56,12,11,0,0,1,8,3,.226,0,19,0,0,0,0,2,1,.226
9054,Justin Smoak,Blue Jays,132,296,328,67,32,16,1,18,44,59,.226,0,86,2,1,0,10,0,0,.226
4467,Brandon Moss,- - -,145,469,526,106,61,24,2,19,47,58,.226,4,148,5,3,0,12,0,1,.226
9892,Jay Bruce,Reds,157,580,649,131,66,35,4,26,72,87,.226,8,145,2,9,0,10,9,5,.226
9425,Doug Fister,Nationals,29,31,39,7,6,1,0,0,2,0,.226,0,15,0,0,6,0,0,0,.226
10199,Billy Hamilton,Reds,114,412,454,93,78,8,3,4,56,28,.226,0,75,1,4,9,5,57,8,.226
12147,Nick Ahmed,Diamondbacks,134,421,459,95,63,17,6,9,49,34,.226,1,81,1,3,5,4,4,5,.226
9205,Logan Morrison,Mariners,146,457,511,103,68,15,3,17,47,54,.225,5,81,4,2,1,7,8,4,.225
5667,Steven Souza Jr.,Rays,110,373,426,84,52,15,1,16,59,40,.225,0,144,5,1,1,7,12,6,.225
5557,Jarrod Saltalamacchia,- - -,79,200,227,45,21,15,0,9,26,24,.225,0,69,2,1,1,5,0,0,.225
16252,Trea Turner,Nationals,27,40,44,9,7,1,0,1,5,1,.225,0,12,0,0,0,0,2,2,.225
10681,Giovanny Urshela,Indians,81,267,288,60,45,8,1,6,25,21,.225,0,58,2,0,1,9,0,1,.225
10807,Tyler Saladino,White Sox,68,236,254,53,39,6,4,4,33,20,.225,0,51,2,1,3,9,8,2,.225
971,Jimmy Rollins,Dodgers,144,517,563,116,76,24,3,13,71,41,.224,0,86,0,1,1,12,12,8,.224
1943,Zack Greinke,Dodgers,32,67,77,15,11,2,0,2,8,3,.224,0,14,0,1,8,0,1,0,.224
11602,Carlos Sanchez,White Sox,120,389,420,87,58,23,1,5,40,31,.224,0,81,5,1,6,9,2,2,.224
3057,Mike Napoli,- - -,133,407,469,91,52,20,1,18,46,50,.224,3,118,4,1,0,11,3,3,.224
4969,Luis Valbuena,Astros,132,434,493,97,54,18,0,25,62,56,.224,1,106,6,3,0,13,1,0,.224
12797,Dalton Pompey,Blue Jays,34,94,103,21,11,8,0,2,17,6,.223,0,23,2,0,0,1,5,1,.223
5514,Jesus Montero,Mariners,38,112,116,25,14,6,0,5,11,19,.223,0,32,0,0,0,2,0,0,.223
1945,Corey Hart,Pirates,35,54,57,12,9,1,0,2,3,9,.222,1,19,1,1,0,5,0,0,.222
10946,Josh Smith,Reds,10,9,10,2,1,0,1,0,1,0,.222,0,4,0,0,1,0,0,0,.222
11255,Matt Szczur,Cubs,47,72,80,16,10,5,0,1,5,8,.222,0,15,0,1,1,1,2,0,.222
11902,Hanser Alberto,Rangers,41,99,104,22,19,2,1,0,12,4,.222,0,17,0,0,3,2,1,0,.222
12317,Colin Rea,Padres,7,9,12,2,1,1,0,0,2,0,.222,0,4,0,0,2,0,0,0,.222
14457,Adam Conley,Marlins,15,18,22,4,4,0,0,0,0,1,.222,0,8,0,0,4,0,0,0,.222
4418,Jed Lowrie,Astros,69,230,263,51,28,14,0,9,35,30,.222,5,43,3,2,0,3,1,0,.222
7949,Tim Beckham,Rays,83,203,223,45,25,7,4,9,24,37,.222,0,69,3,4,0,3,3,1,.222
7937,Logan Schafer,Brewers,69,122,143,27,19,6,1,1,17,6,.221,0,29,2,1,6,3,1,0,.221
10822,Todd Cunningham,Braves,39,86,93,19,15,4,0,0,13,4,.221,1,17,2,0,0,1,2,1,.221
1327,Jayson Werth,Nationals,88,331,378,73,44,16,1,12,51,42,.221,0,84,3,6,0,8,0,1,.221
1609,Omar Infante,Royals,124,440,455,97,65,23,7,2,39,44,.220,0,69,0,4,2,8,2,2,.220
4371,Jeremy Hellickson,Diamondbacks,29,41,49,9,9,0,0,0,3,7,.220,0,14,2,1,3,0,0,0,.220
3707,Geovany Soto,White Sox,78,187,210,41,24,8,0,9,20,21,.219,0,63,1,0,1,2,0,1,.219
13510,Jose Ramirez,Indians,97,315,355,69,46,14,3,6,50,27,.219,0,39,1,2,5,5,10,4,.219
3797,J.J. Hardy,Orioles,114,411,437,90,68,14,0,8,45,37,.219,0,88,0,4,2,11,0,0,.219
13807,Kevin Plawecki,Mets,73,233,258,51,39,9,0,3,18,21,.219,4,60,4,3,1,4,0,0,.219
10950,Adam Duvall,Reds,27,64,72,14,7,2,0,5,6,9,.219,1,26,2,0,0,0,0,0,.219
11165,Ramon Flores,Yankees,12,32,33,7,6,1,0,0,3,0,.219,0,4,0,0,1,0,0,0,.219
11846,Leonys Martin,Rangers,95,288,310,63,46,12,0,5,26,25,.219,1,69,2,1,3,5,14,5,.219
14158,Mac Williamson,Giants,10,32,34,7,6,0,1,0,2,1,.219,0,8,1,1,0,1,0,0,.219
13132,Andrew Susac,Giants,52,133,148,29,17,7,2,3,14,14,.218,0,43,1,0,0,2,0,0,.218
9957,Steve Pearce,Orioles,92,294,325,64,35,13,1,15,42,40,.218,1,69,7,1,0,11,1,1,.218
3137,Max Scherzer,Nationals,34,69,77,15,15,0,0,0,4,0,.217,0,23,0,0,6,0,0,0,.217
9883,Jordan Schafer,Twins,27,69,74,15,12,3,0,0,9,5,.217,0,23,0,0,2,0,0,3,.217
9895,Chris Rusin,Rockies,27,46,50,10,9,0,0,1,5,4,.217,0,7,0,0,4,0,0,0,.217
10473,Cheslor Cuthbert,Royals,19,46,50,10,6,2,1,1,6,8,.217,0,9,0,0,0,0,0,0,.217
2554,Chris Parmelee,Orioles,32,97,102,21,9,7,1,4,11,9,.216,0,26,1,0,0,1,0,1,.216
2714,Garrett Jones,Yankees,57,144,152,31,21,4,1,5,12,17,.215,0,37,0,0,0,1,0,0,.215
10322,Danny Santana,Twins,91,261,277,56,41,10,5,0,30,21,.215,1,68,3,0,7,7,8,4,.215
5913,Leury Garcia,White Sox,18,14,15,3,3,0,0,0,0,1,.214,0,7,0,0,0,0,1,0,.214
7945,Jaff Decker,Pirates,23,28,36,6,4,1,1,0,8,1,.214,0,9,0,0,1,0,0,0,.214
10593,Joey Terdoslavich,Braves,28,56,59,12,6,4,1,1,5,4,.214,1,14,0,0,0,1,0,0,.214
11615,Brandon Drury,Diamondbacks,20,56,59,12,7,3,0,2,3,8,.214,0,8,1,0,0,5,0,0,.214
13047,Munenori Kawasaki,Blue Jays,23,28,34,6,4,2,0,0,6,2,.214,0,6,0,0,2,1,0,1,.214
1845,Jonny Gomes,- - -,95,225,262,48,32,9,0,7,29,26,.213,1,81,3,3,0,6,1,1,.213
5107,Jefry Marte,Tigers,33,80,90,17,9,4,0,4,9,11,.213,0,22,0,0,2,2,0,0,.213
1679,Chase Utley,- - -,107,373,423,79,48,21,2,8,37,39,.212,4,64,10,8,0,7,4,0,.212
7002,Will Middlebrooks,Padres,83,255,270,54,36,7,2,9,23,29,.212,0,60,0,4,0,4,2,1,.212
2579,Carlos Ruiz,Phillies,86,284,320,60,44,13,1,2,23,22,.211,2,43,4,1,3,13,1,1,.211
13768,Travis Jankowski,Padres,34,90,96,19,13,2,2,2,9,12,.211,0,24,0,0,2,1,2,1,.211
14335,Dilson Herrera,Mets,31,90,103,19,12,3,1,3,7,6,.211,1,23,2,0,0,2,2,0,.211
5277,Tuffy Gosewisch,Diamondbacks,38,128,138,27,20,6,0,1,9,13,.211,0,23,1,1,0,2,2,1,.211
8722,Jason Castro,Astros,104,337,375,71,41,19,0,11,38,31,.211,1,115,2,3,0,5,0,0,.211
11899,Joc Pederson,Dodgers,151,480,585,101,55,19,1,26,67,54,.210,6,170,9,2,2,5,4,7,.210
6887,Martin Maldonado,Brewers,79,229,256,48,37,7,0,4,19,22,.210,3,65,1,2,1,6,0,1,.210
3395,Cliff Pennington,- - -,105,210,249,44,35,6,0,3,24,21,.210,2,49,1,4,7,6,3,0,.210
5227,Jon Jay,Cardinals,79,210,245,44,37,5,1,1,25,10,.210,5,36,11,2,3,7,0,2,.210
11762,Noah Syndergaard,Mets,24,43,50,9,7,1,0,1,2,4,.209,0,26,0,0,6,0,0,0,.209
14161,Byron Buxton,Twins,46,129,138,27,17,7,1,2,16,6,.209,0,44,1,0,2,1,2,2,.209
6827,Justin Maxwell,Giants,100,249,274,52,35,8,2,7,26,26,.209,1,76,3,1,1,4,2,1,.209
9015,Gordon Beckham,White Sox,100,211,237,44,30,8,0,6,24,20,.209,1,43,2,4,1,6,0,1,.209
2073,Jeff Baker,Marlins,41,72,80,15,9,3,0,3,11,8,.208,0,25,0,0,0,0,0,0,.208
8155,Everth Cabrera,Orioles,29,96,105,20,18,2,0,0,7,4,.208,0,22,1,2,1,4,2,0,.208
1904,Adam LaRoche,White Sox,127,429,484,89,56,21,0,12,41,44,.207,0,133,4,2,0,10,0,0,.207
3817,Joaquin Arias,Giants,40,58,59,12,10,1,0,1,5,4,.207,0,12,0,0,1,1,1,0,.207
12158,Austin Barnes,Dodgers,20,29,37,6,4,2,0,0,4,1,.207,0,6,1,0,1,2,1,0,.207
4793,Travis Ishikawa,- - -,44,63,72,13,9,3,0,1,6,8,.206,0,20,0,0,0,2,0,0,.206
9954,Darrell Ceciliani,Mets,39,68,75,14,11,2,0,1,5,3,.206,0,25,2,0,0,0,5,1,.206
13301,Max Muncy,Athletics,45,102,112,21,9,8,1,3,14,9,.206,0,31,0,1,0,0,0,0,.206
7290,Jake Elmore,Rays,51,141,158,29,22,5,0,2,10,16,.206,1,25,0,3,2,6,1,1,.206
8392,Daniel Descalso,Rockies,101,185,209,38,28,3,2,5,22,22,.205,6,45,0,0,4,3,1,2,.205
9628,Michael McKenry,Rockies,58,127,152,26,12,7,3,4,20,17,.205,0,41,2,1,0,2,2,2,.205
2802,Tony Cruz,Cardinals,69,142,151,29,19,7,1,2,6,11,.204,0,32,0,1,2,6,0,0,.204
9689,Josh Thole,Blue Jays,18,49,52,10,8,2,0,0,5,2,.204,0,9,0,0,0,2,0,0,.204
9063,Alexi Amarista,Padres,118,324,357,66,49,10,4,3,28,30,.204,4,55,1,5,3,6,5,1,.204
14128,Joey Gallo,Rangers,36,108,123,22,12,3,1,6,16,14,.204,3,57,0,0,0,0,3,0,.204
7244,Tyler Moore,Nationals,97,187,200,38,20,12,0,6,14,27,.203,2,45,1,1,0,2,0,0,.203
7888,Ryan Flaherty,Orioles,91,267,301,54,34,8,3,9,34,31,.202,2,81,4,2,2,8,0,0,.202
7215,David Lough,Orioles,84,134,144,27,21,1,1,4,14,12,.201,0,36,2,0,3,0,2,4,.201
4251,Stephen Drew,Yankees,131,383,428,77,43,16,1,17,43,44,.201,1,71,1,3,4,7,0,2,.201
2578,Peter Bourjos,Cardinals,117,195,225,39,24,8,3,4,32,13,.200,4,59,6,1,4,2,5,8,.200
4026,Hector Santiago,Angels,33,5,5,1,1,0,0,0,0,0,.200,0,3,0,0,0,1,0,0,.200
4518,Doug Bernier,Twins,4,5,6,1,0,1,0,0,1,2,.200,0,3,0,0,0,0,0,0,.200
4672,Junior Lake,- - -,29,80,84,16,8,7,0,1,4,5,.200,0,29,0,0,0,1,4,0,.200
5199,Taylor Teagarden,Cubs,8,15,15,3,3,0,0,0,0,2,.200,0,4,0,0,0,1,0,0,.200
8524,Jackson Williams,Giants,7,10,14,2,1,1,0,0,1,1,.200,0,1,0,0,0,0,1,0,.200
9434,Dallas Keuchel,Astros,33,5,6,1,1,0,0,0,0,0,.200,0,4,0,0,1,0,0,0,.200
9761,Joe Kelly,Red Sox,25,5,5,1,1,0,0,0,0,1,.200,0,2,0,0,0,0,0,0,.200
10028,Christian Bethancourt,Braves,48,155,160,31,21,8,0,2,16,12,.200,1,33,0,0,0,7,1,1,.200
10123,Kyle Gibson,Twins,32,5,5,1,1,0,0,0,0,0,.200,0,2,0,0,0,0,0,0,.200
10937,Ryan Strausborger,Rangers,31,45,51,9,8,0,0,1,9,3,.200,0,11,0,2,1,1,2,1,.200
11176,David Buchanan,Phillies,15,20,23,4,3,1,0,0,2,1,.200,0,8,0,0,1,0,0,0,.200
9911,Chris Carter,Astros,129,391,460,78,37,17,0,24,50,64,.199,1,151,6,5,0,5,1,2,.199
4243,Jose Lobaton,Nationals,44,136,155,27,20,4,0,3,11,20,.199,1,40,1,2,1,5,0,0,.199
6086,Casey McGehee,- - -,109,237,258,47,33,12,0,2,14,20,.198,0,50,0,0,0,18,1,1,.198
8254,Sam Fuld,Athletics,120,290,325,57,36,16,3,2,34,22,.197,1,55,2,1,2,6,9,3,.197
6938,Eric Campbell,Mets,71,173,206,34,23,8,0,3,28,19,.197,1,37,4,2,1,11,5,3,.197
4599,Nick Swisher,- - -,76,219,260,43,28,9,0,6,14,25,.196,1,54,3,3,0,9,0,0,.196
3411,Drew Butera,- - -,55,107,120,21,17,3,0,1,9,5,.196,0,26,2,0,5,0,0,1,.196
10302,Chris Heston,Giants,31,51,58,10,8,2,0,0,1,3,.196,0,18,0,0,7,1,0,0,.196
13153,Luis Sardinas,Brewers,36,97,105,19,18,0,1,0,8,4,.196,1,25,0,1,1,3,0,0,.196
6400,Kirk Nieuwenhuis,- - -,74,128,141,25,10,11,0,4,21,14,.195,0,49,3,0,0,2,2,2,.195
6262,Tommy Field,Rangers,14,41,45,8,5,1,0,2,6,5,.195,0,16,1,0,1,0,1,0,.195
9328,Drew Stubbs,- - -,78,123,140,24,13,4,2,5,20,10,.195,1,60,1,0,2,1,5,1,.195
1051,Jake Peavy,Giants,19,36,41,7,4,2,0,1,5,3,.194,0,17,0,0,4,0,0,0,.194
12148,Kyle Kubitza,Angels,19,36,39,7,7,0,0,0,6,1,.194,0,15,0,0,0,2,0,0,.194
5450,Daniel Nava,- - -,60,139,166,27,22,4,0,1,13,10,.194,0,36,5,1,1,4,1,0,.194
9981,Michael Saunders,Blue Jays,9,31,36,6,6,0,0,0,2,3,.194,0,10,0,0,0,1,0,0,.194
5408,Jake Smolinski,- - -,76,166,192,32,17,7,2,6,24,26,.193,0,39,3,4,0,3,1,1,.193
12409,Ryan Rua,Rangers,28,83,86,16,7,5,0,4,10,7,.193,0,32,0,0,0,2,0,0,.193
4403,Erik Kratz,- - -,16,26,28,5,3,2,0,0,3,3,.192,0,5,0,1,0,0,0,0,.192
8879,Ryan Lavarnway,- - -,37,94,106,18,10,6,0,2,6,6,.191,1,28,0,0,0,5,0,0,.191
10441,Jon Singleton,Astros,19,47,58,9,6,2,0,1,6,6,.191,0,17,0,1,0,0,1,0,.191
10698,Mike Olt,- - -,30,94,102,18,14,0,0,4,7,5,.191,0,35,1,0,0,2,0,1,.191
7476,Alex Avila,Tigers,67,178,219,34,25,5,0,4,21,13,.191,0,66,0,0,1,4,0,1,.191
10053,Grant Green,Angels,21,42,44,8,7,0,0,1,6,3,.190,1,14,0,0,0,2,0,1,.190
11746,Stefen Romero,Mariners,13,21,24,4,2,1,0,1,6,3,.190,0,6,0,0,0,0,0,0,.190
6564,Bobby Wilson,- - -,56,132,147,25,19,5,0,1,8,14,.189,0,39,1,1,2,1,0,1,.189
13271,Richie Shaffer,Rays,31,74,88,14,7,3,0,4,11,6,.189,0,32,3,1,0,2,0,1,.189
8623,Donovan Solano,Marlins,55,90,94,17,13,3,1,0,6,7,.189,0,18,2,0,1,4,0,0,.189
7250,Collin Cowgill,Angels,55,69,74,13,9,2,1,1,10,2,.188,0,19,0,0,1,1,2,1,.188
105,Jason Marquis,Reds,10,16,17,3,2,1,0,0,2,1,.188,0,4,0,0,1,0,0,0,.188
8267,Chris Iannetta,Angels,92,272,317,51,31,10,0,10,28,34,.188,1,83,1,3,0,11,0,1,.188
11334,Tyler Lyons,Cardinals,17,16,20,3,3,0,0,0,3,1,.188,0,4,0,0,2,0,0,0,.188
8760,Carlos Peguero,- - -,34,75,90,14,6,4,0,4,11,9,.187,0,37,1,1,0,1,2,0,.187
10954,Jacob deGrom,Mets,31,59,66,11,10,1,0,0,3,4,.186,0,16,0,0,4,4,0,0,.186
6230,Kyle Kendrick,Rockies,27,43,49,8,5,2,0,1,6,2,.186,0,16,0,0,3,1,0,0,.186
8418,Ehire Adrianza,Giants,52,113,134,21,13,7,1,0,11,11,.186,0,20,4,0,2,2,3,2,.186
7312,Josh Collmenter,Diamondbacks,44,27,32,5,5,0,0,0,2,1,.185,0,9,0,0,2,1,0,0,.185
8753,Tanner Roark,Nationals,40,27,29,5,3,2,0,0,1,0,.185,0,9,0,0,2,0,0,0,.185
921,Tim Hudson,Giants,24,38,42,7,4,2,0,1,3,1,.184,0,11,0,0,3,0,0,0,.184
5273,Sandy Leon,Red Sox,41,114,128,21,19,2,0,0,8,3,.184,1,28,1,0,6,4,0,1,.184
3442,Dan Uggla,Nationals,67,120,141,22,14,4,2,2,12,16,.183,0,40,1,1,0,3,0,1,.183
3978,Chris Heisey,Dodgers,33,55,72,10,6,2,0,2,8,9,.182,2,17,0,2,0,1,0,1,.182
7528,Kevin Frandsen,Giants,7,11,13,2,2,0,0,0,1,0,.182,0,3,0,0,1,2,0,0,.182
11854,Steven Moya,Tigers,9,22,25,4,3,0,1,0,1,0,.182,0,10,0,0,0,0,0,0,.182
13593,Jose Peraza,Dodgers,7,22,25,4,2,1,1,0,3,1,.182,1,2,0,0,1,0,3,0,.182
14320,Wilmer Difo,Nationals,15,11,11,2,2,0,0,0,1,0,.182,0,2,0,0,0,0,0,0,.182
2264,Hector Gomez,Brewers,66,127,134,23,9,11,2,1,15,7,.181,0,40,2,0,2,1,0,0,.181
11763,Kyle Parker,Rockies,46,106,112,19,12,3,1,3,10,11,.179,0,37,0,0,0,2,1,0,.179
10289,Hector Sanchez,Giants,28,56,59,10,5,4,0,1,5,5,.179,0,14,0,0,1,1,0,0,.179
3648,Rene Rivera,Rays,110,298,319,53,34,14,0,5,16,26,.178,0,86,3,2,5,4,0,0,.178
5666,Devin Mesoraco,Reds,23,45,51,8,6,1,1,0,2,2,.178,0,9,1,0,0,0,1,0,.178
5587,Carlos Corporan,Rangers,33,107,121,19,12,4,0,3,10,15,.178,0,40,4,2,2,1,0,0,.178
6435,Vance Worley,Pirates,24,17,18,3,2,1,0,0,1,0,.176,0,6,0,0,1,0,0,0,.176
6652,Chase d'Arnaud,Phillies,11,17,18,3,2,0,1,0,2,0,.176,0,7,0,0,0,0,0,1,.176
13284,Darnell Sweeney,Phillies,37,85,98,15,7,4,1,3,9,11,.176,0,27,0,0,0,1,0,2,.176
1551,David Ross,Cubs,72,159,182,28,18,9,0,1,6,9,.176,7,61,0,1,2,1,1,0,.176
1572,Coco Crisp,Athletics,44,126,139,22,16,6,0,0,11,6,.175,0,25,0,0,0,2,2,0,.175
13265,Mike Zunino,Mariners,112,350,386,61,39,11,0,11,28,28,.174,0,132,5,2,8,6,0,1,.174
3353,Matt Joyce,Angels,93,247,284,43,25,12,1,5,17,21,.174,1,67,4,2,1,5,0,3,.174
11494,Kaleb Cowart,Angels,34,46,52,8,5,2,0,1,8,4,.174,0,19,0,0,1,1,1,1,.174
4424,Jon Niese,Mets,33,52,60,9,8,1,0,0,5,4,.173,0,18,0,0,3,0,0,0,.173
13355,Luke Maile,Rays,15,35,35,6,3,3,0,0,2,2,.171,0,8,0,0,0,3,0,0,.171
13757,Chris Taylor,Mariners,37,94,102,16,12,3,1,0,9,1,.170,0,31,0,0,2,0,3,2,.170
3201,Francisco Liriano,Pirates,31,65,67,11,8,2,0,1,4,7,.169,0,28,0,0,2,0,0,0,.169
4538,Jason Hammel,Cubs,32,65,70,11,10,1,0,0,6,4,.169,0,18,0,1,3,1,0,0,.169
12976,Austin Hedges,Padres,56,137,152,23,18,2,0,3,13,11,.168,1,38,1,3,3,1,0,0,.168
1050,Daniel Dorn,Diamondbacks,23,30,32,5,4,1,0,0,0,3,.167,0,10,0,0,0,1,0,0,.167
1451,Aaron Harang,Phillies,29,48,58,8,7,1,0,0,4,0,.167,0,18,0,0,9,2,0,0,.167
1767,Kevin Correia,Phillies,5,6,7,1,1,0,0,0,0,0,.167,0,1,0,0,1,0,0,0,.167
1849,Rickie Weeks Jr.,Mariners,37,84,95,14,11,1,0,2,7,9,.167,0,25,2,0,0,3,0,0,.167
2783,Johnny Monell,Mets,27,48,52,8,6,2,0,0,5,4,.167,0,13,0,0,0,5,0,0,.167
3812,Gregorio Petit,Yankees,20,42,47,7,4,3,0,0,7,5,.167,1,16,0,1,1,0,0,0,.167
4054,Emilio Bonifacio,White Sox,47,78,82,13,11,2,0,0,5,4,.167,0,27,1,0,1,1,1,4,.167
4972,Cole Hamels,- - -,32,42,46,7,6,1,0,0,2,0,.167,0,17,0,0,4,1,0,0,.167
6623,Ryan Lollis,Giants,5,12,13,2,2,0,0,0,0,0,.167,0,1,0,0,0,0,1,0,.167
9373,Matt McBride,Rockies,20,42,43,7,7,0,0,0,5,0,.167,0,4,1,0,0,0,0,0,.167
9904,Pedro Villarreal,Reds,29,6,6,1,0,1,0,0,0,2,.167,0,3,0,0,0,0,0,0,.167
10925,Christian Bergman,Rockies,30,12,15,2,2,0,0,0,1,0,.167,0,4,0,0,2,0,0,0,.167
11530,Jose Fernandez,Marlins,11,18,22,3,1,1,0,1,2,2,.167,0,4,0,0,4,0,0,0,.167
12703,Trevor Bauer,Indians,31,6,7,1,1,0,0,0,0,0,.167,0,1,0,0,0,0,0,0,.167
12768,Sonny Gray,Athletics,31,6,6,1,1,0,0,0,0,0,.167,0,4,0,0,0,0,0,0,.167
3390,John Mayberry,Mets,59,110,119,18,8,6,1,3,8,9,.164,0,33,0,0,0,2,1,0,.164
13781,Alex Wood,- - -,32,55,67,9,7,2,0,0,2,4,.164,0,34,0,0,8,2,0,0,.164
12590,Taylor Featherston,Angels,101,154,169,25,17,5,1,2,23,9,.162,0,46,3,1,4,3,4,2,.162
6893,Johnny Cueto,- - -,32,37,43,6,6,0,0,0,1,0,.162,0,10,0,0,5,0,0,0,.162
3448,Jeff Mathis,Marlins,32,93,103,15,8,4,1,2,9,12,.161,1,24,0,3,0,2,0,0,.161
13490,Oscar Hernandez,Diamondbacks,18,31,36,5,4,1,0,0,4,1,.161,0,15,1,0,1,0,0,0,.161
2520,Lance Lynn,Cardinals,31,50,55,8,6,2,0,0,3,1,.160,0,26,0,0,5,0,0,0,.160
1066,Willie Bloomquist,Mariners,35,69,72,11,10,1,0,0,2,4,.159,0,13,1,0,0,2,1,1,.159
4505,Jordan Zimmermann,Nationals,33,63,69,10,9,1,0,0,4,3,.159,0,18,0,0,6,0,0,0,.159
10166,Nick Franklin,Rays,44,101,109,16,8,4,1,3,11,7,.158,0,37,0,0,1,2,1,0,.158
2167,Dan Johnson,Cardinals,12,19,21,3,3,0,0,0,1,2,.158,0,4,0,0,0,1,0,0,.158
10067,Tomas Telis,- - -,23,38,41,6,6,0,0,0,2,2,.158,1,4,2,0,0,2,0,0,.158
5942,Jesus Sucre,Mariners,52,127,142,20,13,6,0,1,9,7,.157,0,21,0,0,9,6,0,0,.157
9433,Dustin Garneau,Rockies,22,70,76,11,6,3,0,2,6,8,.157,2,14,0,0,0,2,0,0,.157
4293,Brett Hayes,Indians,14,32,36,5,2,0,0,3,4,6,.156,0,7,0,0,1,0,0,0,.156
13050,Anthony DeSclafani,Reds,31,58,64,9,8,1,0,0,1,3,.155,0,33,0,1,2,0,0,0,.155
4142,Jonathan Diaz,Blue Jays,7,13,16,2,2,0,0,0,1,2,.154,0,3,1,0,1,0,0,0,.154
14078,Michael Wacha,Cardinals,30,52,62,8,7,1,0,0,5,4,.154,0,20,0,0,6,0,1,0,.154
7158,Eric Young,- - -,53,85,94,13,7,4,2,0,16,5,.153,1,18,1,0,2,1,6,2,.153
3433,Allen Craig,Red Sox,36,79,88,12,10,1,0,1,6,3,.152,0,26,2,0,0,2,0,0,.152
4153,Jake Arrieta,Cubs,33,79,83,12,8,1,1,2,5,2,.152,0,45,0,0,3,1,0,0,.152
2539,Pete Kozma,Cardinals,76,99,111,15,15,0,0,0,15,2,.152,2,21,1,0,1,0,3,1,.152
13125,Gerrit Cole,Pirates,33,60,71,9,9,0,0,0,5,2,.150,0,28,0,0,9,0,0,0,.150
12214,Daniel Muno,Mets,17,27,32,4,3,1,0,0,2,0,.148,0,11,0,0,1,1,1,0,.148
914,Brennan Boesch,Reds,51,89,94,13,10,2,0,1,4,5,.146,0,30,1,0,0,0,1,0,.146
9284,Chris Herrmann,Twins,45,103,113,15,7,5,1,2,13,10,.146,0,37,2,0,1,1,0,0,.146
225,Mark Buehrle,Blue Jays,32,7,9,1,1,0,0,0,0,0,.143,0,3,0,0,1,0,0,0,.143
3551,Clayton Richard,Cubs,23,14,15,2,0,2,0,0,1,3,.143,0,6,0,0,0,0,0,0,.143
5057,Yohan Flande,Rockies,19,21,22,3,3,0,0,0,1,1,.143,0,10,0,0,1,0,0,0,.143
5254,Robbie Grossman,Astros,24,49,54,7,4,2,0,1,7,5,.143,0,17,0,0,0,0,0,0,.143
5705,Tim Lincecum,Giants,16,21,25,3,2,1,0,0,0,0,.143,0,10,0,0,2,1,0,0,.143
6249,Trevor Cahill,- - -,26,7,8,1,1,0,0,0,0,0,.143,0,2,0,0,0,0,0,0,.143
8298,Francisco Pena,Royals,8,7,7,1,1,0,0,0,0,0,.143,0,3,0,0,0,1,0,0,.143
9674,Vidal Nuno,- - -,35,7,7,1,1,0,0,0,0,1,.143,0,0,0,0,0,0,0,0,.143
11682,Carlos Martinez,Cardinals,32,56,63,8,6,2,0,0,2,0,.143,0,23,1,0,5,1,0,0,.143
12144,Max Kepler,Twins,3,7,7,1,1,0,0,0,0,0,.143,0,3,0,0,0,0,0,0,.143
12664,Jerad Eickhoff,Phillies,8,14,16,2,2,0,0,0,1,2,.143,0,7,0,0,2,0,0,0,.143
12918,Archie Bradley,Diamondbacks,8,14,14,2,2,0,0,0,0,0,.143,0,7,0,0,0,0,0,1,.143
7577,Marc Krauss,- - -,27,78,81,11,6,3,0,2,3,8,.141,0,31,0,0,0,0,0,0,.141
5306,Kristopher Negron,Reds,43,93,107,13,11,2,0,0,5,2,.140,0,23,3,0,2,2,2,0,.140
1011,Ryan Vogelsong,Giants,33,36,45,5,3,1,0,1,3,2,.139,0,13,0,0,8,0,0,0,.139
375,Bartolo Colon,Mets,33,58,64,8,7,1,0,0,2,4,.138,0,24,1,1,4,2,0,0,.138
12804,Matt Wisler,Braves,21,29,36,4,4,0,0,0,0,1,.138,0,6,0,0,5,0,0,0,.138
10622,Zach Walters,Indians,12,30,30,4,4,0,0,0,0,3,.133,0,15,0,0,0,0,0,0,.133
7059,James Shields,Padres,36,68,74,9,7,2,0,0,7,2,.132,0,28,0,0,5,0,0,0,.132
10131,Stephen Strasburg,Nationals,23,38,46,5,5,0,0,0,1,0,.132,0,17,0,0,6,0,0,0,.132
5429,Carson Blair,Athletics,11,31,35,4,3,0,0,1,3,3,.129,0,18,0,0,0,1,0,0,.129
9113,Allan Dykstra,Rays,13,31,38,4,3,0,0,1,3,4,.129,0,12,1,0,0,2,0,0,.129
2036,Clayton Kershaw,Dodgers,34,71,79,9,7,2,0,0,2,2,.127,0,23,1,0,5,2,0,0,.127
2608,Jhoulys Chacin,Diamondbacks,5,8,9,1,1,0,0,0,0,0,.125,0,4,0,0,1,0,0,0,.125
4063,Anthony Recker,Mets,32,80,92,10,7,1,0,2,6,5,.125,2,35,1,0,0,1,1,0,.125
7531,Collin McHugh,Astros,32,8,8,1,1,0,0,0,1,0,.125,0,4,0,0,0,0,0,0,.125
7725,David Holmberg,Reds,6,8,12,1,1,0,0,0,2,0,.125,0,5,1,0,1,0,0,0,.125
1757,Dan Haren,- - -,33,49,65,6,5,1,0,0,4,5,.122,0,16,0,1,10,2,0,0,.122
10655,Rob Brantly,White Sox,14,33,36,4,2,1,0,1,3,6,.121,0,8,0,1,0,1,0,0,.121
6570,Tom Koehler,Marlins,32,50,64,6,5,1,0,0,2,1,.120,0,28,0,0,12,1,0,0,.120
9323,Patrick Corbin,Diamondbacks,16,25,29,3,3,0,0,0,1,3,.120,0,11,0,0,1,1,0,0,.120
9571,Craig Gentry,Athletics,26,50,56,6,4,0,2,0,6,3,.120,0,15,1,1,0,0,1,1,.120
512,A.J. Burnett,Pirates,26,42,52,5,4,0,0,1,1,5,.119,0,20,0,1,9,1,0,0,.119
6316,David Phelps,Marlins,23,34,40,4,4,0,0,0,0,0,.118,0,16,1,0,5,0,0,0,.118
9111,Brad Hand,Marlins,38,17,23,2,2,0,0,0,1,2,.118,0,5,0,0,6,0,0,0,.118
10130,Mike Leake,- - -,37,69,73,8,3,3,0,2,4,8,.116,0,36,0,0,4,0,0,0,.116
1507,John Lackey,Cardinals,33,62,70,7,5,2,0,0,0,3,.113,0,24,0,0,4,2,0,0,.113
10603,Chris Sale,White Sox,31,9,9,1,1,0,0,0,1,0,.111,0,4,0,0,0,0,0,0,.111
11836,Taijuan Walker,Mariners,29,9,10,1,0,1,0,0,0,1,.111,0,5,0,0,1,0,0,0,.111
12972,Joe Ross,Nationals,17,27,30,3,3,0,0,0,2,0,.111,0,11,1,0,2,1,0,0,.111
13419,Christian Walker,Orioles,7,9,12,1,1,0,0,0,0,0,.111,0,4,0,0,0,0,0,0,.111
14862,Zack Godley,Diamondbacks,9,9,10,1,1,0,0,0,0,0,.111,0,6,0,0,1,0,0,0,.111
10547,Jimmy Nelson,Brewers,30,55,59,6,5,1,0,0,1,2,.109,0,34,0,0,3,0,0,0,.109
11713,Matt Harvey,Mets,29,65,66,7,4,2,0,1,1,7,.108,0,31,0,0,1,2,0,0,.108
6895,Chase Anderson,Diamondbacks,28,48,57,5,5,0,0,0,0,3,.104,0,23,0,0,8,2,0,0,.104
9767,James Jones,Mariners,28,29,31,3,2,1,0,0,1,0,.103,0,13,0,0,0,0,1,1,.103
3274,Nevin Ashley,Brewers,12,20,21,2,1,1,0,0,2,1,.100,0,8,1,0,0,0,0,0,.100
7396,Dillon Gee,Mets,8,10,12,1,1,0,0,0,0,0,.100,0,5,0,0,2,0,0,0,.100
7754,Mike Fiers,- - -,31,30,34,3,3,0,0,0,0,0,.100,0,12,0,0,4,0,0,0,.100
9137,Sean O'Sullivan,Phillies,13,20,23,2,1,1,0,0,2,0,.100,0,10,0,0,2,0,0,0,.100
9884,Travis Wood,Cubs,60,30,32,3,3,0,0,0,0,2,.100,0,16,0,0,0,0,0,0,.100
10533,Rocky Gale,Padres,11,10,10,1,1,0,0,0,0,0,.100,0,1,0,0,0,1,0,0,.100
14697,Severino Gonzalez,Phillies,7,10,12,1,1,0,0,0,2,1,.100,0,4,0,0,1,0,0,0,.100
8137,Jaime Garcia,Cardinals,20,41,44,4,4,0,0,0,1,1,.098,0,15,0,0,1,0,0,0,.098
11391,Tyler Holt,- - -,14,31,34,3,3,0,0,0,4,0,.097,0,11,0,0,0,0,1,0,.097
11486,Robbie Ray,Diamondbacks,23,31,36,3,2,1,0,0,0,0,.097,0,14,0,0,5,0,0,0,.097
6797,Julio Teheran,Braves,33,52,68,5,5,0,0,0,0,2,.096,0,9,0,0,14,0,0,0,.096
6986,Ian Kennedy,Padres,30,42,48,4,1,3,0,0,3,0,.095,0,23,0,0,6,1,0,0,.095
3862,Rubby de la Rosa,Diamondbacks,32,64,68,6,6,0,0,0,3,2,.094,0,25,0,0,4,0,0,0,.094
7448,Gio Gonzalez,Nationals,31,43,56,4,3,1,0,0,1,2,.093,0,18,2,0,10,1,0,0,.093
1760,Cody Ross,Athletics,9,22,25,2,2,0,0,0,3,3,.091,0,6,0,0,0,0,0,0,.091
6880,Nick Noonan,Giants,14,22,24,2,0,1,0,1,2,3,.091,0,8,0,0,0,1,0,0,.091
7410,J.A. Happ,- - -,32,23,27,2,2,0,0,0,1,0,.087,0,13,0,0,3,1,0,0,.087
8385,Pedro Florimon,Pirates,24,23,25,2,1,0,1,0,5,1,.087,0,12,0,0,0,0,1,0,.087
9756,David Hale,Rockies,17,23,27,2,2,0,0,0,1,0,.087,0,9,0,0,4,0,0,0,.087
16149,Aaron Nola,Phillies,13,23,26,2,2,0,0,0,0,1,.087,0,16,0,0,2,0,0,0,.087
8223,Brett Anderson,Dodgers,31,47,61,4,3,1,0,0,1,3,.085,0,32,0,0,9,2,0,0,.085
8782,Andrew Cashner,Padres,38,60,61,5,5,0,0,0,2,1,.083,0,24,0,0,0,0,0,0,.083
10700,Ryan LaMarre,Reds,21,25,26,2,2,0,0,0,2,0,.080,0,9,0,0,1,1,0,0,.080
1556,Wil Nieves,Padres,6,13,14,1,0,0,0,1,1,4,.077,0,4,0,0,0,0,0,0,.077
3340,Matt Garza,Brewers,26,39,47,3,3,0,0,0,0,0,.077,0,21,0,0,7,0,0,1,.077
5842,Chad Billingsley,Phillies,7,13,14,1,0,0,0,1,2,1,.077,0,5,0,0,1,1,0,0,.077
8011,Eric Stults,Braves,9,13,16,1,1,0,0,0,0,0,.077,0,7,0,0,3,0,0,0,.077
8380,Reid Brignac,Marlins,17,13,17,1,1,0,0,0,2,0,.077,0,5,0,0,1,0,0,0,.077
10711,Arismendy Alcantara,Cubs,11,26,32,2,2,0,0,0,5,1,.077,0,11,0,0,1,0,1,0,.077
11589,Jose Urena,Marlins,20,13,13,1,1,0,0,0,0,0,.077,0,9,0,0,0,0,0,0,.077
12580,Adam Morgan,Phillies,15,26,27,2,1,1,0,0,2,1,.077,0,12,0,0,1,0,0,0,.077
13183,Zach Davies,Brewers,6,13,14,1,1,0,0,0,1,0,.077,0,3,0,0,1,0,0,0,.077
10811,Mike Foltynewicz,Braves,18,28,30,2,1,1,0,0,0,3,.071,0,19,0,1,1,1,0,0,.071
11592,Williams Perez,Braves,23,28,34,2,2,0,0,0,2,0,.071,0,13,0,0,4,0,0,0,.071
11863,Yadiel Rivera,Brewers,7,14,15,1,1,0,0,0,0,0,.071,0,4,0,0,1,0,0,0,.071
10587,Chad Bettis,Rockies,20,29,33,2,2,0,0,0,2,1,.069,0,13,0,0,0,0,0,0,.069
2929,Jeff Locke,Pirates,30,45,54,3,2,1,0,0,1,2,.067,0,18,0,0,7,1,0,0,.067
16017,Odrisamer Despaigne,Padres,34,30,34,2,1,1,0,0,0,0,.067,0,11,0,0,3,1,0,0,.067
17130,Raisel Iglesias,Reds,18,30,31,2,1,0,1,0,0,1,.067,0,13,0,0,1,0,0,0,.067
1137,Jerome Williams,Phillies,33,31,36,2,1,1,0,0,0,1,.065,0,14,0,0,4,0,0,0,.065
4930,Jon Lester,Cubs,32,62,71,4,4,0,0,0,6,0,.065,0,30,0,0,6,1,0,0,.065
2047,Jorge de la Rosa,Rockies,26,48,50,3,3,0,0,0,0,3,.063,0,18,0,0,2,1,0,0,.063
6341,Luis Jimenez,- - -,16,16,17,1,1,0,0,0,1,0,.063,0,6,0,0,0,0,0,0,.063
8493,John Lamb,Reds,10,16,16,1,0,1,0,0,0,1,.063,0,8,0,0,0,0,0,0,.063
12547,John Hicks,Mariners,17,32,34,2,1,1,0,0,1,1,.063,0,18,0,0,1,0,1,1,.063
10304,Jarred Cosart,Marlins,15,17,18,1,1,0,0,0,0,1,.059,0,8,0,0,1,0,0,0,.059
10197,Shelby Miller,Braves,33,56,71,3,1,2,0,0,1,0,.054,0,29,0,0,11,0,0,0,.054
7515,Jhonatan Solano,Marlins,7,20,21,1,0,1,0,0,1,2,.050,0,1,0,0,0,0,0,0,.050
12049,Kyle Hendricks,Cubs,32,60,64,3,2,1,0,0,2,1,.050,0,24,0,0,3,2,0,0,.050
3547,Carlos Frias,Dodgers,17,21,24,1,1,0,0,0,1,0,.048,0,12,1,0,1,0,0,0,.048
7168,Juan Centeno,Brewers,10,21,23,1,0,1,0,0,0,0,.048,0,7,0,0,0,0,0,0,.048
13453,Eddie Butler,Rockies,16,23,24,1,1,0,0,0,0,0,.043,0,13,0,0,1,0,0,0,.043
5386,Andrew Lambo,Pirates,20,25,27,1,0,1,0,0,1,0,.040,0,8,0,0,0,0,0,0,.040
11754,Justin Nicolino,Marlins,13,25,27,1,1,0,0,0,0,0,.040,0,8,0,0,2,0,0,0,.040
7738,Wily Peralta,Brewers,20,30,37,1,1,0,0,0,1,1,.033,0,15,0,0,4,0,0,0,.033
4676,Charlie Morton,Pirates,23,36,43,1,1,0,0,0,0,1,.028,0,18,0,0,6,0,0,0,.028
11137,Mike Bolsinger,Dodgers,21,38,40,1,0,1,0,0,1,0,.026,0,23,0,0,2,0,0,0,.026
404,CC Sabathia,Yankees,29,3,3,0,0,0,0,0,0,0,.000,0,2,0,0,0,0,0,0,.000
583,Jeremy Affeldt,Giants,52,2,2,0,0,0,0,0,0,0,.000,0,2,0,0,0,0,0,0,.000
729,LaTroy Hawkins,- - -,42,1,1,0,0,0,0,0,0,0,.000,0,1,0,0,0,0,0,0,.000
813,Randy Choate,Cardinals,71,0,1,0,0,0,0,0,0,0,.000,0,0,0,0,0,0,0,0,.000
1245,R.A. Dickey,Blue Jays,33,3,4,0,0,0,0,0,0,0,.000,0,1,0,0,1,0,0,0,.000
1259,Colby Lewis,Rangers,33,2,2,0,0,0,0,0,0,0,.000,0,2,0,0,0,0,0,0,.000
1663,Javier Lopez,Giants,77,0,1,0,0,0,0,0,0,0,.000,0,0,0,0,1,0,0,0,.000
1698,Gerald Laird,Diamondbacks,1,2,2,0,0,0,0,0,0,0,.000,0,0,0,0,0,0,0,0,.000
1701,Chris Capuano,Yankees,22,1,1,0,0,0,0,0,0,0,.000,0,0,0,0,0,0,0,0,.000
1841,Edwin Jackson,- - -,47,1,1,0,0,0,0,0,0,0,.000,0,0,0,0,0,0,0,0,.000
1890,Matt Moore,Rays,12,1,2,0,0,0,0,0,0,0,.000,0,0,0,0,1,0,0,0,.000
1902,David Aardsma,Braves,33,1,1,0,0,0,0,0,0,0,.000,0,1,0,0,0,0,0,0,.000
2141,Chris Narveson,Marlins,15,6,7,0,0,0,0,0,1,1,.000,0,4,0,0,1,0,0,0,.000
2155,Alfredo Simon,Tigers,31,5,5,0,0,0,0,0,0,0,.000,0,2,0,0,0,0,0,0,.000
2203,Ronald Belisario,Rays,6,1,1,0,0,0,0,0,0,0,.000,0,0,0,0,0,0,0,0,.000
2216,Don Kelly,Marlins,2,1,1,0,0,0,0,0,0,0,.000,0,0,0,0,0,0,0,0,.000
2233,Adam Wainwright,Cardinals,7,10,10,0,0,0,0,0,0,0,.000,0,2,0,0,0,0,0,0,.000
2332,Joel Peralta,Dodgers,33,1,1,0,0,0,0,0,0,0,.000,0,1,0,0,0,0,0,0,.000
2413,Cory Rasmus,Angels,16,1,1,0,0,0,0,0,0,0,.000,0,0,0,0,0,0,0,0,.000
2429,Corey Kluber,Indians,32,6,6,0,0,0,0,0,0,0,.000,0,3,0,0,0,1,0,0,.000
2487,Edward Easley,Cardinals,4,6,7,0,0,0,0,0,0,1,.000,0,1,0,1,0,1,0,0,.000
2540,Eric Surkamp,Dodgers,1,0,1,0,0,0,0,0,0,0,.000,0,0,0,0,1,0,0,0,.000
2717,Rick Porcello,Red Sox,28,2,2,0,0,0,0,0,0,0,.000,0,2,0,0,0,0,0,0,.000
2851,Jacob Brigham,Braves,12,1,2,0,0,0,0,0,0,0,.000,0,1,0,0,1,0,0,0,.000
2859,Ross Detwiler,- - -,41,1,1,0,0,0,0,0,0,0,.000,0,1,0,0,0,0,0,0,.000
2882,Luis Avilan,- - -,73,1,1,0,0,0,0,0,0,0,.000,0,0,0,0,0,0,0,0,.000
3184,David Price,- - -,32,9,9,0,0,0,0,0,0,0,.000,0,3,0,0,0,1,0,0,.000
3192,Will Harris,Astros,68,1,1,0,0,0,0,0,0,0,.000,0,1,0,0,0,0,0,0,.000
3220,Jean Machi,- - -,59,3,3,0,0,0,0,0,0,0,.000,0,2,0,0,0,0,0,0,.000
3273,Roberto Hernandez,Astros,20,2,3,0,0,0,0,0,1,0,.000,0,2,0,0,0,0,0,0,.000
3284,Anibal Sanchez,Tigers,25,4,4,0,0,0,0,0,0,0,.000,0,4,0,0,0,0,0,0,.000
3299,Chris Hatcher,Dodgers,49,1,1,0,0,0,0,0,0,0,.000,0,0,0,0,0,0,0,0,.000
3507,Andre Rienzo,Marlins,14,2,2,0,0,0,0,0,0,0,.000,0,0,0,0,0,0,0,0,.000
3543,Clay Buchholz,Red Sox,18,6,6,0,0,0,0,0,0,0,.000,0,2,0,0,0,0,0,0,.000
3548,Liam Hendriks,Blue Jays,58,0,1,0,0,0,0,0,0,0,.000,0,0,0,0,0,0,0,0,.000
3830,Ricky Nolasco,Twins,9,3,3,0,0,0,0,0,0,0,.000,0,3,0,0,0,0,0,0,.000
3855,Brett Oberholtzer,Astros,8,0,3,0,0,0,0,0,0,0,.000,0,0,0,0,2,0,0,0,.000
3972,Andy Parrino,Athletics,17,6,8,0,0,0,0,0,1,0,.000,0,5,0,0,0,0,0,0,.000
3990,Edinson Volquez,Royals,34,6,6,0,0,0,0,0,0,0,.000,0,4,0,0,0,0,0,0,.000
3993,Allen Webster,Diamondbacks,9,11,11,0,0,0,0,0,1,0,.000,0,6,0,0,0,0,0,0,.000
4020,Yusmeiro Petit,Giants,42,9,10,0,0,0,0,0,1,0,.000,0,3,0,0,1,0,0,0,.000
4064,Brian Duensing,Twins,55,1,1,0,0,0,0,0,0,0,.000,0,0,0,0,0,0,0,0,.000
4086,Erik Cordier,Marlins,8,0,1,0,0,0,0,0,0,0,.000,0,0,0,0,1,0,0,0,.000
4089,James Russell,Cubs,49,1,1,0,0,0,0,0,0,0,.000,0,1,0,0,0,0,0,0,.000
4138,Carlos Villanueva,Cardinals,35,8,11,0,0,0,0,0,0,0,.000,0,5,0,0,3,0,0,0,.000
4146,Gorkys Hernandez,Pirates,8,5,5,0,0,0,0,0,0,0,.000,0,0,0,0,0,0,1,0,.000
4235,Jered Weaver,Angels,26,2,2,0,0,0,0,0,0,0,.000,0,1,0,0,0,0,0,0,.000
4257,David Huff,Dodgers,3,1,1,0,0,0,0,0,0,0,.000,0,0,0,0,0,0,0,0,.000
4530,Mitchell Harris,Cardinals,26,1,1,0,0,0,0,0,0,0,.000,0,1,0,0,0,0,0,0,.000
4611,Jason Pridie,Athletics,6,9,10,0,0,0,0,0,0,0,.000,0,4,0,0,0,0,0,0,.000
4662,Brandon McCarthy,Dodgers,4,6,9,0,0,0,0,0,0,1,.000,0,5,0,0,2,0,0,0,.000
4664,Sam LeCure,Reds,19,1,1,0,0,0,0,0,0,0,.000,0,0,0,0,0,0,0,0,.000
4732,Matt Cain,Giants,13,16,20,0,0,0,0,0,0,1,.000,0,9,0,1,3,0,0,0,.000
4772,Felix Hernandez,Mariners,31,3,3,0,0,0,0,0,0,0,.000,0,1,0,0,0,0,0,0,.000
4776,Matt Shoemaker,Angels,25,1,2,0,0,0,0,0,0,0,.000,0,0,0,0,0,0,0,0,.000
4849,Joe Blanton,- - -,36,4,4,0,0,0,0,0,0,0,.000,0,1,0,0,0,0,0,0,.000
4869,Mike Montgomery,Mariners,16,3,3,0,0,0,0,0,0,0,.000,0,2,0,0,0,0,0,0,.000
5098,Jordany Valdespin,Marlins,2,4,4,0,0,0,0,0,0,0,.000,0,1,0,0,0,0,0,0,.000
5279,Chris Tillman,Orioles,31,2,2,0,0,0,0,0,0,0,.000,0,2,0,0,0,0,0,0,.000
5362,Phillippe Aumont,Phillies,1,0,1,0,0,0,0,0,0,0,.000,0,0,0,0,0,0,0,0,.000
5365,Manny Banuelos,Braves,7,3,7,0,0,0,0,0,0,0,.000,0,1,0,0,4,0,0,0,.000
5372,Michael Pineda,Yankees,27,2,2,0,0,0,0,0,0,0,.000,0,1,0,0,0,0,0,0,.000
5422,Steve Lombardozzi,Pirates,12,10,11,0,0,0,0,0,1,0,.000,0,4,0,0,0,0,0,0,.000
5491,Austin Romine,Yankees,1,2,2,0,0,0,0,0,0,0,.000,0,0,0,0,0,0,0,0,.000
5551,Matt Harrison,Rangers,3,2,3,0,0,0,0,0,0,0,.000,0,1,0,0,1,0,0,0,.000
5640,Tyler Clippard,- - -,69,1,1,0,0,0,0,0,0,0,.000,0,0,0,0,0,0,0,0,.000
5843,Radhames Liz,Pirates,14,1,1,0,0,0,0,0,0,0,.000,0,0,0,0,0,0,0,0,.000
5867,Danny Salazar,Indians,30,4,4,0,0,0,0,0,0,0,.000,0,4,0,0,0,0,0,0,.000
5876,Gonzalez Germen,- - -,35,1,1,0,0,0,0,0,0,0,.000,0,1,0,0,0,0,0,0,.000
5985,Randall Delgado,Diamondbacks,64,1,2,0,0,0,0,0,0,0,.000,0,1,0,0,1,0,0,0,.000
6109,Joe Wieland,Dodgers,2,1,2,0,0,0,0,0,0,0,.000,0,1,0,0,1,0,0,0,.000
6176,Scott Baker,Dodgers,2,3,4,0,0,0,0,0,0,0,.000,0,1,0,0,1,0,0,0,.000
6345,Chris Archer,Rays,34,5,5,0,0,0,0,0,0,0,.000,0,3,0,0,0,0,0,0,.000
6397,Jake Odorizzi,Rays,28,4,4,0,0,0,0,0,0,0,.000,0,2,0,0,0,0,0,0,.000
6398,Trevor May,Twins,48,3,3,0,0,0,0,0,0,0,.000,0,3,0,0,0,0,0,0,.000
6499,Blaine Hardy,Tigers,70,1,1,0,0,0,0,0,0,0,.000,0,0,0,0,0,0,0,0,.000
6596,Ryan Jackson,Angels,22,9,14,0,0,0,0,0,0,0,.000,0,5,0,0,4,1,0,0,.000
6655,Craig Kimbrel,Padres,61,1,1,0,0,0,0,0,0,0,.000,0,1,0,0,0,0,0,0,.000
6697,Miguel Socolovich,Cardinals,28,1,1,0,0,0,0,0,0,0,.000,0,0,0,0,0,0,0,0,.000
6883,Collin Balester,Reds,15,1,1,0,0,0,0,0,0,0,.000,0,0,0,0,0,0,0,0,.000
6902,Martin Perez,Rangers,14,2,2,0,0,0,0,0,0,0,.000,0,2,0,0,0,0,0,0,.000
7024,Miguel Gonzalez,Orioles,26,1,1,0,0,0,0,0,0,0,.000,0,0,0,0,0,0,0,0,.000
7038,Alex Torres,Mets,39,1,1,0,0,0,0,0,0,0,.000,0,0,0,0,0,0,0,0,.000
7108,Pat Venditte,Athletics,26,1,1,0,0,0,0,0,0,0,.000,0,1,0,0,0,0,0,0,.000
7146,Daniel Hudson,Diamondbacks,64,1,1,0,0,0,0,0,0,0,.000,0,1,0,0,0,0,0,0,.000
7411,Austin Adams,Indians,28,1,1,0,0,0,0,0,0,0,.000,0,0,0,0,0,1,0,0,.000
7450,Phil Hughes,Twins,27,3,3,0,0,0,0,0,0,0,.000,0,0,0,0,0,0,0,0,.000
7593,Jordan Lyles,Rockies,11,19,19,0,0,0,0,0,0,0,.000,0,11,0,0,0,0,0,0,.000
7608,Tommy Milone,Twins,24,2,2,0,0,0,0,0,0,0,.000,0,1,0,0,0,0,0,0,.000
7731,Juan Nicasio,Dodgers,54,1,1,0,0,0,0,0,0,0,.000,0,0,0,0,0,0,0,0,.000
7836,Hunter Strickland,Giants,55,1,1,0,0,0,0,0,0,0,.000,0,1,0,0,0,0,0,0,.000
7942,Christian Friedrich,Rockies,68,3,3,0,0,0,0,0,0,0,.000,0,0,0,0,0,0,0,0,.000
8185,Steven Wright,Red Sox,16,1,2,0,0,0,0,0,0,0,.000,0,0,0,0,1,0,0,0,.000
8353,Dean Anna,Cardinals,1,1,1,0,0,0,0,0,0,0,.000,0,0,0,0,0,0,0,0,.000
8362,Homer Bailey,Reds,2,4,4,0,0,0,0,0,0,0,.000,0,1,0,0,0,0,0,0,.000
8410,Deolis Guerra,Pirates,10,1,1,0,0,0,0,0,0,0,.000,0,0,0,0,0,0,0,0,.000
8532,Rob Wooten,Brewers,4,1,1,0,0,0,0,0,0,0,.000,0,0,0,0,0,0,0,0,.000
8580,Justin Miller,Rockies,34,2,3,0,0,0,0,0,0,0,.000,0,2,0,0,1,0,0,0,.000
8600,Dustin McGowan,Phillies,14,3,3,0,0,0,0,0,0,0,.000,0,3,0,0,0,0,0,0,.000
8728,Donovan Hand,Reds,1,1,1,0,0,0,0,0,0,0,.000,0,0,0,0,0,0,0,0,.000
8779,Wade Miley,Red Sox,32,2,2,0,0,0,0,0,0,0,.000,0,0,0,0,0,0,0,0,.000
8844,Antonio Bastardo,Pirates,66,2,2,0,0,0,0,0,0,0,.000,0,2,0,0,0,0,0,0,.000
8851,Brandon Beachy,Dodgers,2,2,2,0,0,0,0,0,0,0,.000,0,1,0,0,0,0,0,0,.000
8979,Dustin Coleman,Royals,4,5,5,0,0,0,0,0,0,0,.000,0,3,0,0,0,0,0,0,.000
9029,Adam Warren,Yankees,43,3,3,0,0,0,0,0,0,0,.000,0,1,0,0,0,0,0,0,.000
9033,Jeanmar Gomez,Phillies,65,1,1,0,0,0,0,0,0,0,.000,0,1,0,0,0,0,0,0,.000
9132,Nathan Eovaldi,Yankees,27,5,5,0,0,0,0,0,1,0,.000,0,2,0,0,0,0,0,0,.000
9174,Casey Kelly,Padres,3,2,3,0,0,0,0,0,0,0,.000,0,0,0,0,1,0,0,0,.000
9187,Jordan Danks,Phillies,4,4,4,0,0,0,0,0,0,0,.000,0,2,0,0,0,0,0,0,.000
9253,Keon Broxton,Pirates,7,2,2,0,0,0,0,0,3,0,.000,0,1,0,0,0,0,1,1,.000
9303,Dylan Axelrod,Reds,6,2,3,0,0,0,0,0,0,0,.000,0,1,0,0,1,0,0,0,.000
9325,Jared Hughes,Pirates,76,0,1,0,0,0,0,0,0,0,.000,0,0,0,0,1,0,0,0,.000
9346,Brandon Morrow,Padres,5,9,10,0,0,0,0,0,0,0,.000,0,8,0,0,0,0,0,0,.000
9414,Quintin Berry,Cubs,8,1,1,0,0,0,0,0,1,0,.000,0,1,0,0,0,0,2,1,.000
9417,Kris Medlen,Royals,15,0,1,0,0,0,0,0,1,0,.000,0,0,0,0,1,0,0,0,.000
9486,George Kontos,Giants,73,2,3,0,0,0,0,0,0,0,.000,0,2,0,0,1,0,0,0,.000
9492,Bud Norris,- - -,38,4,4,0,0,0,0,0,0,0,.000,0,1,0,0,0,0,0,0,.000
9665,Cody Decker,Padres,8,11,12,0,0,0,0,0,0,1,.000,0,5,0,1,0,1,0,0,.000
9736,Burke Badenhop,Reds,68,1,1,0,0,0,0,0,0,0,.000,0,0,0,0,0,0,0,0,.000
9787,Steven Baron,Mariners,4,11,11,0,0,0,0,0,0,0,.000,0,2,0,0,0,2,0,0,.000
9817,Sergio Romo,Giants,70,2,2,0,0,0,0,0,0,0,.000,0,1,0,0,0,0,0,0,.000
9939,Brandon Kintzler,Brewers,7,1,1,0,0,0,0,0,0,0,.000,0,0,0,0,0,0,0,0,.000
9958,Jeff Bianchi,Red Sox,3,2,2,0,0,0,0,0,0,0,.000,0,0,0,0,0,0,0,0,.000
10039,Keyvius Sampson,Reds,13,16,17,0,0,0,0,0,1,0,.000,0,11,0,0,1,1,0,0,.000
10160,Ryan Weber,Braves,5,10,10,0,0,0,0,0,0,0,.000,0,8,0,0,0,0,0,0,.000
10233,Aroldis Chapman,Reds,65,1,1,0,0,0,0,0,1,0,.000,0,0,0,0,0,0,0,0,.000
10240,Ariel Pena,Brewers,6,7,7,0,0,0,0,0,0,0,.000,0,6,0,0,0,0,0,0,.000
10314,Erasmo Ramirez,Rays,34,2,2,0,0,0,0,0,0,0,.000,0,2,0,0,0,0,0,0,.000
10354,Robbie Erlin,Padres,3,5,6,0,0,0,0,0,0,0,.000,0,1,0,0,1,0,0,0,.000
10586,Addison Reed,- - -,55,2,2,0,0,0,0,0,0,0,.000,0,0,0,0,0,0,0,0,.000
10637,Adam Liberatore,Dodgers,39,2,2,0,0,0,0,0,0,0,.000,0,2,0,0,0,0,0,0,.000
10688,Tyler Thornburg,Brewers,24,3,3,0,0,0,0,0,0,0,.000,0,1,0,0,0,0,0,0,.000
10706,Scott Copeland,Blue Jays,5,1,1,0,0,0,0,0,0,0,.000,0,1,0,0,0,0,0,0,.000
10745,Trevor Rosenthal,Cardinals,68,1,1,0,0,0,0,0,0,0,.000,0,1,0,0,0,0,0,0,.000
10756,Shane Greene,Tigers,18,5,5,0,0,0,0,0,0,0,.000,0,5,0,0,0,0,0,0,.000
10770,Tyler Cravy,Brewers,14,8,10,0,0,0,0,0,0,0,.000,0,3,0,0,2,0,0,0,.000
11209,Casey Sadler,Pirates,1,1,2,0,0,0,0,0,0,0,.000,0,0,0,0,1,0,0,0,.000
11376,Michael Choice,Rangers,1,1,1,0,0,0,0,0,0,0,.000,0,1,0,0,0,0,0,0,.000
11402,Kyle Waldrop,Reds,1,1,1,0,0,0,0,0,0,0,.000,0,1,0,0,0,0,0,0,.000
11423,Jose Quintana,White Sox,32,8,9,0,0,0,0,0,0,0,.000,0,5,0,0,1,0,0,0,.000
11424,Anthony Ranaudo,Rangers,4,2,2,0,0,0,0,0,0,0,.000,0,2,0,0,0,0,0,0,.000
11442,Gary Sanchez,Yankees,2,2,2,0,0,0,0,0,0,0,.000,0,1,0,0,0,0,0,0,.000
11467,A.J. Cole,Nationals,3,2,2,0,0,0,0,0,0,0,.000,0,0,0,0,0,1,0,0,.000
11468,Zach Lee,Dodgers,1,2,2,0,0,0,0,0,0,0,.000,0,0,0,0,0,0,0,0,.000
11479,Bryan Mitchell,Yankees,20,1,1,0,0,0,0,0,0,0,.000,0,1,0,0,0,0,0,0,.000
11528,Josh Osich,Giants,35,1,3,0,0,0,0,0,0,0,.000,0,1,0,0,2,0,0,0,.000
11608,Garin Cecchini,Red Sox,2,4,4,0,0,0,0,0,0,0,.000,0,3,0,0,0,0,0,0,.000
11680,Elias Diaz,Pirates,2,2,2,0,0,0,0,0,0,0,.000,0,1,0,0,0,0,0,0,.000
11712,Erik Goeddel,Mets,35,1,1,0,0,0,0,0,0,0,.000,0,0,0,0,0,0,0,0,.000
11720,Justin Grimm,Cubs,62,1,1,0,0,0,0,0,0,0,.000,0,1,0,0,0,0,0,0,.000
11804,Hector Neris,Phillies,32,1,1,0,0,0,0,0,0,0,.000,0,1,0,0,0,0,0,0,.000
11828,James Paxton,Mariners,13,2,2,0,0,0,0,0,0,0,.000,0,2,0,0,0,0,0,0,.000
11855,Yordano Ventura,Royals,28,6,6,0,0,0,0,0,0,0,.000,0,5,0,0,0,0,0,0,.000
11905,Orlando Calixte,Royals,2,3,3,0,0,0,0,0,1,0,.000,0,0,0,0,0,0,0,0,.000
12022,Matt Andriese,Rays,25,1,1,0,0,0,0,0,0,0,.000,0,0,0,0,0,0,0,0,.000
12118,Kendry Flores,Marlins,7,1,1,0,0,0,0,0,0,0,.000,0,1,0,0,0,0,0,0,.000
12143,Jason Garcia,Orioles,21,0,1,0,0,0,0,0,0,0,.000,0,0,0,0,0,0,0,0,.000
12166,David Goforth,Brewers,20,3,4,0,0,0,0,0,0,0,.000,0,3,0,0,1,0,0,0,.000
12182,Cody Martin,- - -,25,0,1,0,0,0,0,0,0,0,.000,0,0,0,0,1,0,0,0,.000
12235,Seth Maness,Cardinals,77,3,3,0,0,0,0,0,0,0,.000,0,2,0,0,0,0,0,0,.000
12272,Aaron Brooks,- - -,13,2,2,0,0,0,0,0,0,0,.000,0,0,0,0,0,0,0,0,.000
12304,Chris Bassitt,Athletics,18,2,2,0,0,0,0,0,0,0,.000,0,1,0,0,0,0,0,0,.000
12555,Tony Cingrani,Reds,35,2,2,0,0,0,0,0,1,1,.000,0,1,0,0,0,0,0,0,.000
12572,Blake Treinen,Nationals,60,2,4,0,0,0,0,0,0,0,.000,0,1,0,0,2,0,0,0,.000
12691,Tyler Wilson,Orioles,9,2,3,0,0,0,0,0,0,0,.000,0,0,0,0,1,0,0,0,.000
12730,Nick Martinez,Rangers,24,4,4,0,0,0,0,0,2,0,.000,0,1,0,0,0,0,0,0,.000
12760,Rafael Montero,Mets,5,2,2,0,0,0,0,0,0,0,.000,0,1,0,0,0,0,0,0,.000
12799,Cody Anderson,Indians,15,3,3,0,0,0,0,0,0,0,.000,0,3,0,0,0,0,0,0,.000
12854,Elvis Araujo,Phillies,40,1,1,0,0,0,0,0,0,0,.000,0,1,0,0,0,0,0,0,.000
12870,Andrew McKirahan,Braves,27,1,1,0,0,0,0,0,0,0,.000,0,1,0,0,0,0,0,0,.000
12905,Logan Verrett,- - -,18,7,8,0,0,0,0,0,0,0,.000,0,2,0,0,1,0,0,0,.000
12988,Andrew Chafin,Diamondbacks,66,3,3,0,0,0,0,0,0,0,.000,0,1,0,0,0,0,0,0,.000
13046,Tsuyoshi Wada,Cubs,8,8,9,0,0,0,0,0,1,0,.000,0,5,0,0,0,0,0,0,.000
13048,Hisashi Iwakuma,Mariners,20,2,3,0,0,0,0,0,0,0,.000,0,2,0,0,1,0,0,0,.000
13143,Henry Owens,Red Sox,11,2,2,0,0,0,0,0,0,0,.000,0,2,0,0,0,0,0,0,.000
13164,Eduardo Rodriguez,Red Sox,21,2,3,0,0,0,0,0,0,0,.000,0,2,0,0,1,0,0,0,.000
13287,Jesse Hahn,Athletics,16,3,3,0,0,0,0,0,0,0,.000,0,2,0,0,0,0,0,0,.000
13293,Daniel Coulombe,- - -,14,1,1,0,0,0,0,0,0,0,.000,0,1,0,0,0,0,0,0,.000
13607,Carl Edwards Jr.,Cubs,5,1,1,0,0,0,0,0,0,0,.000,0,1,0,0,0,0,0,0,.000
13658,Terrance Gore,Royals,9,3,4,0,0,0,0,0,1,0,.000,0,1,1,0,0,0,3,0,.000
13796,Tyler Wagner,Brewers,3,3,3,0,0,0,0,0,0,0,.000,0,2,0,0,0,0,0,0,.000
13881,Ian Thomas,- - -,14,3,4,0,0,0,0,0,1,0,.000,0,1,0,0,0,1,0,0,.000
14120,Lance McCullers,Astros,22,2,2,0,0,0,0,0,0,0,.000,0,1,0,0,0,0,0,0,.000
14527,Jorge Lopez,Brewers,2,2,3,0,0,0,0,0,0,0,.000,0,2,0,0,1,0,0,0,.000
14916,Jon Gray,Rockies,9,11,13,0,0,0,0,0,1,0,.000,0,6,0,0,0,0,0,0,.000
15423,Andrew Heaney,Angels,18,5,6,0,0,0,0,0,0,0,.000,0,3,0,0,1,0,0,0,.000
15764,Masahiro Tanaka,Yankees,24,7,8,0,0,0,0,0,0,0,.000,0,2,0,0,0,0,0,0,.000
15890,Luis Severino,Yankees,11,2,2,0,0,0,0,0,0,0,.000,0,0,0,0,0,0,0,0,.000
16137,Carlos Rodon,White Sox,26,1,3,0,0,0,0,0,0,0,.000,0,1,0,0,2,0,0,0,.000
16208,Brandon Finnegan,- - -,20,4,6,0,0,0,0,0,0,0,.000,0,2,0,0,2,0,0,0,.000
