12508,Jett Bandy,Angels,2,0.0 %,0.0 %,0.00,.500,.500,2.000,2.500,1.500,0.1,.000,0.0,0.0,0.0,1,1.1,1.033,598
6632,Carlos Carrasco,Indians,3,0.0 %,0.0 %,0.00,1.000,1.000,1.000,2.000,.000,0.1,1.000, , ,0.0,2,1.4,.881,487
12138,Ryan Brett,Rays,4,25.0 %,0.0 %,1.00,.667,.750,1.000,1.750,.333,0.1,.667,0.0,0.0,0.0,2,1.3,.706,371
3855,Brett Oberholtzer,Astros,3,33.3 %,0.0 %,1.00,.000,1.000,.000,1.000,.000,0.1,.000, , ,0.0,1,0.9,.687,357
2917,Emmanuel Burriss,Nationals,5,40.0 %,0.0 %,2.00,.667,.800,.667,1.467,.000,2.6,.667,-0.1,0.0,0.0,2,1.3,.627,311
2038,Justin Masterson,Red Sox,3,0.0 %,33.3 %,0.00,.667,.667,.667,1.333,.000,0.1,1.000, , ,0.0,1,0.7,.587,281
5203,Mike Pelfrey,Twins,3,0.0 %,33.3 %,0.00,.667,.667,.667,1.333,.000,0.1,1.000, , ,0.0,1,0.7,.587,284
13288,Peter O'Brien,Diamondbacks,12,16.7 %,41.7 %,0.40,.400,.500,.800,1.300,.400,0.1,.750,-0.3,0.0,0.0,4,2.2,.538,246
8173,Yovani Gallardo,Rangers,4,0.0 %,25.0 %,0.00,.500,.500,.750,1.250,.250,0.1,.667, , ,0.0,1,0.7,.534,246
12638,Nate Karns,Rays,5,0.0 %,60.0 %,0.00,.250,.250,1.000,1.250,.750,0.1,.000, , ,0.0,1,0.8,.516,240
11624,Jarrett Parker,Giants,54,9.3 %,38.9 %,0.24,.347,.407,.755,1.163,.408,3.1,.500,0.3,0.1,-0.2,14,7.5,.486,220
10336,Slade Heathcott,Yankees,30,6.7 %,16.7 %,0.40,.400,.429,.720,1.149,.320,3.1,.421,-0.3,0.3,-0.4,7,3.9,.475,208
11579,Bryce Harper,Nationals,654,19.0 %,20.0 %,0.95,.330,.460,.649,1.109,.319,3.1,.369,3.1,0.9,-0.8,151,77.3,.461,197
10059,Max Stassi,Astros,17,5.9 %,29.4 %,0.20,.400,.438,.600,1.038,.200,2.6,.556,0.1,-0.1,0.0,4,1.8,.447,192
2586,Wandy Rodriguez,Rangers,2,0.0 %,0.0 %,0.00,.500,.500,.500,1.000,.000,2.6,.500, , ,0.0,0,0.2,.440,181
3196,Chris Young,Royals,4,0.0 %,25.0 %,0.00,.500,.500,.500,1.000,.000,0.1,.667, , ,0.0,1,0.4,.440,182
3254,Jeff Samardzija,White Sox,2,0.0 %,50.0 %,0.00,.500,.500,.500,1.000,.000,0.1,1.000, , ,0.0,0,0.2,.440,184
6248,Aaron Laffey,Rockies,2,0.0 %,50.0 %,0.00,.500,.500,.500,1.000,.000,0.1,1.000, , ,0.0,0,0.2,.440,167
6283,Scott Feldman,Astros,2,0.0 %,50.0 %,0.00,.500,.500,.500,1.000,.000,0.1,1.000, , ,0.0,0,0.2,.440,187
6748,Travis Tartamella,Cardinals,2,0.0 %,0.0 %,0.00,.500,.500,.500,1.000,.000,0.1,.500,0.0,0.0,0.0,0,0.2,.440,185
10585,Rico Noel,Yankees,2,0.0 %,0.0 %,0.00,.500,.500,.500,1.000,.000,6.6,.500,0.9,0.0,0.2,0,0.2,.440,184
11457,Sammy Solis,Nationals,2,0.0 %,0.0 %,0.00,.500,.500,.500,1.000,.000,0.1,.500, , ,0.0,0,0.2,.440,183
12586,Mike Wright,Orioles,3,0.0 %,33.3 %,0.00,.500,.500,.500,1.000,.000,0.1,1.000, , ,0.0,1,0.3,.440,183
12803,Carter Capps,Marlins,2,0.0 %,50.0 %,0.00,.500,.500,.500,1.000,.000,0.1,1.000, , ,0.0,0,0.2,.440,185
4314,Joey Votto,Reds,695,20.6 %,19.4 %,1.06,.314,.459,.541,1.000,.228,3.7,.371,-2.7,0.9,0.6,141,63.1,.427,173
13624,Corey Seager,Dodgers,113,12.4 %,16.8 %,0.74,.337,.425,.561,.986,.224,5.7,.387,0.4,0.3,0.3,22,9.7,.421,176
10390,Daniel Fields,Tigers,3,0.0 %,66.7 %,0.00,.333,.333,.667,1.000,.333,2.6,1.000,0.2,0.0,0.0,1,0.3,.419,169
11471,Dallas Beeler,Cubs,3,0.0 %,33.3 %,0.00,.333,.333,.667,1.000,.333,0.1,.500, , ,0.0,1,0.3,.419,169
9218,Paul Goldschmidt,Diamondbacks,695,17.0 %,21.7 %,0.78,.321,.435,.570,1.005,.249,4.6,.382,1.7,-0.4,1.8,136,57.9,.418,163
10155,Mike Trout,Angels,682,13.5 %,23.2 %,0.58,.299,.402,.590,.991,.290,5.0,.344,2.8,1.4,-0.9,132,55.4,.415,172
1744,Miguel Cabrera,Tigers,511,15.1 %,16.0 %,0.94,.338,.440,.534,.974,.196,1.9,.384,-3.1,-1.5,-0.5,98,40.9,.413,165
12181,Matt Duffy,Astros,9,11.1 %,22.2 %,0.50,.375,.444,.500,.944,.125,0.1,.500,0.0,0.1,0.0,2,0.7,.412,167
13130,Mikie Mahtook,Rays,115,5.2 %,27.0 %,0.19,.295,.351,.619,.970,.324,6.8,.338,0.7,0.7,-0.4,22,9.0,.411,167
3255,Franklin Gutierrez,Mariners,189,7.4 %,28.6 %,0.26,.292,.354,.620,.974,.327,1.0,.340,0.0,-0.3,-0.1,36,14.6,.410,167
11400,Ronald Torreyes,Dodgers,8,12.5 %,12.5 %,1.00,.333,.429,.500,.929,.167,1.6,.400,0.0,0.0,0.0,1,0.6,.403,164
5038,Josh Donaldson,Blue Jays,711,10.3 %,18.7 %,0.55,.297,.371,.568,.939,.271,4.5,.314,3.6,-0.4,0.8,128,48.0,.398,154
2218,Ryan Raburn,Indians,201,11.4 %,21.9 %,0.52,.301,.393,.543,.936,.243,2.1,.361,0.9,-0.4,-0.1,36,13.5,.397,154
2434,Nelson Cruz,Mariners,655,9.0 %,25.0 %,0.36,.302,.369,.566,.936,.264,2.5,.350,-3.6,1.6,-0.5,117,43.3,.396,158
5212,Alfredo Marte,Angels,8,12.5 %,12.5 %,1.00,.333,.500,.333,.833,.000,0.1,.400,0.0,0.1,0.0,1,0.5,.396,159
4949,Giancarlo Stanton,Marlins,318,10.7 %,29.9 %,0.36,.265,.346,.606,.952,.341,3.9,.294,0.8,0.7,-0.1,56,20.6,.394,154
12164,Miguel Sano,Twins,335,15.8 %,35.5 %,0.45,.269,.385,.530,.916,.262,2.8,.396,-5.2,0.8,-0.4,59,21.1,.392,150
2151,Edwin Encarnacion,Blue Jays,624,12.3 %,15.7 %,0.79,.277,.372,.557,.929,.280,2.4,.267,-2.1,0.4,-0.5,109,39.0,.392,150
10838,Cody Stanley,Cardinals,10,0.0 %,30.0 %,0.00,.400,.400,.500,.900,.100,2.6,.571,-0.1,0.0,0.0,2,0.6,.390,151
9272,Chris Davis,Orioles,670,12.5 %,31.0 %,0.40,.262,.361,.562,.923,.300,1.9,.319,-1.5,2.1,-1.1,116,40.9,.390,148
1887,Jose Bautista,Blue Jays,666,16.5 %,15.9 %,1.04,.250,.377,.536,.913,.285,4.5,.237,2.3,-0.5,0.5,115,40.1,.389,148
697,J.P. Arencibia,Rays,73,1.4 %,30.1 %,0.05,.310,.315,.606,.921,.296,0.6,.364,0.3,0.2,0.0,13,4.3,.388,151
3473,Anthony Rizzo,Cubs,701,11.1 %,15.0 %,0.74,.278,.387,.512,.899,.234,4.9,.289,-0.6,1.8,0.7,118,39.6,.384,145
8434,Brett Wallace,Padres,107,9.3 %,29.0 %,0.32,.302,.374,.521,.895,.219,1.2,.400,-1.1,0.1,-0.1,18,6.0,.383,148
9952,Trayce Thompson,White Sox,135,9.6 %,19.3 %,0.50,.295,.363,.533,.896,.238,5.5,.341,1.4,-0.3,0.1,23,7.5,.383,144
1281,Mark Teixeira,Yankees,462,12.8 %,18.4 %,0.69,.255,.357,.548,.906,.293,2.1,.246,-4.3,1.2,0.2,77,25.1,.381,143
13051,Chris Colabello,Blue Jays,360,6.1 %,26.7 %,0.23,.321,.367,.520,.886,.198,3.9,.411,-0.8,-1.1,0.2,60,19.5,.381,142
9847,Andrew McCutchen,Pirates,685,14.3 %,19.4 %,0.74,.292,.401,.488,.889,.196,4.2,.339,-1.5,0.6,-0.2,114,36.7,.380,146
2136,David Peralta,Diamondbacks,517,8.5 %,20.7 %,0.41,.312,.371,.522,.893,.210,5.6,.368,2.8,0.9,0.0,86,27.5,.380,137
745,David Ortiz,Red Sox,614,12.5 %,15.5 %,0.81,.273,.360,.553,.913,.280,0.9,.264,-4.0,-0.5,-0.6,101,32.1,.379,137
10058,Tyler Matzek,Rockies,9,0.0 %,11.1 %,0.00,.375,.375,.500,.875,.125,2.6,.429, , ,0.0,1,0.5,.377,123
12510,Curt Casali,Rays,113,7.1 %,30.1 %,0.24,.238,.304,.594,.898,.356,0.4,.241,-0.5,0.1,0.0,18,5.7,.377,144
11859,Mason Williams,Yankees,22,4.5 %,13.6 %,0.33,.286,.318,.571,.890,.286,1.6,.294,0.1,0.1,0.0,4,1.1,.376,140
49,Kyle Blanks,Rangers,71,5.6 %,28.2 %,0.20,.313,.352,.522,.875,.209,3.9,.409,0.4,-0.1,0.2,12,3.5,.376,136
10953,Phil Gosselin,- - -,118,7.6 %,13.6 %,0.56,.311,.373,.500,.873,.189,5.5,.341,1.0,-0.1,-0.1,19,5.9,.376,136
10327,Ramon Cabrera,Reds,30,0.0 %,16.7 %,0.00,.367,.367,.500,.867,.133,1.4,.417,-0.1,-0.2,0.0,5,1.5,.375,138
14131,Gregory Bird,Yankees,178,10.7 %,29.8 %,0.36,.261,.343,.529,.871,.268,1.4,.319,-0.8,0.7,-0.1,28,8.4,.372,137
8090,Matt Carpenter,Cardinals,665,12.2 %,22.7 %,0.54,.272,.365,.505,.871,.233,3.8,.321,0.1,2.1,-0.7,106,31.4,.372,139
6184,J.D. Martinez,Tigers,657,8.1 %,27.1 %,0.30,.282,.344,.535,.879,.253,3.1,.339,-2.5,0.8,-0.5,105,31.0,.372,137
1907,Andres Blanco,Phillies,261,8.0 %,16.9 %,0.48,.292,.360,.502,.863,.210,4.2,.335,-0.3,-1.5,-0.3,42,12.2,.372,138
5235,Justin Turner,Dodgers,439,8.2 %,16.2 %,0.51,.294,.370,.491,.861,.197,3.6,.321,0.5,-0.3,0.0,70,20.4,.371,142
9777,Nolan Arenado,Rockies,665,5.1 %,16.5 %,0.31,.287,.323,.575,.898,.287,3.5,.284,1.8,-0.9,-1.8,106,30.8,.371,119
10762,Corey Dickerson,Rockies,234,4.3 %,23.9 %,0.18,.304,.333,.536,.869,.232,3.2,.367,-1.0,0.1,-0.5,37,10.8,.371,119
9256,A.J. Pollock,Diamondbacks,673,7.9 %,13.2 %,0.60,.315,.367,.498,.865,.182,7.1,.338,4.2,-1.9,4.7,107,31.0,.371,131
15429,Kris Bryant,Cubs,650,11.8 %,30.6 %,0.39,.275,.369,.488,.858,.213,5.4,.378,3.5,2.9,0.7,103,29.9,.371,136
13862,Devon Travis,Blue Jays,238,7.6 %,18.1 %,0.42,.304,.361,.498,.859,.194,3.9,.347,0.6,0.5,0.1,38,10.9,.370,135
11493,Manny Machado,Orioles,713,9.8 %,15.6 %,0.63,.286,.359,.502,.861,.216,4.2,.297,3.0,-2.4,0.5,113,32.4,.370,134
10243,Randal Grichuk,Cardinals,350,6.3 %,31.4 %,0.20,.276,.329,.548,.877,.272,5.9,.365,1.4,0.6,-0.1,55,15.9,.370,137
6178,Tony Sanchez,Pirates,9,11.1 %,33.3 %,0.33,.375,.444,.375,.819,.000,2.6,.600,0.2,0.1,0.0,1,0.4,.370,139
4106,Michael Brantley,Indians,596,10.1 %,8.6 %,1.18,.310,.379,.480,.859,.170,4.0,.318,-0.9,0.0,2.3,93,26.0,.368,133
13110,Yoenis Cespedes,- - -,676,4.9 %,20.9 %,0.23,.291,.328,.542,.870,.251,5.1,.323,3.8,0.4,-0.8,105,29.2,.367,135
6364,Danny Valencia,- - -,378,7.7 %,21.2 %,0.36,.290,.345,.519,.864,.229,3.5,.329,-1.8,-1.9,-0.6,59,16.3,.367,136
6265,Andre Ethier,Dodgers,445,9.7 %,16.9 %,0.57,.294,.366,.486,.852,.192,4.4,.330,-1.2,0.1,-1.0,69,18.9,.366,138
13499,Tom Murphy,Rockies,39,10.3 %,25.6 %,0.40,.257,.333,.543,.876,.286,0.8,.273,-0.1,0.2,0.0,6,1.7,.366,116
3410,Ryan Braun,Brewers,568,9.5 %,20.2 %,0.47,.285,.356,.498,.854,.213,6.3,.322,1.3,-2.3,3.0,88,23.9,.366,130
5552,Jamie Romak,Diamondbacks,16,6.3 %,37.5 %,0.17,.333,.375,.467,.842,.133,1.6,.556,0.1,0.1,0.0,2,0.7,.365,127
14162,Carlos Correa,Astros,432,9.3 %,18.1 %,0.51,.279,.345,.512,.857,.233,4.4,.296,1.1,-0.1,1.0,67,17.9,.365,135
3174,Shin-Soo Choo,Rangers,653,11.6 %,22.5 %,0.52,.276,.375,.463,.838,.187,3.9,.335,0.7,1.4,-0.3,101,27.0,.365,129
16478,Kyle Schwarber,Cubs,273,13.2 %,28.2 %,0.47,.246,.355,.487,.842,.241,4.7,.293,1.9,1.3,-0.7,42,11.1,.364,132
5887,John Jaso,Rays,216,13.0 %,18.1 %,0.72,.286,.380,.459,.839,.173,1.7,.336,-3.2,-0.6,-0.7,33,8.8,.364,135
8610,Kendrys Morales,Royals,639,9.1 %,16.1 %,0.56,.290,.362,.485,.847,.195,2.1,.319,-5.1,-2.8,-0.3,98,25.9,.364,130
13367,Stephen Piscotty,Cardinals,256,7.8 %,21.9 %,0.36,.305,.359,.494,.853,.189,5.0,.372,-0.6,-0.6,-0.1,39,10.3,.364,133
5361,Freddie Freeman,Braves,481,11.6 %,20.4 %,0.57,.276,.370,.471,.841,.195,2.6,.321,1.0,1.8,0.0,74,19.4,.364,132
7287,Carlos Gonzalez,Rockies,608,7.6 %,21.9 %,0.35,.271,.325,.540,.864,.269,3.2,.284,1.2,-0.1,0.2,93,24.5,.364,114
9166,Buster Posey,Giants,623,9.0 %,8.3 %,1.08,.318,.379,.470,.849,.153,2.1,.320,-0.6,-1.2,0.0,95,24.9,.363,136
13770,Rob Refsnyder,Yankees,47,6.4 %,14.9 %,0.43,.302,.348,.512,.859,.209,3.9,.324,-0.3,-0.5,0.4,7,1.9,.363,131
11936,Joe Panik,Giants,432,8.8 %,9.7 %,0.90,.312,.378,.455,.833,.144,3.8,.330,0.0,0.9,-0.4,66,17.0,.363,136
15676,Jose Abreu,White Sox,668,5.8 %,21.0 %,0.28,.290,.347,.502,.850,.212,2.5,.333,-0.5,-0.2,-0.3,101,25.6,.361,129
1274,Alex Rodriguez,Yankees,620,13.5 %,23.4 %,0.58,.250,.356,.486,.842,.235,3.3,.278,-1.0,-0.1,0.5,93,23.7,.361,130
12856,George Springer,Astros,451,11.1 %,24.2 %,0.46,.276,.367,.459,.826,.183,5.4,.342,3.0,0.9,1.4,68,17.0,.360,132
4613,Prince Fielder,Rangers,693,9.2 %,12.7 %,0.73,.305,.378,.463,.841,.158,1.0,.323,-5.2,-1.0,-0.4,104,26.1,.360,126
9077,Lorenzo Cain,Royals,604,6.1 %,16.2 %,0.38,.307,.361,.477,.838,.171,7.4,.347,3.4,-0.1,2.9,91,22.7,.360,127
12179,Maikel Franco,Phillies,335,7.8 %,15.5 %,0.50,.280,.343,.497,.840,.217,3.3,.297,-0.3,-0.5,0.1,50,12.4,.360,129
16376,Michael Conforto,Mets,194,8.8 %,20.1 %,0.44,.270,.335,.506,.841,.236,2.3,.297,0.8,0.3,-0.5,29,7.2,.359,133
10264,Brandon Belt,Giants,556,10.1 %,26.4 %,0.38,.280,.356,.478,.834,.197,5.3,.363,-1.5,2.7,0.3,83,20.3,.359,133
2502,Lucas Duda,Mets,554,11.9 %,24.9 %,0.48,.244,.352,.486,.838,.242,1.5,.285,0.4,0.7,-1.0,82,20.2,.359,132
3787,David Wright,Mets,174,12.6 %,20.7 %,0.61,.289,.379,.434,.814,.145,3.0,.351,-0.1,0.1,-0.1,26,6.3,.359,132
10472,KikĂÂŠ Hernandez,Dodgers,218,5.0 %,21.1 %,0.24,.307,.346,.490,.836,.183,3.4,.364,-0.2,-0.1,-0.9,32,7.9,.359,133
12916,Francisco Lindor,Indians,438,6.2 %,15.8 %,0.39,.313,.353,.482,.835,.169,5.6,.348,-1.7,-0.3,1.4,65,15.6,.358,126
4747,Curtis Granderson,Mets,682,13.3 %,22.1 %,0.60,.259,.364,.457,.821,.198,4.2,.305,1.0,2.0,-0.5,100,23.7,.357,131
5669,Henderson Alvarez,Marlins,6,0.0 %,16.7 %,0.00,.333,.333,.500,.833,.167,2.6,.400, , ,0.0,1,0.2,.356,127
13228,Michael Reed,Brewers,6,0.0 %,50.0 %,0.00,.333,.333,.500,.833,.167,2.6,.667,-0.8,0.0,0.0,1,0.2,.356,123
13560,Alec Asher,Phillies,6,0.0 %,50.0 %,0.00,.333,.333,.500,.833,.167,0.1,.667, , ,0.0,1,0.2,.356,127
17182,Jung Ho Kang,Pirates,467,6.0 %,21.2 %,0.28,.287,.355,.461,.816,.173,4.0,.344,4.1,0.1,-0.8,68,15.9,.356,129
7739,Travis d'Arnaud,Mets,268,8.6 %,18.3 %,0.47,.268,.340,.485,.825,.218,1.9,.289,0.8,-0.6,-0.1,39,9.0,.355,130
12984,Jackie Bradley Jr.,Red Sox,255,10.6 %,27.1 %,0.39,.249,.335,.498,.832,.249,7.2,.310,-0.6,0.0,0.5,37,8.6,.355,121
9776,Jason Kipnis,Indians,641,8.9 %,16.7 %,0.53,.303,.372,.451,.823,.149,5.3,.356,2.5,2.0,-1.1,93,21.3,.355,124
3516,Eric Hosmer,Royals,667,9.1 %,16.2 %,0.56,.297,.363,.459,.822,.162,4.9,.336,3.3,-0.1,-0.1,97,22.0,.355,123
9629,Shawn O'Malley,Mariners,57,21.1 %,24.6 %,0.86,.262,.418,.357,.775,.095,5.8,.357,-0.6,0.4,0.6,8,1.9,.354,129
1908,Adrian Gonzalez,Dodgers,643,9.6 %,16.6 %,0.58,.275,.350,.480,.830,.205,1.2,.294,-3.2,-1.7,-0.7,93,21.1,.354,130
11773,Jason Rogers,Brewers,169,8.9 %,20.1 %,0.44,.296,.367,.441,.808,.145,3.5,.360,0.2,0.5,-0.1,24,5.5,.354,121
11270,Aaron Altherr,Phillies,161,9.9 %,25.5 %,0.39,.241,.338,.489,.827,.248,8.0,.301,0.5,0.1,0.3,23,5.2,.353,125
9112,Khris Davis,Brewers,440,10.0 %,27.7 %,0.36,.247,.323,.505,.828,.258,4.3,.285,-1.6,0.3,0.2,64,14.1,.353,121
4892,Mike Moustakas,Royals,614,7.0 %,12.4 %,0.57,.284,.348,.470,.817,.186,1.9,.294,-4.6,0.1,-0.9,89,19.6,.353,122
7324,Chris Gimenez,Rangers,113,8.8 %,16.8 %,0.53,.255,.330,.490,.820,.235,7.0,.270,0.6,0.2,0.4,16,3.6,.353,121
1737,Justin Morneau,Rockies,182,7.1 %,13.7 %,0.52,.310,.363,.458,.821,.149,3.4,.350,0.7,0.3,-0.1,26,5.8,.353,107
2967,Tommy Pham,Cardinals,173,11.0 %,23.7 %,0.46,.268,.347,.477,.824,.209,6.8,.333,2.5,0.5,0.3,25,5.4,.352,125
13611,Mookie Betts,Red Sox,654,7.0 %,12.5 %,0.56,.291,.341,.479,.820,.188,6.7,.310,3.9,2.9,1.5,94,20.0,.351,119
1873,Matt Holliday,Cardinals,277,14.1 %,17.7 %,0.80,.279,.394,.410,.804,.131,2.8,.335,-2.4,-0.9,-0.2,40,8.4,.351,124
5209,Alex Gordon,Royals,422,11.6 %,21.8 %,0.53,.271,.377,.432,.809,.161,1.5,.327,-0.2,1.4,-1.8,60,12.7,.351,121
8027,Adam Lind,Brewers,572,11.5 %,17.5 %,0.66,.277,.360,.460,.820,.183,1.3,.309,-4.0,1.2,-0.3,81,17.0,.351,119
6027,Sugar Marimon,Braves,7,14.3 %,42.9 %,0.33,.333,.429,.333,.762,.000,0.1,.667, , ,0.0,1,0.2,.350,122
9871,Bryan Anderson,Athletics,8,12.5 %,12.5 %,1.00,.400,.429,.400,.829,.000,0.1,.400,0.1,0.1,0.0,1,0.2,.350,126
7185,Logan Forsythe,Rays,615,8.9 %,18.0 %,0.50,.281,.359,.444,.804,.163,3.9,.323,-2.3,0.7,-0.1,87,17.9,.350,125
7435,Ben Zobrist,- - -,535,11.6 %,10.5 %,1.11,.276,.359,.450,.809,.173,3.5,.288,-0.7,1.0,-1.2,76,15.5,.349,123
8524,Jackson Williams,Giants,14,28.6 %,7.1 %,4.00,.200,.429,.300,.729,.100,4.5,.222,0.0,0.0,0.2,2,0.4,.349,126
7620,Justin Ruggiano,- - -,141,9.9 %,29.1 %,0.34,.248,.333,.472,.805,.224,6.1,.321,0.1,0.3,0.2,20,4.0,.349,126
11982,Travis Shaw,Red Sox,248,7.3 %,23.0 %,0.32,.270,.327,.487,.813,.217,1.6,.304,0.6,0.8,-0.5,35,6.9,.348,116
4191,Yunel Escobar,Nationals,591,7.6 %,11.8 %,0.64,.314,.375,.415,.790,.101,2.5,.347,-3.2,-2.4,-0.7,83,16.5,.348,120
8347,Denard Span,Nationals,275,9.1 %,9.5 %,0.96,.301,.365,.431,.796,.130,5.3,.318,0.7,-0.2,2.0,39,7.7,.348,120
12225,Scott Schebler,Dodgers,40,7.5 %,32.5 %,0.23,.250,.325,.500,.825,.250,4.7,.300,0.1,0.2,0.0,6,1.1,.348,126
3376,Nick Hundley,Rockies,389,5.4 %,19.5 %,0.28,.301,.339,.467,.807,.167,4.6,.356,-0.1,0.0,-1.5,55,10.8,.348,103
3086,Mitch Moreland,Rangers,515,6.2 %,21.7 %,0.29,.278,.330,.482,.812,.204,1.5,.317,-1.9,1.2,0.0,72,14.2,.348,117
8252,Hunter Pence,Giants,223,7.2 %,21.5 %,0.33,.275,.327,.478,.806,.203,4.9,.320,-0.3,-1.3,0.3,31,6.1,.347,125
5417,Jose Altuve,Astros,689,4.8 %,9.7 %,0.49,.313,.353,.459,.812,.146,5.9,.329,-3.6,-2.3,2.2,96,18.7,.347,123
8370,Dustin Pedroia,Red Sox,425,8.9 %,12.0 %,0.75,.291,.356,.441,.797,.150,2.4,.308,-0.9,0.4,-0.6,59,11.4,.347,115
589,Carlos Beltran,Yankees,531,8.5 %,16.0 %,0.53,.276,.337,.471,.808,.195,1.5,.297,-0.5,0.3,-0.2,74,14.1,.346,119
11205,Adam Eaton,White Sox,689,8.4 %,19.0 %,0.44,.287,.361,.431,.792,.144,6.5,.345,3.8,1.6,0.1,96,18.2,.346,119
10542,Derek Dietrich,Marlins,289,8.0 %,22.5 %,0.35,.256,.346,.456,.802,.200,4.3,.303,0.7,0.3,-0.9,40,7.6,.346,121
4940,Jason Heyward,Cardinals,610,9.2 %,14.8 %,0.62,.293,.359,.439,.797,.146,6.0,.329,3.1,0.8,3.1,84,15.8,.346,120
7859,Charlie Blackmon,Rockies,682,6.7 %,16.4 %,0.41,.287,.347,.450,.797,.163,7.4,.325,-1.4,1.4,3.2,94,17.3,.345,101
11385,Matt den Dekker,Nationals,110,8.2 %,18.2 %,0.45,.253,.315,.485,.800,.232,3.4,.270,-0.1,0.8,-0.4,15,2.7,.343,117
4776,Matt Shoemaker,Angels,2,50.0 %,0.0 %,1.00,.000,.500,.000,.500,.000,0.1,.000, , ,0.0,0,0.0,.343,122
11477,Christian Yelich,Marlins,525,9.0 %,19.2 %,0.47,.300,.366,.416,.782,.116,4.8,.370,1.9,-0.9,0.9,71,12.4,.343,118
2430,Darwin Barney,- - -,30,3.3 %,6.7 %,0.50,.259,.286,.519,.804,.259,1.6,.217,0.0,0.2,0.0,4,0.8,.343,121
9744,Justin Bour,Marlins,446,7.6 %,22.6 %,0.34,.262,.321,.479,.800,.218,0.5,.294,-4.5,-2.3,-0.2,61,10.4,.343,118
785,Todd Frazier,Reds,678,6.5 %,20.2 %,0.32,.255,.309,.498,.806,.242,3.7,.271,0.4,-0.2,-0.8,92,15.7,.342,115
2636,Brandon Guyer,Rays,385,6.5 %,15.8 %,0.41,.265,.359,.413,.771,.148,5.6,.303,-0.1,0.2,0.2,52,8.9,.342,120
5275,Francisco Cervelli,Pirates,510,9.0 %,18.4 %,0.49,.295,.370,.401,.771,.106,3.6,.359,0.0,-0.2,-0.5,69,11.2,.341,119
6908,Clint Robinson,Nationals,352,10.5 %,14.8 %,0.71,.272,.358,.424,.782,.152,2.2,.298,-1.7,-0.3,-0.2,47,7.6,.340,115
4616,Russell Martin,Blue Jays,507,10.5 %,20.9 %,0.50,.240,.329,.458,.787,.218,4.0,.262,-0.3,-2.9,-1.4,68,10.9,.340,114
5222,Justin Upton,Padres,620,11.0 %,25.6 %,0.43,.251,.336,.454,.790,.203,5.7,.304,2.2,0.9,1.5,83,13.2,.340,119
9893,Colby Rasmus,Astros,485,9.7 %,31.8 %,0.31,.238,.314,.475,.789,.236,3.6,.305,4.1,1.3,-0.2,65,10.0,.339,117
9741,Ben Paulsen,Rockies,354,6.5 %,26.0 %,0.25,.277,.326,.462,.787,.185,4.0,.351,1.0,0.6,-0.7,47,7.2,.339,97
3892,Josh Reddick,Athletics,582,8.4 %,11.2 %,0.75,.272,.333,.449,.781,.177,4.8,.278,2.7,1.5,0.9,77,11.7,.338,118
12161,Xander Bogaerts,Red Sox,654,4.9 %,15.4 %,0.32,.320,.355,.421,.776,.101,4.8,.372,3.5,-0.7,0.9,87,12.9,.338,109
11265,Jonathan Schoop,Orioles,321,2.8 %,24.6 %,0.11,.279,.306,.482,.788,.203,2.7,.329,-2.9,-0.5,0.3,42,6.3,.338,112
6878,Chris Coghlan,Cubs,503,11.5 %,18.7 %,0.62,.250,.341,.443,.784,.193,6.1,.284,1.5,0.5,1.2,66,9.7,.337,114
9241,Starling Marte,Pirates,633,4.3 %,19.4 %,0.22,.287,.337,.444,.780,.157,5.9,.333,-2.9,-0.1,1.8,83,12.2,.337,116
639,Adrian Beltre,Rangers,619,6.6 %,10.5 %,0.63,.287,.334,.453,.788,.166,3.6,.295,5.2,-1.2,-0.1,81,11.8,.337,109
3123,Gregor Blanco,Giants,372,10.8 %,15.9 %,0.68,.291,.368,.413,.781,.122,6.3,.338,2.7,1.1,0.4,49,7.1,.337,118
8203,Dee Gordon,Marlins,653,3.8 %,13.9 %,0.27,.333,.359,.418,.776,.085,7.3,.383,0.8,0.7,3.4,86,12.3,.337,114
10348,Domingo Santana,- - -,187,10.7 %,33.7 %,0.32,.238,.337,.431,.768,.194,3.5,.330,1.4,0.8,0.3,25,3.5,.336,111
10950,Adam Duvall,Reds,72,8.3 %,36.1 %,0.23,.219,.306,.484,.790,.266,0.1,.273,0.6,0.5,0.0,9,1.3,.336,111
5677,A.J. Ellis,Dodgers,217,14.7 %,17.5 %,0.84,.238,.355,.403,.758,.166,1.1,.265,-3.1,0.3,-0.1,28,3.9,.336,117
13777,Adonis Garcia,Braves,198,2.5 %,17.7 %,0.14,.277,.293,.497,.790,.220,0.8,.291,-0.8,-1.2,-0.1,26,3.6,.336,112
5000,Stephen Vogt,Athletics,511,11.0 %,19.0 %,0.58,.261,.341,.443,.783,.182,2.7,.290,-3.9,0.5,-1.0,66,9.0,.335,116
3269,Robinson Cano,Mariners,674,6.4 %,15.9 %,0.40,.287,.334,.446,.779,.159,2.3,.316,-3.6,-2.6,-2.3,88,11.9,.335,116
13005,Kelby Tomlinson,Giants,193,7.3 %,20.7 %,0.35,.303,.358,.404,.762,.101,5.7,.382,1.9,0.1,-0.7,25,3.4,.335,117
11368,Yasmani Grandal,Dodgers,426,15.3 %,21.6 %,0.71,.234,.353,.403,.756,.169,1.0,.268,-2.5,-1.6,-0.6,55,7.4,.335,116
11899,Joc Pederson,Dodgers,585,15.7 %,29.1 %,0.54,.210,.346,.417,.763,.206,2.4,.262,0.2,1.9,-2.2,76,10.1,.335,116
13152,Jorge Polanco,Twins,12,16.7 %,8.3 %,2.00,.300,.417,.300,.717,.000,4.7,.333,0.1,0.1,0.2,2,0.2,.335,110
3531,Troy Tulowitzki,- - -,534,7.1 %,21.3 %,0.33,.280,.337,.440,.777,.160,2.6,.331,-3.0,-0.9,-0.1,69,9.2,.335,100
6195,Ian Kinsler,Tigers,675,6.4 %,11.9 %,0.54,.296,.342,.428,.770,.131,5.4,.323,1.7,-0.4,-0.7,87,11.5,.335,111
9785,Kyle Seager,Mariners,686,7.9 %,14.3 %,0.55,.266,.328,.451,.779,.185,2.6,.278,-0.3,-1.2,-1.5,89,11.7,.335,116
6368,Adam Jones,Orioles,581,4.1 %,17.6 %,0.24,.269,.308,.474,.782,.205,3.8,.286,1.4,-1.1,0.0,75,9.7,.334,109
8553,Gerardo Parra,- - -,589,4.8 %,15.6 %,0.30,.291,.328,.452,.780,.161,6.1,.325,-0.7,1.7,1.0,76,9.8,.334,108
10047,Wil Myers,Padres,253,10.7 %,21.7 %,0.49,.253,.336,.427,.763,.173,5.4,.302,0.6,0.5,0.1,33,4.2,.334,115
4450,Steve Tolleson,Blue Jays,45,8.9 %,20.0 %,0.44,.268,.333,.439,.772,.171,9.1,.344,0.1,0.2,0.4,6,0.7,.334,110
12282,Rougned Odor,Rangers,470,4.9 %,16.8 %,0.29,.261,.316,.465,.781,.204,5.5,.283,1.3,2.1,-1.7,61,7.7,.334,107
12944,Socrates Brito,Diamondbacks,34,2.9 %,20.6 %,0.14,.303,.324,.455,.778,.152,8.3,.385,0.4,0.1,0.2,4,0.5,.333,106
11476,Odubel Herrera,Phillies,537,5.2 %,24.0 %,0.22,.297,.344,.418,.762,.121,5.3,.387,1.6,0.7,-0.2,69,8.6,.333,111
1177,Albert Pujols,Angels,661,7.6 %,10.9 %,0.69,.244,.307,.480,.787,.236,2.7,.217,-3.8,-0.7,-0.4,85,10.6,.333,115
746,A.J. Pierzynski,Braves,436,4.4 %,8.5 %,0.51,.300,.339,.430,.769,.130,1.7,.310,-1.8,-1.9,-1.0,56,6.9,.333,111
4062,Dexter Fowler,Cubs,690,12.2 %,22.3 %,0.55,.250,.346,.411,.757,.161,6.6,.308,-2.1,1.4,0.9,88,10.8,.333,110
2495,Pedro Alvarez,Pirates,491,9.8 %,26.7 %,0.37,.243,.318,.469,.787,.227,2.4,.279,-0.2,1.8,0.2,63,7.6,.333,113
3882,Chris Young,Yankees,356,8.4 %,20.5 %,0.41,.252,.320,.453,.773,.201,4.4,.283,-0.1,0.0,0.1,45,5.4,.332,110
3142,Robinson Chirinos,Rangers,273,10.3 %,22.7 %,0.45,.232,.325,.438,.762,.206,2.5,.270,-2.2,0.4,-0.1,35,4.1,.332,106
5343,Brandon Crawford,Giants,561,7.0 %,21.2 %,0.33,.256,.321,.462,.782,.205,4.5,.294,1.3,-2.1,-0.6,71,8.3,.332,114
7331,Seth Smith,Mariners,452,10.4 %,21.9 %,0.47,.248,.330,.443,.773,.195,3.5,.298,-0.2,-1.0,-0.2,57,6.6,.331,113
13836,Matt Duffy,Giants,612,4.9 %,15.7 %,0.31,.295,.334,.428,.762,.133,6.0,.336,4.3,-2.0,2.1,78,8.8,.331,114
2900,Roberto Perez,Indians,226,14.6 %,28.3 %,0.52,.228,.348,.402,.751,.174,2.9,.304,-0.3,-0.8,-0.1,29,3.2,.331,108
2396,Carlos Santana,Indians,666,16.2 %,18.3 %,0.89,.231,.357,.395,.752,.164,3.9,.261,1.8,-1.2,0.7,84,9.3,.331,108
9054,Justin Smoak,Blue Jays,328,8.8 %,26.2 %,0.34,.226,.299,.470,.768,.243,2.4,.254,-2.4,-1.2,-0.1,41,4.5,.331,108
13613,Ketel Marte,Mariners,247,9.7 %,17.4 %,0.56,.283,.351,.402,.753,.119,5.7,.341,0.1,0.6,-0.1,31,3.3,.330,112
5888,Cole Gillespie,Marlins,157,6.4 %,17.2 %,0.37,.290,.333,.428,.761,.138,6.0,.342,1.1,-0.5,0.3,20,2.1,.330,109
5497,Marwin Gonzalez,Astros,370,4.3 %,20.0 %,0.22,.279,.317,.442,.759,.163,3.3,.326,0.2,-0.6,-1.3,46,4.6,.329,110
4220,Ryan Zimmerman,Nationals,390,8.5 %,20.3 %,0.42,.249,.308,.465,.773,.217,2.8,.268,1.1,-1.4,0.0,49,4.8,.329,107
9718,Chris Dominguez,Reds,23,0.0 %,52.2 %,0.00,.261,.261,.522,.783,.261,3.3,.500,0.2,0.1,0.0,3,0.3,.329,106
2505,Hank Conger,Astros,229,10.0 %,27.5 %,0.37,.229,.311,.448,.759,.219,1.4,.271,-2.6,-0.1,-0.5,29,2.8,.329,110
3364,Miguel Montero,Cubs,403,12.2 %,25.6 %,0.48,.248,.345,.409,.754,.161,1.2,.306,-1.9,-0.3,-0.4,50,4.9,.328,107
6848,Eduardo Nunez,Twins,204,5.9 %,14.2 %,0.41,.282,.327,.431,.758,.149,5.3,.314,0.4,0.6,-0.1,25,2.5,.328,106
12552,Eugenio Suarez,Reds,398,4.3 %,23.6 %,0.18,.280,.315,.446,.761,.167,4.0,.341,-1.1,0.0,0.2,50,4.8,.328,106
2102,Josh Wilson,Tigers,41,0.0 %,36.6 %,0.00,.316,.350,.395,.745,.079,1.6,.522,0.7,0.0,0.0,5,0.5,.328,107
14225,Yasiel Puig,Dodgers,311,8.4 %,21.2 %,0.39,.255,.322,.436,.758,.181,3.9,.296,0.8,1.6,-0.7,39,3.7,.328,112
2616,Zack Cozart,Reds,214,6.5 %,13.6 %,0.48,.258,.310,.459,.769,.201,4.2,.258,1.0,0.0,-0.7,27,2.5,.328,105
10071,Jonathan Villar,Astros,128,7.8 %,22.7 %,0.34,.284,.339,.414,.752,.129,6.8,.360,-0.4,0.0,0.6,16,1.5,.328,109
9874,DJ LeMahieu,Rockies,620,8.1 %,17.3 %,0.47,.301,.358,.388,.746,.087,6.4,.362,2.3,-2.2,3.1,77,7.0,.327,89
6876,Mark Trumbo,- - -,545,6.6 %,24.2 %,0.27,.262,.310,.449,.759,.187,2.5,.313,-2.7,0.5,-0.2,67,6.1,.327,107
9927,Brett Gardner,Yankees,656,10.4 %,20.6 %,0.50,.259,.343,.399,.742,.140,5.7,.312,2.1,1.7,1.7,81,7.2,.327,106
5930,Nick Markakis,Braves,686,10.2 %,12.1 %,0.84,.296,.370,.376,.746,.080,2.3,.338,0.3,-1.6,-0.4,85,7.5,.327,106
2530,Yonder Alonso,Padres,402,10.4 %,11.9 %,0.88,.282,.361,.381,.742,.099,2.8,.313,0.8,-1.4,-1.8,50,4.4,.327,110
4810,Brian McCann,Yankees,535,9.7 %,18.1 %,0.54,.232,.320,.437,.756,.204,2.0,.235,-4.3,1.3,-0.2,66,5.8,.327,106
9368,Evan Longoria,Rays,670,7.6 %,19.7 %,0.39,.270,.328,.435,.764,.166,2.6,.309,0.2,1.4,-0.1,82,7.1,.327,109
3371,Alejandro De Aza,- - -,365,8.5 %,23.0 %,0.37,.262,.333,.422,.755,.160,6.5,.331,3.1,0.4,-0.7,45,3.7,.326,104
5015,Melvin Upton Jr.,Padres,228,9.2 %,27.2 %,0.34,.259,.327,.429,.757,.171,6.7,.348,0.6,0.8,0.5,28,2.3,.326,109
13075,Nori Aoki,Giants,392,7.7 %,6.4 %,1.20,.287,.353,.380,.733,.093,5.3,.298,-3.4,-0.8,0.6,48,3.9,.326,110
4229,Howie Kendrick,Dodgers,495,5.5 %,16.6 %,0.33,.295,.336,.409,.746,.114,4.3,.342,3.9,-2.0,0.2,60,4.7,.325,110
5631,Matt Kemp,Padres,648,6.0 %,22.7 %,0.27,.265,.312,.443,.755,.178,5.1,.311,-0.4,0.0,1.3,79,6.1,.325,108
7799,Joey Butler,Rays,276,5.8 %,29.7 %,0.20,.276,.326,.416,.742,.140,3.4,.377,-1.8,-2.9,0.1,34,2.6,.325,108
4922,Ender Inciarte,Diamondbacks,561,4.6 %,10.3 %,0.45,.303,.338,.408,.747,.105,6.0,.329,3.0,0.3,0.0,68,5.2,.325,100
7539,Neil Walker,Pirates,603,7.3 %,18.2 %,0.40,.269,.328,.427,.756,.158,3.9,.306,1.9,0.7,0.1,73,5.6,.325,108
9549,David Freese,Angels,470,6.6 %,22.8 %,0.29,.257,.323,.420,.743,.163,2.1,.310,0.3,-1.0,-0.4,57,4.3,.325,110
4969,Luis Valbuena,Astros,493,10.1 %,21.5 %,0.47,.224,.310,.438,.748,.214,2.2,.235,-1.2,-1.1,0.0,60,4.5,.325,107
4316,Daniel Murphy,Mets,538,5.8 %,7.1 %,0.82,.281,.322,.449,.770,.168,2.7,.278,1.1,-0.8,-0.6,65,5.0,.325,109
5352,Yangervis Solarte,Padres,571,6.0 %,9.8 %,0.61,.270,.320,.428,.748,.158,3.4,.279,-3.1,-1.3,-0.1,69,5.1,.324,108
3441,Nolan Reimold,Orioles,195,11.8 %,24.1 %,0.49,.247,.344,.394,.738,.147,2.7,.308,-0.8,0.5,-0.1,24,1.7,.324,102
4518,Doug Bernier,Twins,6,16.7 %,50.0 %,0.33,.200,.333,.400,.733,.200,2.6,.500,0.0,0.0,0.0,1,0.1,.324,103
5557,Jarrod Saltalamacchia,- - -,227,10.1 %,30.4 %,0.33,.225,.310,.435,.745,.210,1.3,.293,0.1,0.1,-0.1,27,1.9,.324,100
2234,Kelly Johnson,- - -,335,6.9 %,24.2 %,0.28,.265,.314,.435,.750,.171,2.4,.315,-0.1,-0.4,-0.1,40,2.7,.323,106
9308,Josh Phegley,Athletics,243,5.8 %,21.0 %,0.27,.249,.300,.449,.749,.200,2.4,.283,-1.1,0.1,-0.1,29,1.9,.323,108
9810,Brian Dozier,Twins,704,8.7 %,21.0 %,0.41,.236,.307,.444,.751,.209,5.6,.261,1.9,0.7,0.6,85,5.4,.323,102
6153,Eduardo Escobar,Twins,446,6.3 %,19.3 %,0.33,.262,.309,.445,.754,.183,3.6,.301,-1.3,0.6,-1.0,54,3.4,.323,102
1738,Jhonny Peralta,Cardinals,640,7.8 %,17.3 %,0.45,.275,.334,.411,.745,.136,1.8,.311,-3.3,-1.6,-1.7,77,4.8,.323,104
11445,Mark Canha,Athletics,485,6.8 %,19.8 %,0.34,.254,.315,.426,.742,.172,5.1,.289,1.3,0.5,0.4,58,3.6,.323,107
9628,Michael McKenry,Rockies,152,14.5 %,27.0 %,0.54,.205,.329,.402,.731,.197,5.8,.265,-0.9,0.3,-0.5,18,1.1,.322,86
9345,Brock Holt,Red Sox,509,9.0 %,19.1 %,0.47,.280,.349,.379,.727,.099,5.8,.350,2.8,0.6,0.9,61,3.4,.322,98
4298,Matt Wieters,Orioles,282,7.4 %,23.8 %,0.31,.267,.319,.422,.742,.155,1.5,.328,-2.8,0.1,-0.1,34,1.9,.321,101
3057,Mike Napoli,- - -,469,12.2 %,25.2 %,0.48,.224,.324,.410,.734,.187,2.4,.268,-1.8,0.1,-0.8,56,3.0,.321,98
7462,Trevor Plouffe,Twins,632,7.9 %,19.6 %,0.40,.244,.307,.435,.742,.190,3.6,.274,1.5,-3.1,-0.3,75,4.0,.321,101
3256,Welington Castillo,- - -,378,6.6 %,24.3 %,0.27,.237,.296,.453,.750,.216,1.9,.263,-2.3,-1.1,-0.1,45,2.3,.321,98
3708,Rajai Davis,Tigers,370,5.9 %,20.5 %,0.29,.258,.306,.440,.746,.182,8.1,.308,1.1,0.4,0.3,44,2.0,.320,101
11287,Bryan Holaday,Tigers,65,1.5 %,20.0 %,0.08,.281,.292,.453,.745,.172,0.1,.327,0.2,0.4,0.0,8,0.3,.320,101
7945,Jaff Decker,Pirates,36,19.4 %,25.0 %,0.78,.214,.371,.321,.693,.107,5.1,.316,0.5,0.1,0.0,4,0.2,.319,104
454,Juan Uribe,- - -,397,8.6 %,20.2 %,0.43,.253,.320,.417,.737,.164,2.4,.288,1.5,-1.0,0.2,47,2.0,.319,104
9911,Chris Carter,Astros,460,12.4 %,32.8 %,0.38,.199,.307,.427,.734,.228,1.5,.244,-2.6,1.2,-0.8,54,2.3,.319,104
12775,Brad Miller,Mariners,497,9.5 %,20.3 %,0.47,.258,.329,.402,.730,.144,5.0,.307,-1.0,0.7,0.8,58,2.4,.319,105
12294,Cory Spangenberg,Padres,345,8.1 %,21.7 %,0.37,.271,.333,.399,.733,.129,6.4,.344,2.8,0.5,0.1,40,1.6,.319,104
11342,Jesus Aguilar,Indians,20,0.0 %,35.0 %,0.00,.316,.350,.368,.718,.053,0.1,.500,-0.1,0.1,0.0,2,0.1,.319,100
4962,Asdrubal Cabrera,Rays,551,6.5 %,19.4 %,0.34,.265,.315,.430,.744,.164,5.0,.306,1.7,-1.0,-0.2,64,2.4,.319,104
10346,John Ryan Murphy,Yankees,172,7.0 %,25.0 %,0.28,.277,.327,.406,.734,.129,2.9,.357,-0.6,0.0,-0.1,20,0.7,.319,100
6035,David Murphy,- - -,391,5.1 %,12.5 %,0.41,.283,.318,.421,.739,.139,2.0,.300,-1.2,0.6,-1.0,46,1.6,.318,102
5524,Madison Bumgarner,Giants,81,3.7 %,33.3 %,0.11,.247,.275,.468,.743,.221,1.0,.311, , ,0.0,9,0.3,.318,105
12723,Tyler Collins,Tigers,207,6.3 %,20.8 %,0.30,.266,.316,.417,.732,.151,4.8,.324,1.2,0.6,-0.1,24,0.8,.318,100
8145,Eric Fryer,Twins,27,18.5 %,40.7 %,0.45,.227,.370,.318,.689,.091,0.8,.455,-0.2,0.2,0.0,3,0.1,.318,99
13633,Preston Tucker,Astros,323,6.2 %,21.1 %,0.29,.243,.297,.437,.734,.193,1.7,.274,0.3,0.8,-0.9,38,1.2,.318,103
12546,C.J. Cron,Angels,404,4.2 %,20.3 %,0.21,.262,.300,.439,.739,.177,2.9,.293,0.6,-0.4,0.0,47,1.5,.318,105
3312,Martin Prado,Marlins,551,6.7 %,12.3 %,0.54,.288,.338,.394,.732,.106,2.5,.313,-0.4,0.6,-0.1,64,2.0,.318,101
10951,Greg Garcia,Cardinals,87,11.5 %,13.8 %,0.83,.240,.337,.387,.724,.147,0.7,.262,0.0,0.1,0.0,10,0.3,.318,101
12701,Billy Burns,Athletics,555,4.7 %,14.6 %,0.32,.294,.334,.392,.726,.098,7.2,.339,2.9,0.9,1.8,64,1.7,.317,103
11200,Kole Calhoun,Angels,686,6.6 %,23.9 %,0.27,.256,.308,.422,.731,.167,3.4,.304,0.8,2.2,0.1,79,2.1,.317,104
11379,Delino DeShields,Rangers,492,10.8 %,20.5 %,0.52,.261,.344,.374,.718,.113,8.3,.334,3.7,2.1,1.6,57,1.5,.317,96
11003,Evan Gattis,Astros,604,5.0 %,19.7 %,0.25,.246,.285,.463,.748,.217,3.9,.264,-2.5,-0.2,-0.6,70,1.8,.317,102
950,Marlon Byrd,- - -,544,5.3 %,26.7 %,0.20,.247,.290,.453,.743,.206,3.9,.297,0.6,0.2,-0.2,63,1.6,.317,100
12371,Tommy La Stella,Cubs,75,6.7 %,9.3 %,0.71,.269,.324,.403,.727,.134,3.6,.283,-0.4,-0.1,0.4,9,0.2,.317,99
5667,Steven Souza Jr.,Rays,426,10.8 %,33.8 %,0.32,.225,.318,.399,.717,.174,5.1,.318,3.5,1.0,-0.2,49,1.1,.316,102
9542,Steve Clevenger,Orioles,105,3.8 %,12.4 %,0.31,.287,.314,.426,.740,.139,3.8,.314,-1.1,-0.5,0.0,12,0.3,.316,97
7772,Matt Hague,Blue Jays,15,13.3 %,26.7 %,0.50,.250,.400,.333,.733,.083,0.8,.375,0.0,0.0,0.0,2,0.0,.316,97
12155,Eddie Rosario,Twins,474,3.2 %,24.9 %,0.13,.267,.289,.459,.748,.192,6.8,.332,3.8,1.2,-0.3,54,0.9,.316,97
4712,Ben Revere,- - -,634,5.0 %,10.1 %,0.50,.306,.342,.377,.719,.071,6.9,.338,3.4,1.5,3.1,73,1.2,.316,98
4881,Carlos Gomez,- - -,477,6.5 %,21.2 %,0.31,.255,.314,.409,.724,.154,5.1,.307,3.5,1.8,-0.3,54,0.8,.315,97
791,Brandon Phillips,Reds,623,4.3 %,10.9 %,0.40,.294,.328,.395,.723,.100,5.4,.315,1.6,-0.7,3.1,71,1.1,.315,97
10231,Jose Iglesias,Tigers,454,5.5 %,9.7 %,0.57,.300,.347,.370,.717,.070,4.5,.330,-4.3,-0.3,-1.2,52,0.6,.315,97
12979,Javier Baez,Cubs,80,5.0 %,30.0 %,0.17,.289,.325,.408,.733,.118,1.5,.412,0.3,0.6,-0.6,9,0.1,.315,98
12861,Anthony Rendon,Nationals,355,10.1 %,19.7 %,0.51,.264,.344,.363,.707,.100,2.1,.321,-2.4,-0.7,-0.8,40,0.5,.315,97
5481,Jimmy Paredes,Orioles,384,4.9 %,28.9 %,0.17,.275,.310,.416,.726,.140,4.1,.369,1.9,1.2,-0.9,44,0.4,.315,96
1875,Josh Hamilton,Rangers,182,5.5 %,28.6 %,0.19,.253,.291,.441,.732,.188,1.5,.313,-0.4,0.8,-0.1,21,0.2,.314,94
5297,Aaron Hicks,Twins,390,8.7 %,16.9 %,0.52,.256,.323,.398,.721,.142,6.0,.285,-0.5,-0.1,1.2,44,0.4,.314,96
8790,Cole Figueroa,Yankees,8,0.0 %,0.0 %,0.00,.250,.250,.500,.750,.250,2.6,.250,0.2,0.1,0.0,1,0.0,.314,97
9654,Michael Blazek,Brewers,4,0.0 %,50.0 %,0.00,.250,.250,.500,.750,.250,0.1,.500, , ,0.0,0,0.0,.314,94
14523,Pedro Severino,Nationals,4,0.0 %,25.0 %,0.00,.250,.250,.500,.750,.250,2.6,.333,0.1,0.0,0.0,0,0.0,.314,97
8760,Carlos Peguero,- - -,90,14.4 %,41.1 %,0.35,.187,.311,.400,.711,.213,4.5,.286,0.4,0.2,0.4,10,0.0,.314,93
8202,Josh Harrison,Pirates,449,4.2 %,15.8 %,0.27,.287,.327,.390,.717,.103,4.4,.336,3.1,0.5,-1.4,51,0.0,.313,100
7870,Jonathan Lucroy,Brewers,415,8.7 %,15.4 %,0.56,.264,.326,.391,.717,.127,3.8,.297,-1.2,-3.3,0.0,47,0.0,.313,94
14221,Jorge Soler,Cubs,404,7.9 %,30.0 %,0.26,.262,.324,.399,.723,.137,3.3,.361,2.1,-0.7,0.0,45,-0.3,.312,96
13329,Jake Lamb,Diamondbacks,390,9.2 %,24.9 %,0.37,.263,.331,.386,.716,.123,4.6,.344,0.8,0.7,-0.4,43,-0.4,.312,91
5486,Abraham Almonte,- - -,258,8.1 %,20.2 %,0.40,.250,.310,.409,.719,.159,7.6,.299,0.1,0.0,0.9,29,-0.5,.312,95
13176,Blake Swihart,Red Sox,309,5.8 %,24.9 %,0.23,.274,.319,.392,.712,.118,4.9,.359,1.1,-0.2,-0.1,34,-0.4,.312,91
7619,Mark Reynolds,Cardinals,432,10.2 %,28.0 %,0.36,.230,.315,.398,.713,.168,2.7,.300,-1.1,-0.9,-1.0,48,-0.6,.311,97
7399,Billy Butler,Athletics,601,8.7 %,16.8 %,0.51,.251,.323,.390,.713,.139,1.8,.282,-6.6,-4.2,-0.3,67,-0.9,.311,100
11145,Christian Colon,Royals,119,9.2 %,14.3 %,0.65,.290,.356,.336,.692,.047,2.7,.344,-0.9,-0.1,-0.3,13,-0.2,.311,93
17528,Hector Olivera,Braves,87,5.7 %,13.8 %,0.42,.253,.310,.405,.715,.152,1.9,.273,0.0,0.0,0.0,10,-0.1,.311,96
12533,Marcus Semien,Athletics,601,7.0 %,22.0 %,0.32,.257,.310,.405,.715,.147,5.5,.312,2.0,-1.0,0.0,67,-1.1,.311,99
11737,Nick Castellanos,Tigers,595,6.6 %,25.5 %,0.26,.255,.303,.419,.721,.164,2.7,.322,-2.8,-3.1,-1.4,66,-1.2,.311,95
3707,Geovany Soto,White Sox,210,10.0 %,30.0 %,0.33,.219,.301,.406,.708,.187,1.2,.278,0.0,0.8,-0.5,23,-0.4,.311,94
1857,Joe Mauer,Twins,666,10.1 %,16.8 %,0.60,.265,.338,.380,.718,.115,2.8,.309,-0.8,-2.2,-0.3,74,-1.4,.311,94
9929,Darin Ruf,Phillies,297,7.1 %,23.2 %,0.30,.235,.300,.414,.714,.179,2.2,.268,-1.8,-0.2,0.1,33,-0.6,.311,96
12434,Kevin Pillar,Blue Jays,628,4.5 %,13.5 %,0.33,.278,.314,.399,.713,.121,5.8,.306,3.4,1.6,3.1,69,-1.7,.310,93
6008,Reynaldo Navarro,Orioles,30,0.0 %,10.0 %,0.00,.276,.276,.448,.724,.172,2.6,.280,0.2,0.2,0.0,3,-0.1,.310,93
9219,Danny Espinosa,Nationals,412,8.0 %,25.7 %,0.31,.240,.311,.409,.719,.169,4.8,.299,1.7,0.8,0.0,45,-1.2,.310,94
12532,Kolten Wong,Cardinals,613,5.9 %,15.5 %,0.38,.262,.321,.386,.707,.124,5.3,.296,2.7,0.9,-0.4,67,-1.8,.310,96
11038,Kevin Kiermaier,Rays,535,4.5 %,17.8 %,0.25,.263,.298,.420,.718,.156,7.3,.306,1.4,0.7,1.4,59,-1.7,.309,97
13271,Richie Shaffer,Rays,88,11.4 %,36.4 %,0.31,.189,.307,.392,.699,.203,2.4,.256,0.4,0.2,-0.4,10,-0.3,.309,97
9892,Jay Bruce,Reds,649,8.9 %,22.3 %,0.40,.226,.294,.434,.729,.209,4.4,.251,-2.2,0.8,-0.4,71,-2.3,.309,92
6867,Derek Norris,Padres,557,6.3 %,23.5 %,0.27,.250,.305,.404,.709,.153,3.9,.310,-2.5,1.4,0.2,61,-2.0,.309,97
1002,Aramis Ramirez,- - -,516,6.0 %,13.2 %,0.46,.246,.297,.423,.720,.177,2.0,.253,-4.7,-2.6,0.0,56,-1.9,.309,93
4792,Jeff Francoeur,Phillies,343,3.8 %,22.4 %,0.17,.258,.286,.433,.718,.175,2.3,.297,-1.6,-0.9,-0.9,37,-1.3,.308,94
9957,Steve Pearce,Orioles,325,7.1 %,21.2 %,0.33,.218,.289,.422,.711,.204,3.4,.232,0.9,-0.8,-0.3,35,-1.3,.308,92
4467,Brandon Moss,- - -,526,9.3 %,28.1 %,0.33,.226,.304,.407,.711,.181,2.0,.285,-0.7,0.9,-0.6,57,-2.1,.308,93
8001,Hanley Ramirez,Red Sox,430,4.9 %,16.5 %,0.30,.249,.291,.426,.717,.177,4.4,.257,-1.5,-0.9,-0.2,47,-1.9,.308,88
2154,Ryan Howard,Phillies,503,5.4 %,27.4 %,0.20,.229,.277,.443,.720,.214,1.7,.272,-1.3,0.1,-0.2,54,-2.2,.308,94
4719,Brian Bogusevic,Phillies,61,4.9 %,34.4 %,0.14,.259,.295,.414,.709,.155,5.8,.371,0.6,0.1,0.4,7,-0.3,.308,94
5223,Cameron Maybin,Braves,555,8.1 %,18.4 %,0.44,.267,.327,.370,.697,.103,5.4,.316,1.7,-2.2,2.0,60,-2.7,.307,93
17171,Yasmany Tomas,Diamondbacks,426,4.0 %,25.8 %,0.15,.273,.305,.401,.707,.128,4.2,.354,-0.7,-2.8,0.0,46,-2.1,.307,88
4022,Melky Cabrera,White Sox,683,5.9 %,12.9 %,0.45,.273,.314,.394,.709,.121,3.1,.297,-2.5,-1.1,0.3,73,-3.6,.307,92
4720,Chase Headley,Yankees,642,7.9 %,21.0 %,0.38,.259,.324,.369,.693,.110,2.3,.317,2.5,-0.9,-1.1,69,-3.4,.307,92
1534,Michael Cuddyer,Mets,408,5.9 %,21.6 %,0.27,.259,.309,.391,.699,.132,3.3,.312,1.2,-1.2,0.2,44,-2.2,.306,96
6677,J.B. Shuck,White Sox,165,9.7 %,9.7 %,1.00,.266,.340,.350,.689,.084,5.5,.295,-0.6,0.5,-0.6,18,-0.9,.306,91
10556,Cesar Hernandez,Phillies,452,8.8 %,19.0 %,0.47,.272,.339,.348,.687,.077,6.4,.342,0.8,0.8,1.6,48,-2.7,.306,92
5247,Brett Lawrie,Athletics,602,4.7 %,23.9 %,0.19,.260,.299,.407,.706,.148,4.0,.320,0.3,2.1,0.0,64,-3.7,.306,96
4418,Jed Lowrie,Astros,263,10.6 %,16.3 %,0.65,.222,.312,.400,.712,.178,3.0,.233,1.9,0.6,0.1,28,-1.6,.305,94
4365,Scott Van Slyke,Dodgers,253,9.1 %,24.5 %,0.37,.239,.317,.383,.700,.144,2.6,.299,-0.3,1.0,0.1,27,-1.6,.305,96
6402,Brent Morel,Pirates,7,0.0 %,42.9 %,0.00,.286,.286,.429,.714,.143,2.6,.500,0.0,0.1,0.0,1,0.0,.305,95
1201,Carl Crawford,Dodgers,193,5.2 %,21.2 %,0.24,.265,.304,.403,.707,.138,6.6,.324,1.1,0.5,1.1,20,-1.2,.305,96
10099,Dustin Ackley,- - -,264,6.8 %,17.0 %,0.40,.231,.284,.429,.712,.197,4.5,.241,-3.8,0.6,-0.5,28,-1.8,.305,94
14128,Joey Gallo,Rangers,123,12.2 %,46.3 %,0.26,.204,.301,.417,.717,.213,6.9,.356,0.6,0.7,0.6,13,-0.8,.305,87
9848,Austin Jackson,- - -,527,5.5 %,23.9 %,0.23,.267,.311,.385,.696,.118,5.2,.342,-0.5,1.3,-0.8,56,-3.6,.305,94
9048,Ezequiel Carrera,Blue Jays,192,5.7 %,23.4 %,0.24,.273,.321,.372,.693,.099,3.8,.349,1.9,1.0,-0.1,20,-1.3,.305,90
12907,Gregory Polanco,Pirates,652,8.4 %,18.6 %,0.45,.256,.320,.381,.701,.125,6.3,.308,3.0,1.1,1.2,69,-4.6,.304,94
731,Torii Hunter,Twins,567,6.2 %,18.5 %,0.33,.240,.293,.409,.702,.169,2.3,.258,0.8,0.1,-1.8,60,-4.2,.304,89
5097,Anthony Gose,Tigers,535,8.4 %,27.1 %,0.31,.254,.321,.367,.688,.113,7.5,.352,0.9,-0.3,0.0,56,-3.9,.304,90
14106,Addison Russell,Cubs,523,8.0 %,28.5 %,0.28,.242,.307,.389,.696,.147,3.3,.324,0.5,0.5,-0.6,55,-4.0,.304,91
5827,Wilmer Flores,Mets,510,3.7 %,12.4 %,0.30,.263,.295,.408,.703,.145,1.6,.273,1.4,-0.8,-0.6,53,-3.9,.304,94
5107,Jefry Marte,Tigers,90,8.9 %,24.4 %,0.36,.213,.284,.413,.697,.200,1.0,.241,0.1,0.1,0.0,9,-0.7,.304,90
8002,Wilin Rosario,Rockies,242,3.3 %,23.1 %,0.14,.268,.295,.416,.710,.147,3.6,.329,-1.3,-0.9,-0.1,25,-1.9,.303,73
8628,Paulo Orlando,Royals,251,2.0 %,21.1 %,0.09,.249,.269,.444,.713,.195,6.3,.291,0.8,1.6,-0.7,26,-2.0,.303,88
6740,Johnny Giavotella,Angels,502,6.4 %,11.8 %,0.54,.272,.318,.375,.694,.104,3.9,.301,0.5,1.4,-0.2,52,-4.0,.303,95
5519,Ruben Tejada,Mets,407,9.3 %,17.2 %,0.54,.261,.338,.350,.688,.089,2.2,.315,0.3,0.2,-0.2,43,-3.3,.303,94
6012,Didi Gregorius,Yankees,578,5.7 %,14.7 %,0.39,.265,.318,.370,.688,.105,3.5,.297,1.8,2.2,-0.5,60,-4.8,.303,89
7802,Miguel Rojas,Marlins,157,7.0 %,10.2 %,0.69,.282,.329,.366,.695,.085,2.7,.307,0.7,-0.4,-0.5,16,-1.3,.303,91
4400,Chris Denorfia,Cubs,231,6.5 %,24.2 %,0.27,.269,.319,.373,.691,.104,2.2,.351,0.2,-0.7,-0.5,24,-2.0,.302,90
4866,Jarrod Dyson,Royals,225,6.2 %,16.4 %,0.38,.250,.311,.380,.691,.130,9.6,.296,2.1,0.3,3.9,23,-2.0,.302,87
2197,Grady Sizemore,- - -,296,6.8 %,20.3 %,0.33,.253,.307,.381,.688,.128,2.2,.303,-0.6,0.6,-0.7,31,-2.6,.302,92
12158,Austin Barnes,Dodgers,37,16.2 %,16.2 %,1.00,.207,.361,.276,.637,.069,4.7,.261,0.0,-0.2,0.2,4,-0.3,.302,94
10324,Marcell Ozuna,Marlins,494,6.1 %,22.3 %,0.27,.259,.308,.383,.691,.124,1.9,.320,2.2,0.4,-1.0,51,-4.4,.302,90
13762,Tim Cooney,Cardinals,11,0.0 %,0.0 %,0.00,.300,.300,.400,.700,.100,1.6,.300, , ,0.0,1,-0.1,.302,90
14441,Henry Urrutia,Orioles,36,5.6 %,8.3 %,0.67,.265,.306,.382,.688,.118,0.8,.267,-0.5,0.0,0.0,4,-0.3,.302,87
7087,Caleb Joseph,Orioles,355,7.6 %,20.3 %,0.38,.234,.299,.394,.693,.159,2.1,.269,0.2,0.0,-0.1,37,-3.4,.301,87
10816,Jedd Gyorko,Padres,458,5.9 %,23.4 %,0.25,.247,.297,.397,.694,.150,0.7,.290,-1.3,-0.8,-0.6,47,-4.4,.301,92
9886,Ivan De Jesus,Reds,222,8.6 %,24.8 %,0.35,.244,.311,.373,.684,.129,2.9,.315,0.1,0.2,-0.9,23,-2.1,.301,87
4952,Ryan Hanigan,Red Sox,201,10.0 %,19.4 %,0.51,.247,.337,.328,.664,.080,2.2,.306,-0.5,-0.5,-0.1,21,-2.0,.301,84
1736,Jose Reyes,- - -,519,5.0 %,11.9 %,0.42,.274,.310,.378,.688,.104,5.6,.301,-1.5,0.8,2.2,53,-5.3,.300,80
7304,Salvador Perez,Royals,553,2.4 %,14.8 %,0.16,.260,.280,.426,.706,.166,1.7,.270,-3.6,-3.1,0.0,57,-5.7,.300,86
1327,Jayson Werth,Nationals,378,10.1 %,22.2 %,0.45,.221,.302,.384,.685,.163,3.0,.253,1.2,0.5,-0.6,39,-3.9,.300,87
7949,Tim Beckham,Rays,223,5.8 %,30.9 %,0.19,.222,.274,.429,.702,.207,6.1,.279,-1.1,0.5,0.1,23,-2.4,.300,91
2677,Jordan Pacheco,Diamondbacks,78,11.5 %,17.9 %,0.64,.242,.333,.333,.667,.091,3.4,.269,-0.5,-1.4,0.2,8,-0.9,.300,82
7423,Shane Peterson,Brewers,226,8.8 %,24.3 %,0.36,.259,.324,.353,.678,.095,3.9,.345,-0.3,0.6,-0.5,23,-2.6,.299,84
14335,Dilson Herrera,Mets,103,10.7 %,22.3 %,0.48,.211,.311,.367,.677,.156,5.0,.250,0.0,0.0,0.4,10,-1.2,.298,91
3978,Chris Heisey,Dodgers,72,20.8 %,23.6 %,0.88,.182,.347,.327,.674,.145,1.8,.211,-0.7,0.1,-0.4,7,-0.9,.298,91
11739,J.T. Realmuto,Marlins,467,4.1 %,15.0 %,0.27,.259,.290,.406,.696,.147,5.8,.285,1.2,0.0,-0.2,47,-5.7,.298,88
11997,Cody Asche,Phillies,456,5.7 %,24.3 %,0.23,.245,.294,.395,.689,.151,2.8,.304,-3.5,1.5,-0.8,46,-5.6,.298,87
9205,Logan Morrison,Mariners,511,9.2 %,15.9 %,0.58,.225,.302,.383,.685,.158,4.1,.238,-2.2,1.5,-0.2,51,-6.3,.298,90
10459,Adeiny Hechavarria,Marlins,499,4.6 %,15.6 %,0.29,.281,.315,.374,.689,.094,5.3,.325,0.6,-1.9,0.4,50,-6.2,.298,87
11746,Stefen Romero,Mariners,24,12.5 %,25.0 %,0.50,.190,.292,.381,.673,.190,2.6,.214,-0.2,0.2,0.0,2,-0.3,.298,90
12859,James McCann,Tigers,425,3.8 %,21.2 %,0.18,.264,.297,.387,.683,.122,3.1,.325,-2.5,-2.1,-0.6,42,-5.4,.297,85
9807,Ryan Goins,Blue Jays,428,9.1 %,19.4 %,0.47,.250,.318,.354,.672,.104,4.6,.304,2.3,-0.4,-0.2,43,-5.5,.297,84
15670,Alex Guerrero,Dodgers,230,3.0 %,24.8 %,0.12,.233,.261,.434,.695,.201,3.7,.261,-3.1,-0.3,0.1,23,-3.0,.297,91
3179,Dioner Navarro,Blue Jays,192,8.9 %,15.1 %,0.59,.246,.307,.374,.682,.129,0.9,.262,-2.5,1.1,-0.1,19,-2.6,.296,84
5432,Elian Herrera,Brewers,277,6.5 %,26.0 %,0.25,.242,.290,.395,.684,.152,3.3,.307,0.7,0.3,0.1,27,-3.9,.296,82
211,Will Venable,- - -,390,9.5 %,24.1 %,0.39,.244,.320,.350,.669,.106,6.3,.317,3.0,-1.1,2.6,38,-5.6,.296,86
5760,Avisail Garcia,White Sox,601,6.0 %,23.5 %,0.26,.257,.309,.365,.675,.108,3.6,.320,-2.9,0.0,-1.6,59,-8.5,.295,84
2554,Chris Parmelee,Orioles,102,3.9 %,25.5 %,0.15,.216,.255,.433,.688,.216,4.2,.254,0.2,0.5,-0.4,10,-1.5,.295,82
3231,Brayan Pena,Reds,367,7.9 %,9.3 %,0.85,.273,.334,.324,.659,.051,1.8,.303,-2.7,-0.4,0.2,36,-5.5,.295,82
4556,James Loney,Rays,388,5.9 %,8.8 %,0.68,.280,.322,.357,.680,.078,1.3,.298,-7.7,-0.5,-1.4,38,-5.8,.294,87
6885,Ian Desmond,Nationals,641,7.0 %,29.2 %,0.24,.233,.290,.384,.674,.151,4.5,.307,3.3,1.8,0.4,62,-9.6,.294,83
4727,Jacoby Ellsbury,Yankees,501,7.0 %,17.2 %,0.41,.257,.318,.345,.663,.088,5.7,.301,2.6,0.3,0.4,49,-7.6,.294,83
1965,Desmond Jennings,Rays,108,7.4 %,15.7 %,0.47,.268,.324,.340,.664,.072,5.2,.309,-0.1,0.2,-0.2,11,-1.6,.294,87
1845,Jonny Gomes,- - -,262,11.8 %,30.9 %,0.38,.213,.313,.347,.660,.133,2.2,.293,0.4,-0.3,-0.3,25,-4.0,.294,83
13132,Andrew Susac,Giants,148,9.5 %,29.1 %,0.33,.218,.297,.368,.666,.150,3.7,.299,-1.3,0.1,-0.1,14,-2.3,.294,88
7476,Alex Avila,Tigers,219,18.3 %,30.1 %,0.61,.191,.339,.287,.626,.096,1.3,.278,-1.4,0.6,-0.5,21,-3.4,.294,83
4016,Jerry Sands,Indians,133,6.8 %,27.1 %,0.25,.236,.286,.390,.676,.154,2.3,.298,0.0,0.5,-0.1,13,-2.1,.294,82
1118,Marco Estrada,Blue Jays,6,0.0 %,33.3 %,0.00,.333,.333,.333,.667,.000,0.1,.500, , ,0.0,1,-0.1,.294,82
2134,Adam Loewen,Phillies,3,0.0 %,0.0 %,0.00,.333,.333,.333,.667,.000,0.1,.333, , ,0.0,0,0.0,.294,84
2498,Jemile Weeks,Red Sox,9,0.0 %,22.2 %,0.00,.333,.333,.333,.667,.000,1.6,.429,0.1,0.1,0.0,1,-0.1,.294,79
3580,C.J. Wilson,Angels,6,0.0 %,16.7 %,0.00,.333,.333,.333,.667,.000,0.1,.400, , ,0.0,1,-0.1,.294,88
4955,Justin De Fratus,Phillies,3,0.0 %,33.3 %,0.00,.333,.333,.333,.667,.000,0.1,.500, , ,0.0,0,0.0,.294,84
5448,Jesse Chavez,Athletics,5,0.0 %,40.0 %,0.00,.333,.333,.333,.667,.000,0.1,1.000, , ,0.0,0,-0.1,.294,87
10466,Taylor Jordan,Nationals,6,0.0 %,33.3 %,0.00,.333,.333,.333,.667,.000,0.1,.500, , ,0.0,1,-0.1,.294,83
12781,Sean Gilmartin,Mets,6,0.0 %,50.0 %,0.00,.333,.333,.333,.667,.000,2.6,.667, , ,0.0,1,-0.1,.294,88
15580,Dariel Alvarez,Orioles,31,6.5 %,25.8 %,0.25,.241,.290,.379,.670,.138,1.1,.300,-0.1,0.1,0.0,3,-0.5,.294,81
10306,Oswaldo Arcia,Twins,65,6.2 %,23.1 %,0.27,.276,.338,.379,.718,.103,0.9,.333,-1.8,-0.2,0.0,6,-1.0,.293,82
2830,Travis Snider,- - -,265,9.8 %,24.9 %,0.39,.232,.313,.350,.663,.118,3.8,.305,-2.5,1.1,0.1,26,-4.3,.293,81
12797,Dalton Pompey,Blue Jays,103,6.8 %,22.3 %,0.30,.223,.291,.372,.664,.149,6.4,.275,0.6,0.4,0.6,10,-1.7,.292,81
2073,Jeff Baker,Marlins,80,10.0 %,31.3 %,0.32,.208,.288,.375,.663,.167,2.0,.273,0.5,0.3,0.0,8,-1.3,.292,84
8709,Elvis Andrus,Rangers,661,7.0 %,11.8 %,0.59,.258,.309,.357,.667,.099,5.2,.283,2.8,-0.2,1.2,63,-11.1,.292,78
11167,Josh Rutledge,Red Sox,85,5.9 %,30.6 %,0.19,.284,.333,.338,.671,.054,2.0,.400,0.7,0.6,0.0,8,-1.4,.292,78
3035,Michael Morse,- - -,256,9.0 %,29.7 %,0.30,.231,.313,.336,.649,.105,1.3,.324,-1.4,-1.1,-0.1,24,-4.4,.291,84
11146,Cameron Rupp,Phillies,299,8.0 %,23.7 %,0.34,.233,.301,.374,.675,.141,1.8,.281,-0.1,-1.1,-0.5,28,-5.4,.291,82
3878,Chris Stewart,Pirates,172,3.5 %,16.9 %,0.21,.289,.320,.340,.659,.050,0.6,.348,0.5,0.4,-0.1,16,-3.1,.290,84
10847,Andrelton Simmons,Braves,583,6.7 %,8.2 %,0.81,.265,.321,.338,.660,.073,3.6,.285,2.8,-1.7,-0.5,55,-11.0,.290,81
9328,Drew Stubbs,- - -,140,10.0 %,42.9 %,0.23,.195,.283,.382,.665,.187,8.1,.328,-0.6,0.2,0.6,13,-2.6,.289,66
10339,Scooter Gennett,Brewers,391,3.1 %,17.4 %,0.18,.264,.294,.381,.675,.117,4.1,.309,4.2,-0.8,-1.1,36,-7.5,.289,77
10441,Jon Singleton,Astros,58,17.2 %,29.3 %,0.59,.191,.328,.298,.625,.106,3.9,.267,0.2,0.4,0.2,5,-1.1,.288,82
4579,Starlin Castro,Cubs,578,3.6 %,15.7 %,0.23,.265,.296,.375,.671,.110,3.1,.298,0.8,-1.7,-1.2,54,-11.4,.288,80
11339,Jake Marisnick,Astros,372,4.8 %,28.2 %,0.17,.236,.281,.383,.665,.147,7.9,.310,1.5,1.3,1.1,34,-7.4,.288,82
8433,Ike Davis,Athletics,239,9.6 %,18.4 %,0.52,.229,.301,.350,.652,.121,1.0,.272,-2.2,-0.3,-0.1,22,-4.8,.288,84
9134,Tyler Flowers,White Sox,361,5.8 %,28.8 %,0.20,.239,.295,.356,.652,.118,0.6,.320,-1.4,-0.2,-0.6,33,-7.2,.288,79
7571,Lonnie Chisenhall,Indians,362,6.4 %,19.1 %,0.33,.246,.294,.372,.667,.126,3.9,.288,2.3,2.4,0.3,33,-7.3,.288,78
5409,Pablo Sandoval,Red Sox,505,5.0 %,14.5 %,0.34,.245,.292,.366,.658,.121,1.6,.270,-4.3,-0.8,-0.2,47,-10.3,.288,75
5371,Juan Perez,Giants,40,2.5 %,15.0 %,0.17,.282,.300,.359,.659,.077,5.3,.333,-1.0,-0.2,0.2,4,-0.8,.288,84
2411,Jose Tabata,Pirates,41,4.9 %,17.1 %,0.29,.289,.341,.289,.631,.000,1.3,.355,-0.7,-0.8,-0.4,4,-0.8,.287,82
629,Brandon Barnes,Rockies,281,7.5 %,23.8 %,0.31,.251,.314,.341,.655,.090,5.0,.332,2.1,0.1,-0.1,26,-5.8,.287,62
7007,Yadier Molina,Cardinals,530,6.0 %,11.1 %,0.54,.270,.310,.350,.660,.080,2.7,.295,-1.6,-0.8,-0.1,49,-11.1,.287,80
12325,Jace Peterson,Braves,597,9.4 %,20.1 %,0.47,.239,.314,.335,.649,.097,4.6,.296,1.7,1.4,-1.8,55,-12.5,.287,79
4293,Brett Hayes,Indians,36,8.3 %,19.4 %,0.43,.156,.229,.438,.666,.281,0.8,.091,0.0,0.2,0.0,3,-0.8,.286,77
393,Victor Martinez,Tigers,485,6.4 %,10.7 %,0.60,.245,.301,.366,.667,.120,0.9,.253,-4.6,-2.4,-0.2,44,-10.5,.286,78
13301,Max Muncy,Athletics,112,8.0 %,27.7 %,0.29,.206,.268,.392,.660,.186,3.8,.261,-2.1,1.2,0.0,10,-2.5,.285,82
4599,Nick Swisher,- - -,260,13.5 %,20.8 %,0.65,.196,.312,.320,.631,.123,0.2,.228,-0.8,-1.2,-0.1,23,-5.8,.285,77
13284,Darnell Sweeney,Phillies,98,13.3 %,27.6 %,0.48,.176,.286,.353,.639,.176,4.0,.218,0.5,0.3,-0.8,9,-2.2,.285,78
10642,Carlos Perez,Angels,283,6.7 %,17.3 %,0.39,.250,.299,.346,.645,.096,2.5,.292,-0.2,-0.6,0.3,25,-6.5,.284,82
10299,Eury Perez,Braves,133,5.3 %,17.3 %,0.30,.269,.331,.303,.633,.034,3.5,.333,1.4,0.0,0.1,12,-3.1,.284,77
9682,Adam Rosales,Rangers,125,8.0 %,24.0 %,0.33,.228,.296,.342,.638,.114,3.8,.284,-0.6,-0.3,-0.8,11,-2.9,.284,73
5408,Jake Smolinski,- - -,192,9.9 %,20.3 %,0.49,.193,.281,.367,.649,.175,5.0,.208,1.8,-0.1,-0.3,17,-4.5,.284,78
10473,Cheslor Cuthbert,Royals,50,8.0 %,18.0 %,0.44,.217,.280,.370,.650,.152,4.4,.250,-1.0,0.2,0.0,4,-1.2,.284,75
10200,Tucker Barnhart,Reds,274,9.1 %,16.4 %,0.56,.252,.324,.326,.650,.074,1.3,.294,0.0,-1.2,-0.5,24,-6.4,.284,75
5514,Jesus Montero,Mariners,116,3.4 %,27.6 %,0.13,.223,.250,.411,.661,.188,1.1,.267,-1.4,-0.2,0.0,10,-2.7,.284,81
4251,Stephen Drew,Yankees,428,8.6 %,16.6 %,0.52,.201,.271,.381,.652,.180,2.1,.201,-1.2,0.3,-0.9,38,-10.0,.284,76
8722,Jason Castro,Astros,375,8.8 %,30.7 %,0.29,.211,.283,.365,.648,.154,1.3,.280,-0.6,0.7,-0.1,33,-8.8,.284,79
9393,Matt Adams,Cardinals,186,5.4 %,22.0 %,0.24,.240,.280,.377,.657,.137,2.2,.285,-0.3,1.1,0.1,17,-4.4,.284,78
6609,Freddy Galvis,Phillies,603,5.0 %,17.1 %,0.29,.263,.302,.343,.645,.081,5.5,.309,2.5,0.8,1.3,54,-14.3,.283,77
1904,Adam LaRoche,White Sox,484,10.1 %,27.5 %,0.37,.207,.293,.340,.634,.133,1.0,.269,-2.0,0.0,-0.2,43,-11.6,.283,75
17016,Rusney Castillo,Red Sox,289,4.5 %,18.7 %,0.24,.253,.288,.359,.647,.106,4.6,.298,-0.5,-1.4,-1.3,26,-7.0,.283,71
6400,Kirk Nieuwenhuis,- - -,141,7.1 %,34.8 %,0.20,.195,.270,.375,.645,.180,4.5,.280,0.8,-0.1,-0.4,12,-3.4,.283,80
971,Jimmy Rollins,Dodgers,563,7.8 %,15.3 %,0.51,.224,.285,.358,.643,.133,5.1,.246,-0.4,-0.6,-1.0,50,-13.7,.283,81
9627,Yan Gomes,Indians,389,3.3 %,26.7 %,0.13,.231,.267,.391,.659,.160,1.4,.285,-0.6,0.0,-0.1,34,-9.4,.283,75
12317,Colin Rea,Padres,12,8.3 %,33.3 %,0.25,.222,.300,.333,.633,.111,2.6,.400, , ,0.0,1,-0.3,.282,79
3704,Skip Schumaker,Reds,268,8.6 %,19.0 %,0.45,.242,.306,.336,.642,.094,2.3,.301,0.1,-0.7,-0.5,24,-6.6,.282,74
6589,Sean Rodriguez,Pirates,240,2.1 %,26.3 %,0.08,.246,.281,.362,.642,.116,4.2,.325,-0.3,-1.2,-0.5,21,-6.1,.281,78
6104,Aaron Hill,Diamondbacks,353,8.8 %,15.3 %,0.57,.230,.295,.345,.640,.115,3.6,.253,0.2,-0.1,0.5,31,-9.0,.281,70
4464,Mike Baxter,Cubs,66,10.6 %,21.2 %,0.50,.246,.348,.263,.612,.018,1.3,.326,-0.2,-0.4,0.0,6,-1.7,.281,75
8267,Chris Iannetta,Angels,317,12.9 %,26.2 %,0.49,.188,.293,.335,.628,.147,1.2,.225,-1.2,-1.8,-0.5,27,-8.2,.281,79
5384,Juan Lagares,Mets,465,3.4 %,18.7 %,0.18,.259,.289,.358,.647,.100,5.3,.308,-0.3,0.9,0.0,40,-12.2,.280,79
4082,Erick Aybar,Angels,638,3.9 %,11.4 %,0.34,.270,.301,.338,.639,.069,4.6,.300,3.0,0.1,0.3,55,-16.7,.280,79
2918,Angel Pagan,Giants,551,5.8 %,16.9 %,0.34,.262,.303,.332,.635,.070,4.9,.310,1.8,0.0,0.6,47,-14.6,.280,79
13510,Jose Ramirez,Indians,355,9.0 %,11.0 %,0.82,.219,.291,.340,.631,.121,6.5,.232,1.5,0.7,0.3,31,-9.4,.280,73
3154,Domonic Brown,Phillies,204,6.9 %,17.6 %,0.39,.228,.284,.349,.634,.122,4.3,.257,-2.4,0.4,0.1,18,-5.4,.280,75
2090,Alex Rios,Royals,411,3.6 %,16.3 %,0.22,.255,.287,.353,.640,.099,5.6,.294,-0.4,0.1,1.6,35,-11.3,.279,71
5133,Alexei Ramirez,White Sox,622,5.0 %,10.9 %,0.46,.249,.285,.357,.642,.108,3.8,.264,-4.5,-0.9,0.4,53,-17.1,.279,72
7888,Ryan Flaherty,Orioles,301,8.6 %,26.9 %,0.32,.202,.281,.356,.637,.154,3.7,.251,0.4,-0.2,-0.1,26,-8.3,.279,71
13361,Steven Matz,Mets,14,0.0 %,7.1 %,0.00,.286,.286,.357,.643,.071,1.1,.308, , ,0.0,1,-0.4,.278,77
7872,Tyson Ross,Padres,68,2.9 %,27.9 %,0.11,.250,.283,.357,.640,.107,4.1,.351, , ,0.0,6,-1.9,.278,76
16252,Trea Turner,Nationals,44,9.1 %,27.3 %,0.33,.225,.295,.325,.620,.100,4.1,.296,0.1,0.2,-0.4,4,-1.2,.278,72
1825,David DeJesus,- - -,317,6.6 %,16.4 %,0.40,.233,.297,.330,.626,.097,3.9,.266,-1.1,-0.3,-0.3,27,-8.9,.278,76
2225,Jason Bourgeois,Reds,212,6.6 %,15.6 %,0.42,.240,.294,.332,.625,.092,5.7,.275,0.9,0.3,0.1,18,-6.0,.278,71
6938,Eric Campbell,Mets,206,12.6 %,18.0 %,0.70,.197,.312,.295,.607,.098,4.5,.230,0.7,-1.6,-0.3,17,-5.9,.277,76
4793,Travis Ishikawa,- - -,72,12.5 %,27.8 %,0.45,.206,.306,.302,.607,.095,1.0,.286,-0.7,0.0,0.0,6,-2.1,.277,75
1159,Andrew Romine,Tigers,203,5.4 %,22.7 %,0.24,.255,.307,.315,.622,.060,5.0,.328,-0.1,0.2,-0.1,17,-6.0,.276,71
7412,Paul Janish,Orioles,36,0.0 %,8.3 %,0.00,.286,.278,.371,.649,.086,2.0,.303,0.8,0.1,0.0,3,-1.1,.276,69
12147,Nick Ahmed,Diamondbacks,459,6.3 %,17.6 %,0.36,.226,.275,.359,.634,.133,4.9,.257,2.5,1.2,-1.3,38,-13.7,.276,66
4249,Shane Robinson,Twins,197,6.1 %,14.7 %,0.41,.250,.299,.322,.621,.072,7.8,.296,0.8,0.1,0.7,16,-6.0,.275,69
12101,Kennys Vargas,Twins,184,4.9 %,29.3 %,0.17,.240,.277,.349,.626,.109,1.3,.319,-1.3,-0.5,-0.1,15,-5.6,.275,69
10946,Josh Smith,Reds,10,0.0 %,40.0 %,0.00,.222,.222,.444,.667,.222,5.1,.400, , ,0.0,1,-0.3,.275,69
2140,Delmon Young,Orioles,180,2.2 %,16.1 %,0.14,.270,.289,.339,.628,.069,1.8,.313,0.4,-0.7,-0.1,15,-5.5,.275,69
1830,Clint Barmes,Padres,224,4.5 %,24.6 %,0.18,.232,.281,.353,.633,.121,3.3,.302,-0.3,1.0,-0.5,18,-6.9,.275,74
7937,Logan Schafer,Brewers,143,8.4 %,20.3 %,0.41,.221,.299,.311,.611,.090,5.4,.280,0.9,-0.3,0.1,12,-4.4,.275,67
13047,Munenori Kawasaki,Blue Jays,34,11.8 %,17.6 %,0.67,.214,.313,.286,.598,.071,3.8,.273,-0.1,-0.2,-0.4,3,-1.1,.274,69
11489,Michael Taylor,Nationals,511,6.8 %,30.9 %,0.22,.229,.282,.358,.640,.129,5.3,.311,-3.4,1.1,1.8,42,-15.9,.274,69
1191,Chris Johnson,- - -,255,3.9 %,29.0 %,0.14,.255,.286,.337,.624,.082,2.3,.353,0.5,0.2,-0.1,21,-8.0,.274,70
1679,Chase Utley,- - -,423,7.6 %,15.1 %,0.50,.212,.286,.343,.629,.131,4.4,.230,0.8,0.0,0.6,34,-13.3,.274,72
11615,Brandon Drury,Diamondbacks,59,3.4 %,13.6 %,0.25,.214,.254,.375,.629,.161,0.1,.217,-0.5,-1.2,0.0,5,-1.9,.274,65
7358,Michael Martinez,Indians,32,3.1 %,37.5 %,0.08,.267,.290,.333,.624,.067,3.8,.444,0.1,-0.3,-0.4,3,-1.0,.274,68
3211,Tyler Ladendorf,Athletics,18,5.6 %,11.1 %,0.50,.235,.278,.353,.631,.118,5.1,.267,0.4,0.2,0.0,1,-0.6,.274,73
3442,Dan Uggla,Nationals,141,13.5 %,28.4 %,0.48,.183,.298,.300,.598,.117,4.1,.253,0.5,-0.1,-0.5,11,-4.6,.273,68
2578,Peter Bourjos,Cardinals,225,8.4 %,26.2 %,0.32,.200,.290,.333,.623,.133,7.0,.263,1.0,0.5,-2.2,18,-7.6,.271,69
6827,Justin Maxwell,Giants,274,7.3 %,27.7 %,0.26,.209,.275,.341,.616,.133,4.3,.269,-0.3,0.0,-0.1,22,-9.2,.271,73
1677,Shane Victorino,- - -,204,7.8 %,15.7 %,0.50,.230,.308,.292,.601,.062,6.7,.272,1.0,-0.2,1.3,16,-7.0,.271,67
6310,Alcides Escobar,Royals,662,3.9 %,11.3 %,0.35,.257,.293,.320,.614,.064,5.9,.286,3.3,0.0,1.1,52,-22.6,.271,65
5278,Pedro Ciriaco,Braves,151,1.3 %,25.2 %,0.05,.261,.275,.352,.627,.092,5.5,.340,0.6,0.5,0.0,12,-5.2,.270,68
7725,David Holmberg,Reds,12,16.7 %,41.7 %,0.40,.125,.364,.125,.489,.000,2.6,.333, , ,0.0,1,-0.4,.270,66
6262,Tommy Field,Rangers,45,4.4 %,35.6 %,0.13,.195,.250,.366,.616,.171,5.9,.261,-0.1,0.4,0.2,4,-1.6,.270,63
3336,Alberto Callaspo,- - -,261,10.7 %,13.0 %,0.82,.235,.315,.278,.594,.043,1.0,.269,-3.1,0.0,-0.1,20,-9.0,.270,70
10681,Giovanny Urshela,Indians,288,6.3 %,20.1 %,0.31,.225,.279,.330,.608,.105,2.2,.266,-1.5,-1.3,-0.5,22,-10.0,.270,66
13119,Taylor Jungmann,Brewers,44,2.3 %,27.3 %,0.08,.270,.289,.324,.614,.054,0.7,.400, , ,0.0,3,-1.5,.270,64
9009,Conor Gillaspie,- - -,253,5.1 %,18.6 %,0.28,.228,.269,.359,.627,.131,2.4,.266,-1.2,1.1,-0.5,20,-8.9,.269,67
2714,Garrett Jones,Yankees,152,5.3 %,24.3 %,0.22,.215,.257,.361,.618,.146,2.1,.255,-0.2,0.7,-0.1,12,-5.3,.269,66
11255,Matt Szczur,Cubs,80,7.5 %,18.8 %,0.40,.222,.278,.333,.612,.111,3.9,.263,0.3,0.5,0.4,6,-2.8,.269,67
6387,Michael Bourn,- - -,482,9.5 %,22.2 %,0.43,.238,.310,.282,.592,.045,4.8,.315,0.3,1.8,0.4,37,-16.9,.269,66
8259,Kurt Suzuki,Twins,479,6.1 %,12.3 %,0.49,.240,.296,.314,.610,.074,1.0,.265,0.4,-1.1,-0.2,37,-17.0,.269,65
5933,Jean Segura,Brewers,584,2.2 %,15.9 %,0.14,.257,.281,.336,.616,.079,6.4,.298,1.8,-1.1,2.4,45,-20.9,.268,63
2832,Rafael Ynoa,Rockies,131,2.3 %,21.4 %,0.11,.260,.277,.339,.616,.079,5.0,.333,0.3,0.0,0.1,10,-4.7,.268,49
11472,Dixon Machado,Tigers,78,9.0 %,17.9 %,0.50,.235,.307,.279,.586,.044,3.4,.296,-0.1,-0.2,0.2,6,-2.9,.267,64
8879,Ryan Lavarnway,- - -,106,11.3 %,26.4 %,0.43,.191,.283,.319,.602,.128,0.4,.250,-0.6,-1.0,0.0,8,-3.9,.267,65
6073,Brendan Ryan,Yankees,103,4.9 %,28.2 %,0.17,.229,.275,.333,.608,.104,4.3,.328,-0.3,0.5,0.0,8,-3.8,.267,64
9015,Gordon Beckham,White Sox,237,8.0 %,18.1 %,0.44,.209,.275,.332,.607,.123,1.9,.229,-0.3,-0.1,-0.5,18,-8.8,.267,64
5986,Mike Aviles,Indians,317,6.3 %,12.0 %,0.53,.231,.282,.317,.599,.086,3.6,.250,-1.0,-2.9,0.1,24,-11.8,.266,63
7927,Eric Sogard,Athletics,401,5.7 %,12.5 %,0.46,.247,.294,.304,.598,.056,5.1,.283,2.2,0.0,0.6,30,-15.3,.266,68
5450,Daniel Nava,- - -,166,12.0 %,21.7 %,0.56,.194,.315,.245,.560,.050,2.7,.252,-0.8,-0.1,0.1,12,-6.4,.265,63
6547,Jordy Mercer,Pirates,430,6.3 %,17.0 %,0.37,.244,.293,.320,.613,.076,2.4,.290,0.9,0.8,-0.4,32,-16.5,.265,67
8418,Ehire Adrianza,Giants,134,11.2 %,14.9 %,0.75,.186,.303,.265,.569,.080,5.1,.226,0.0,-0.2,-0.2,10,-5.1,.265,69
12409,Ryan Rua,Rangers,86,3.5 %,37.2 %,0.09,.193,.221,.398,.619,.205,2.0,.255,-0.2,-0.1,0.0,6,-3.3,.265,60
13809,Micah Johnson,White Sox,114,7.9 %,26.3 %,0.30,.230,.306,.270,.576,.040,3.7,.329,0.4,0.5,-0.2,8,-4.4,.265,63
1433,Wilson Ramos,Nationals,504,4.2 %,20.0 %,0.21,.229,.258,.358,.616,.128,0.9,.256,0.3,-1.7,-0.2,37,-19.6,.265,63
10593,Joey Terdoslavich,Braves,59,5.1 %,23.7 %,0.21,.214,.254,.375,.629,.161,3.8,.268,-0.1,0.2,0.0,4,-2.3,.265,64
15450,Daniel Castro,Braves,100,3.0 %,15.0 %,0.20,.240,.263,.344,.606,.104,4.1,.266,0.7,-0.7,0.0,7,-3.9,.264,63
10807,Tyler Saladino,White Sox,254,4.7 %,20.1 %,0.24,.225,.267,.335,.602,.110,7.8,.269,1.5,-1.1,0.7,19,-10.0,.264,62
6656,L.J. Hoes,Astros,16,6.3 %,18.8 %,0.33,.267,.313,.267,.579,.000,0.8,.333,-0.1,0.1,0.0,1,-0.6,.263,65
7244,Tyler Moore,Nationals,200,5.5 %,22.5 %,0.24,.203,.250,.364,.614,.160,0.7,.234,-0.3,0.5,-0.1,14,-8.1,.263,61
6266,Daniel Robertson,Angels,80,2.5 %,8.8 %,0.29,.280,.299,.307,.605,.027,2.2,.309,1.4,0.2,0.0,6,-3.3,.262,66
11602,Carlos Sanchez,White Sox,420,4.5 %,19.3 %,0.23,.224,.268,.326,.595,.103,3.2,.270,-1.4,-0.1,-0.5,30,-17.1,.262,61
9854,Efren Navarro,Angels,88,5.7 %,18.2 %,0.31,.253,.295,.301,.597,.048,2.6,.313,1.1,-0.7,-0.8,6,-3.6,.261,66
6013,Cristhian Adames,Rockies,58,5.2 %,19.0 %,0.27,.245,.298,.302,.600,.057,4.4,.310,0.7,0.5,-0.4,4,-2.4,.261,44
3395,Cliff Pennington,- - -,249,10.8 %,19.7 %,0.55,.210,.298,.281,.578,.071,3.7,.253,-1.9,0.0,0.5,17,-10.5,.260,57
7409,Xavier Scruggs,Cardinals,43,0.0 %,23.3 %,0.00,.262,.279,.310,.589,.048,5.5,.344,0.3,-0.6,0.2,3,-1.8,.259,61
8392,Daniel Descalso,Rockies,209,9.6 %,21.5 %,0.44,.205,.283,.324,.607,.119,4.0,.244,0.7,0.4,-0.7,14,-9.0,.259,43
2579,Carlos Ruiz,Phillies,320,8.8 %,13.4 %,0.65,.211,.290,.285,.575,.074,2.5,.242,0.3,-2.1,-0.3,22,-13.9,.259,60
7002,Will Middlebrooks,Padres,270,4.1 %,22.2 %,0.18,.212,.241,.361,.602,.149,4.1,.237,-0.2,0.6,-0.1,19,-11.8,.259,63
13895,Trevor Brown,Giants,43,7.0 %,18.6 %,0.38,.231,.279,.308,.587,.077,2.1,.281,-0.3,0.2,-0.2,3,-1.9,.258,64
3815,Mat Latos,- - -,34,0.0 %,20.6 %,0.00,.292,.292,.292,.583,.000,0.4,.412, , ,0.0,2,-1.6,.257,59
5305,Alex Presley,Astros,13,7.7 %,38.5 %,0.20,.250,.308,.250,.558,.000,1.1,.429,0.0,0.1,0.0,1,-0.6,.256,60
10698,Mike Olt,- - -,102,6.9 %,34.3 %,0.20,.191,.255,.319,.574,.128,1.0,.255,-0.6,0.1,-0.4,7,-4.7,.256,57
4243,Jose Lobaton,Nationals,155,9.7 %,25.8 %,0.38,.199,.279,.294,.573,.096,0.8,.253,-1.3,-0.7,-0.1,10,-7.1,.256,57
13768,Travis Jankowski,Padres,96,4.2 %,25.0 %,0.17,.211,.245,.344,.589,.133,6.5,.266,0.4,0.3,0.0,6,-4.4,.256,61
8254,Sam Fuld,Athletics,325,9.2 %,16.9 %,0.55,.197,.276,.293,.569,.097,6.1,.235,0.6,0.2,0.5,21,-15.1,.255,61
10030,Chris Owings,Diamondbacks,552,4.7 %,26.1 %,0.18,.227,.264,.322,.587,.095,6.7,.305,2.5,0.9,1.4,36,-25.8,.255,52
3353,Matt Joyce,Angels,284,10.6 %,23.6 %,0.45,.174,.272,.291,.564,.117,2.1,.215,-0.9,0.3,-1.3,19,-13.3,.255,61
6887,Martin Maldonado,Brewers,256,9.0 %,25.4 %,0.35,.210,.282,.293,.575,.083,1.2,.272,0.0,-0.2,-0.5,17,-12.0,.254,53
11846,Leonys Martin,Rangers,310,5.2 %,22.3 %,0.23,.219,.264,.313,.576,.094,4.6,.270,1.6,0.4,0.7,20,-14.7,.254,52
5227,Jon Jay,Cardinals,245,7.8 %,14.7 %,0.53,.210,.306,.257,.563,.048,3.2,.246,1.1,-1.0,-0.9,16,-11.7,.253,57
14843,Michael Lorenzen,Reds,41,0.0 %,31.7 %,0.00,.250,.270,.306,.576,.056,4.8,.391, , ,0.0,3,-2.0,.253,54
14161,Byron Buxton,Twins,138,4.3 %,31.9 %,0.14,.209,.250,.326,.576,.116,5.6,.301,-0.5,0.5,-0.4,9,-6.7,.252,53
11854,Steven Moya,Tigers,25,12.0 %,40.0 %,0.30,.182,.280,.273,.553,.091,2.9,.333,-0.4,0.0,0.0,2,-1.2,.252,54
13807,Kevin Plawecki,Mets,258,6.6 %,23.3 %,0.28,.219,.280,.296,.576,.077,1.0,.277,-1.1,0.8,-0.1,16,-12.7,.252,59
5751,Hernan Perez,- - -,272,1.8 %,21.7 %,0.08,.243,.257,.327,.584,.084,4.5,.309,0.4,-0.1,0.5,17,-13.4,.251,52
9113,Allan Dykstra,Rays,38,15.8 %,31.6 %,0.50,.129,.289,.226,.515,.097,0.9,.167,-0.5,-0.2,0.0,2,-1.9,.251,57
10199,Billy Hamilton,Reds,454,6.2 %,16.5 %,0.37,.226,.274,.289,.563,.063,8.1,.264,3.9,1.4,8.1,29,-22.5,.251,53
1945,Corey Hart,Pirates,57,1.8 %,33.3 %,0.05,.222,.246,.352,.597,.130,0.1,.294,-1.0,-1.3,0.0,4,-2.9,.251,57
1101,Ichiro Suzuki,Marlins,438,7.1 %,11.6 %,0.61,.229,.282,.279,.561,.050,6.1,.257,-1.0,0.2,0.0,27,-22.0,.250,55
9954,Darrell Ceciliani,Mets,75,5.3 %,33.3 %,0.16,.206,.270,.279,.550,.074,5.0,.310,-0.5,0.2,0.6,5,-3.8,.249,57
3797,J.J. Hardy,Orioles,437,4.6 %,20.1 %,0.23,.219,.253,.311,.564,.092,1.8,.257,-0.2,-0.8,-0.2,26,-22.9,.248,50
13325,Deven Marrero,Red Sox,56,5.4 %,33.9 %,0.16,.226,.268,.283,.551,.057,5.3,.333,0.2,0.2,0.0,3,-3.0,.247,46
1943,Zack Greinke,Dodgers,77,1.3 %,18.2 %,0.07,.224,.232,.343,.575,.119,4.7,.250, , ,0.2,5,-4.1,.247,56
4672,Junior Lake,- - -,84,4.8 %,34.5 %,0.14,.200,.238,.325,.563,.125,4.9,.300,-0.8,0.1,0.8,5,-4.5,.246,50
4182,Jonathan Herrera,Cubs,132,1.5 %,17.4 %,0.09,.230,.242,.333,.576,.103,6.5,.267,0.9,-0.1,0.6,8,-7.1,.246,51
13419,Christian Walker,Orioles,12,25.0 %,33.3 %,0.75,.111,.333,.111,.444,.000,0.1,.200,0.1,0.1,0.0,1,-0.7,.245,48
7215,David Lough,Orioles,144,3.5 %,25.0 %,0.14,.201,.241,.313,.555,.112,4.8,.245,-0.4,0.6,-1.2,8,-7.9,.245,48
10822,Todd Cunningham,Braves,93,5.4 %,18.3 %,0.29,.221,.280,.267,.547,.047,4.9,.275,0.0,0.5,0.0,5,-5.2,.244,49
11494,Kaleb Cowart,Angels,52,9.6 %,36.5 %,0.26,.174,.255,.283,.538,.109,4.5,.269,-0.6,-0.2,-0.2,3,-2.9,.243,53
6086,Casey McGehee,- - -,258,8.1 %,19.4 %,0.42,.198,.264,.274,.538,.076,1.5,.243,-1.4,-3.3,-0.3,15,-14.5,.243,52
5485,Jose Pirela,Yankees,78,2.6 %,20.5 %,0.13,.230,.247,.311,.558,.081,4.0,.276,0.1,-0.5,0.2,4,-4.4,.242,48
5277,Tuffy Gosewisch,Diamondbacks,138,5.8 %,16.7 %,0.35,.211,.261,.281,.542,.070,2.9,.248,-0.3,0.1,0.0,8,-7.8,.242,43
9981,Michael Saunders,Blue Jays,36,13.9 %,27.8 %,0.50,.194,.306,.194,.499,.000,0.7,.286,-0.7,0.0,0.0,2,-2.0,.242,47
5587,Carlos Corporan,Rangers,121,5.0 %,33.1 %,0.15,.178,.244,.299,.543,.121,1.5,.242,-0.2,0.2,0.0,7,-6.9,.242,44
7290,Jake Elmore,Rays,158,7.6 %,15.8 %,0.48,.206,.263,.284,.547,.078,1.9,.231,0.9,-0.9,-0.3,9,-9.1,.241,50
5666,Devin Mesoraco,Reds,51,9.8 %,17.6 %,0.56,.178,.275,.244,.519,.067,5.8,.222,0.1,0.4,0.2,3,-2.9,.241,46
6230,Kyle Kendrick,Rockies,49,6.1 %,32.7 %,0.19,.186,.239,.302,.541,.116,2.6,.269, , ,0.0,3,-2.9,.240,29
3390,John Mayberry,Mets,119,7.6 %,27.7 %,0.27,.164,.227,.318,.545,.155,4.6,.203,0.0,0.1,0.2,6,-7.0,.240,51
9425,Doug Fister,Nationals,39,5.1 %,38.5 %,0.13,.226,.273,.258,.531,.032,0.9,.438, , ,0.0,2,-2.3,.240,46
11176,David Buchanan,Phillies,23,8.7 %,34.8 %,0.25,.200,.273,.250,.523,.050,1.6,.333, , ,0.0,1,-1.4,.240,47
1849,Rickie Weeks Jr.,Mariners,95,9.5 %,26.3 %,0.36,.167,.263,.250,.513,.083,1.0,.211,0.6,-0.2,0.0,5,-5.6,.239,50
1609,Omar Infante,Royals,455,2.0 %,15.2 %,0.13,.220,.234,.318,.552,.098,5.0,.255,-0.3,0.7,-0.5,24,-27.5,.238,42
1051,Jake Peavy,Giants,41,2.4 %,41.5 %,0.06,.194,.216,.333,.550,.139,2.6,.333, , ,0.0,2,-2.5,.238,50
2802,Tony Cruz,Cardinals,151,4.0 %,21.2 %,0.19,.204,.235,.310,.545,.106,1.5,.248,-0.2,-0.5,0.0,8,-9.1,.237,46
9063,Alexi Amarista,Padres,357,6.7 %,15.4 %,0.44,.204,.257,.287,.544,.083,5.3,.232,-0.1,0.6,0.5,18,-21.9,.236,48
13265,Mike Zunino,Mariners,386,5.4 %,34.2 %,0.16,.174,.230,.300,.530,.126,1.3,.239,-0.5,0.7,-0.5,19,-24.1,.235,47
11763,Kyle Parker,Rockies,112,5.4 %,33.0 %,0.16,.179,.223,.311,.535,.132,5.3,.242,0.6,0.1,0.2,6,-7.1,.234,26
11530,Jose Fernandez,Marlins,22,0.0 %,18.2 %,0.00,.167,.167,.389,.556,.222,2.6,.154, , ,0.0,1,-1.4,.233,43
4371,Jeremy Hellickson,Diamondbacks,49,4.1 %,28.6 %,0.14,.220,.283,.220,.502,.000,1.2,.321, , ,0.0,2,-3.1,.233,37
10322,Danny Santana,Twins,277,2.2 %,24.5 %,0.09,.215,.241,.291,.532,.077,7.8,.290,1.9,0.1,-0.1,13,-18.1,.231,39
11762,Noah Syndergaard,Mets,50,2.0 %,52.0 %,0.04,.209,.227,.302,.530,.093,0.2,.500, , ,0.0,2,-3.3,.231,45
2264,Hector Gomez,Brewers,134,2.2 %,29.9 %,0.08,.181,.212,.323,.535,.142,5.1,.256,0.3,0.6,0.0,6,-8.8,.231,37
7250,Collin Cowgill,Angels,74,5.4 %,25.7 %,0.21,.188,.233,.290,.523,.101,7.5,.245,0.3,0.2,0.0,3,-4.9,.231,45
13593,Jose Peraza,Dodgers,25,8.0 %,8.0 %,1.00,.182,.250,.318,.568,.136,10.0,.200,0.2,0.2,0.6,1,-1.7,.230,45
6564,Bobby Wilson,- - -,147,7.5 %,26.5 %,0.28,.189,.255,.250,.505,.061,1.3,.258,0.2,0.4,-0.5,7,-9.7,.230,39
3411,Drew Butera,- - -,120,5.0 %,21.7 %,0.23,.196,.252,.252,.505,.056,2.0,.250,-0.8,0.5,-0.4,6,-8.0,.229,38
1702,Reed Johnson,Nationals,24,0.0 %,25.0 %,0.00,.227,.250,.273,.523,.045,0.1,.294,-0.4,-0.2,0.0,1,-1.6,.229,38
3273,Roberto Hernandez,Astros,3,33.3 %,66.7 %,0.50,.000,.333,.000,.333,.000,2.6,.000, , ,0.0,0,-0.2,.229,41
10166,Nick Franklin,Rays,109,6.4 %,33.9 %,0.19,.158,.213,.307,.520,.149,6.2,.213,-0.3,0.1,0.2,5,-7.4,.228,41
9883,Jordan Schafer,Twins,74,4.1 %,31.1 %,0.13,.217,.250,.261,.511,.043,4.1,.326,0.4,0.4,-1.2,3,-5.1,.228,36
921,Tim Hudson,Giants,42,2.4 %,26.2 %,0.09,.184,.205,.316,.521,.132,1.3,.231, , ,0.0,2,-2.9,.225,42
6652,Chase d'Arnaud,Phillies,18,5.6 %,38.9 %,0.14,.176,.222,.294,.516,.118,7.1,.300,0.6,0.1,-0.4,1,-1.3,.225,37
12703,Trevor Bauer,Indians,7,14.3 %,14.3 %,1.00,.167,.286,.167,.452,.000,0.1,.200, , ,0.0,0,-0.5,.224,34
9689,Josh Thole,Blue Jays,52,5.8 %,17.3 %,0.33,.204,.250,.245,.495,.041,1.9,.250,-0.2,-0.3,0.0,2,-3.7,.223,34
14158,Mac Williamson,Giants,34,0.0 %,23.5 %,0.00,.219,.235,.281,.517,.063,3.8,.280,0.2,-0.2,0.0,1,-2.4,.223,40
10937,Ryan Strausborger,Rangers,51,5.9 %,21.6 %,0.27,.200,.240,.267,.507,.067,5.5,.229,0.9,0.1,0.0,2,-3.7,.223,31
11334,Tyler Lyons,Cardinals,20,10.0 %,20.0 %,0.50,.188,.278,.188,.465,.000,2.6,.250, , ,0.0,1,-1.4,.223,36
10028,Christian Bethancourt,Braves,160,3.1 %,20.6 %,0.15,.200,.225,.290,.515,.090,3.3,.242,-0.1,-0.8,-0.2,6,-11.6,.223,35
5913,Leury Garcia,White Sox,15,6.7 %,46.7 %,0.14,.214,.267,.214,.481,.000,4.3,.429,0.0,0.0,0.2,1,-1.1,.222,33
10289,Hector Sanchez,Giants,59,3.4 %,23.7 %,0.14,.179,.207,.304,.510,.125,1.8,.220,0.0,0.0,0.0,2,-4.3,.222,39
1551,David Ross,Cubs,182,11.0 %,33.5 %,0.33,.176,.267,.252,.518,.075,1.7,.276,-0.7,1.2,0.1,7,-13.5,.221,34
2072,Jeremy Guthrie,Royals,5,0.0 %,0.0 %,0.00,.250,.250,.250,.500,.000,0.1,.250, , ,0.0,0,-0.4,.220,30
3374,Ubaldo Jimenez,Orioles,8,0.0 %,50.0 %,0.00,.250,.250,.250,.500,.000,0.1,.500, , ,0.0,0,-0.6,.220,31
4897,Scott Kazmir,- - -,4,0.0 %,50.0 %,0.00,.250,.250,.250,.500,.000,2.6,.500, , ,0.0,0,-0.3,.220,44
9362,Adam Moore,Indians,4,0.0 %,50.0 %,0.00,.250,.250,.250,.500,.000,0.1,.500,0.0,0.0,0.0,0,-0.3,.220,32
12649,Alex Dickerson,Padres,8,0.0 %,37.5 %,0.00,.250,.250,.250,.500,.000,0.1,.400,0.0,-0.1,0.0,0,-0.6,.220,37
13849,Jon Moscot,Reds,4,0.0 %,50.0 %,0.00,.250,.250,.250,.500,.000,0.1,.500, , ,0.0,0,-0.3,.220,31
14814,Buck Farmer,Tigers,4,0.0 %,75.0 %,0.00,.250,.250,.250,.500,.000,0.1,1.000, , ,0.0,0,-0.3,.220,32
11902,Hanser Alberto,Rangers,104,1.9 %,16.3 %,0.12,.222,.238,.263,.500,.040,6.2,.268,0.1,0.3,0.2,4,-7.7,.220,29
1572,Coco Crisp,Athletics,139,9.4 %,18.0 %,0.52,.175,.252,.222,.474,.048,4.0,.218,1.2,0.1,0.3,5,-10.4,.220,36
9284,Chris Herrmann,Twins,113,6.2 %,32.7 %,0.19,.146,.214,.272,.486,.126,4.4,.203,0.3,0.2,0.0,4,-8.6,.218,30
9895,Chris Rusin,Rockies,50,0.0 %,14.0 %,0.00,.217,.217,.283,.500,.065,2.3,.237, , ,0.0,2,-3.8,.217,14
8155,Everth Cabrera,Orioles,105,4.8 %,21.0 %,0.23,.208,.250,.229,.479,.021,4.1,.263,-0.3,-0.1,0.4,4,-8.1,.217,28
13490,Oscar Hernandez,Diamondbacks,36,8.3 %,41.7 %,0.20,.161,.257,.194,.451,.032,2.6,.313,0.2,0.2,0.0,1,-2.8,.216,25
7312,Josh Collmenter,Diamondbacks,32,9.4 %,28.1 %,0.33,.185,.267,.185,.452,.000,1.1,.278, , ,0.0,1,-2.5,.215,25
9433,Dustin Garneau,Rockies,76,7.9 %,18.4 %,0.43,.157,.224,.286,.509,.129,1.2,.167,0.3,0.0,0.0,3,-5.9,.215,12
3648,Rene Rivera,Rays,319,3.4 %,27.0 %,0.13,.178,.213,.275,.489,.097,0.7,.230,-2.2,-0.1,-0.1,11,-25.0,.215,32
3448,Jeff Mathis,Marlins,103,6.8 %,23.3 %,0.29,.161,.214,.290,.504,.129,3.5,.186,0.4,0.2,0.0,3,-8.1,.215,31
12214,Daniel Muno,Mets,32,12.5 %,34.4 %,0.36,.148,.258,.185,.443,.037,4.5,.250,0.0,0.0,0.2,1,-2.5,.214,33
5254,Robbie Grossman,Astros,54,9.3 %,31.5 %,0.29,.143,.222,.245,.467,.102,2.6,.194,0.3,0.3,0.0,2,-4.3,.214,31
3551,Clayton Richard,Cubs,15,6.7 %,40.0 %,0.17,.143,.200,.286,.486,.143,1.6,.250, , ,0.0,0,-1.2,.213,29
5429,Carson Blair,Athletics,35,11.4 %,51.4 %,0.22,.129,.229,.226,.454,.097,1.3,.250,0.2,0.0,0.0,1,-2.8,.213,32
739,Kyle Lohse,Brewers,42,0.0 %,23.8 %,0.00,.231,.231,.256,.487,.026,1.6,.310, , ,0.0,1,-3.4,.213,25
4142,Jonathan Diaz,Blue Jays,16,6.3 %,18.8 %,0.33,.154,.267,.154,.421,.000,1.6,.200,-0.1,0.1,0.0,0,-1.3,.211,25
12148,Kyle Kubitza,Angels,39,7.7 %,38.5 %,0.20,.194,.256,.194,.451,.000,2.6,.333,-0.2,-0.5,0.0,1,-3.2,.211,31
9904,Pedro Villarreal,Reds,6,0.0 %,50.0 %,0.00,.167,.167,.333,.500,.167,0.1,.333, , ,0.0,0,-0.5,.209,24
3817,Joaquin Arias,Giants,59,0.0 %,20.3 %,0.00,.207,.207,.276,.483,.069,4.6,.244,0.0,-0.1,0.2,2,-4.9,.209,30
3433,Allen Craig,Red Sox,88,8.0 %,29.5 %,0.27,.152,.239,.203,.441,.051,1.3,.212,-0.5,0.0,0.0,3,-7.3,.209,20
4403,Erik Kratz,- - -,28,3.6 %,17.9 %,0.20,.192,.214,.269,.484,.077,2.6,.227,0.0,0.2,0.0,1,-2.3,.209,29
10053,Grant Green,Angels,44,4.5 %,31.8 %,0.14,.190,.227,.262,.489,.071,3.7,.259,-0.2,-0.1,-0.4,1,-3.7,.207,29
4424,Jon Niese,Mets,60,8.3 %,30.0 %,0.28,.173,.246,.192,.438,.019,1.7,.265, , ,0.0,2,-5.1,.206,28
12590,Taylor Featherston,Angels,169,4.1 %,27.2 %,0.15,.162,.212,.247,.459,.084,6.6,.215,1.4,0.3,0.0,4,-14.5,.206,27
3137,Max Scherzer,Nationals,77,2.6 %,29.9 %,0.09,.217,.239,.217,.457,.000,1.0,.326, , ,0.0,2,-6.6,.205,22
4063,Anthony Recker,Mets,92,12.0 %,38.0 %,0.31,.125,.239,.213,.452,.088,3.1,.186,0.2,0.2,0.2,2,-8.0,.205,27
11165,Ramon Flores,Yankees,33,0.0 %,12.1 %,0.00,.219,.219,.250,.469,.031,2.2,.250,-0.3,0.2,0.0,1,-2.9,.204,21
7528,Kevin Frandsen,Giants,13,7.7 %,23.1 %,0.33,.182,.250,.182,.432,.000,1.6,.250,0.4,-0.6,0.0,0,-1.1,.204,27
7158,Eric Young,- - -,94,6.4 %,19.1 %,0.33,.153,.217,.247,.464,.094,9.1,.194,1.4,0.3,0.4,2,-8.2,.204,23
8623,Donovan Solano,Marlins,94,1.1 %,19.1 %,0.06,.189,.215,.244,.459,.056,3.4,.236,-0.9,-0.4,0.0,2,-8.2,.204,23
12976,Austin Hedges,Padres,152,5.3 %,25.0 %,0.21,.168,.215,.248,.463,.080,1.7,.202,0.4,0.5,-0.1,4,-13.3,.203,25
2783,Johnny Monell,Mets,52,7.7 %,25.0 %,0.31,.167,.231,.208,.439,.042,2.1,.229,-0.2,-0.9,0.0,1,-4.6,.203,25
13153,Luis Sardinas,Brewers,105,5.7 %,23.8 %,0.24,.196,.240,.216,.457,.021,3.3,.260,0.2,-0.4,0.0,3,-9.3,.203,18
13757,Chris Taylor,Mariners,102,5.9 %,30.4 %,0.19,.170,.220,.223,.443,.053,6.6,.254,-0.1,0.4,-0.2,2,-9.2,.201,23
5273,Sandy Leon,Red Sox,128,5.5 %,21.9 %,0.25,.184,.238,.202,.439,.018,1.9,.244,-0.5,-0.3,-0.4,3,-11.7,.199,13
1556,Wil Nieves,Padres,14,7.1 %,28.6 %,0.25,.077,.143,.308,.451,.231,0.1,.000,0.1,0.1,0.0,0,-1.3,.197,21
225,Mark Buehrle,Blue Jays,9,11.1 %,33.3 %,0.33,.143,.250,.143,.393,.000,0.1,.250, , ,0.0,0,-0.8,.196,15
6249,Trevor Cahill,- - -,8,12.5 %,25.0 %,0.50,.143,.250,.143,.393,.000,0.1,.200, , ,0.0,0,-0.7,.196,17
14457,Adam Conley,Marlins,22,0.0 %,36.4 %,0.00,.222,.222,.222,.444,.000,0.1,.400, , ,0.0,0,-2.1,.196,18
6880,Nick Noonan,Giants,24,8.3 %,33.3 %,0.25,.091,.167,.273,.439,.182,1.6,.077,0.4,-0.1,0.0,0,-2.3,.196,21
5306,Kristopher Negron,Reds,107,8.4 %,21.5 %,0.39,.140,.238,.161,.399,.022,3.8,.186,0.2,-0.1,0.4,2,-10.1,.196,15
10954,Jacob deGrom,Mets,66,4.5 %,24.2 %,0.19,.186,.226,.203,.429,.017,0.9,.256, , ,0.0,1,-6.2,.196,20
13781,Alex Wood,- - -,67,6.0 %,50.7 %,0.12,.164,.220,.200,.420,.036,0.5,.429, , ,0.0,1,-6.4,.194,17
3812,Gregorio Petit,Yankees,47,6.4 %,34.0 %,0.19,.167,.217,.238,.455,.071,2.6,.259,0.4,0.1,0.0,1,-4.5,.193,13
1050,Daniel Dorn,Diamondbacks,32,6.3 %,31.3 %,0.20,.167,.219,.200,.419,.033,0.1,.250,-0.3,-0.1,0.0,1,-3.1,.192,9
2167,Dan Johnson,Cardinals,21,9.5 %,19.0 %,0.50,.158,.238,.158,.396,.000,0.8,.200,0.0,-0.1,0.0,0,-2.0,.191,15
5705,Tim Lincecum,Giants,25,8.0 %,40.0 %,0.20,.143,.217,.190,.408,.048,0.1,.273, , ,0.0,0,-2.4,.191,18
8753,Tanner Roark,Nationals,29,0.0 %,31.0 %,0.00,.185,.185,.259,.444,.074,0.8,.278, , ,0.0,0,-2.8,.191,12
5942,Jesus Sucre,Mariners,142,4.2 %,14.8 %,0.29,.157,.195,.228,.424,.071,1.5,.181,0.4,-0.6,0.0,2,-14.1,.189,15
105,Jason Marquis,Reds,17,0.0 %,23.5 %,0.00,.188,.188,.250,.438,.063,2.6,.250, , ,0.0,0,-1.7,.189,10
6623,Ryan Lollis,Giants,13,7.7 %,7.7 %,1.00,.167,.231,.167,.397,.000,4.6,.182,-0.1,0.1,0.2,0,-1.3,.188,16
10925,Christian Bergman,Rockies,15,6.7 %,26.7 %,0.25,.167,.231,.167,.397,.000,1.6,.250, , ,0.0,0,-1.5,.188,-6
7577,Marc Krauss,- - -,81,3.7 %,38.3 %,0.10,.141,.173,.256,.429,.115,0.1,.200,-1.3,0.3,0.0,1,-8.1,.188,13
10302,Chris Heston,Giants,58,0.0 %,31.0 %,0.00,.196,.196,.235,.431,.039,0.1,.303, , ,0.0,1,-5.8,.187,16
4153,Jake Arrieta,Cubs,83,1.2 %,54.2 %,0.02,.152,.163,.266,.428,.114,3.7,.313, , ,0.0,1,-8.6,.184,8
8380,Reid Brignac,Marlins,17,17.6 %,29.4 %,0.60,.077,.250,.077,.327,.000,2.6,.125,0.1,0.0,0.0,0,-1.8,.184,9
13355,Luke Maile,Rays,35,0.0 %,22.9 %,0.00,.171,.171,.257,.429,.086,1.6,.222,0.1,-0.7,0.0,0,-3.6,.183,10
9571,Craig Gentry,Athletics,56,7.1 %,26.8 %,0.27,.120,.196,.200,.396,.080,7.2,.167,-0.1,0.3,-0.2,0,-5.9,.182,10
14078,Michael Wacha,Cardinals,62,6.5 %,32.3 %,0.20,.154,.214,.173,.387,.019,4.9,.250, , ,0.2,0,-6.5,.182,8
2539,Pete Kozma,Cardinals,111,9.0 %,18.9 %,0.48,.152,.236,.152,.388,.000,5.3,.192,1.7,0.6,0.2,1,-11.8,.180,7
1011,Ryan Vogelsong,Giants,45,2.2 %,28.9 %,0.08,.139,.162,.250,.412,.111,2.0,.182, , ,0.0,0,-4.8,.180,10
13658,Terrance Gore,Royals,4,0.0 %,25.0 %,0.00,.000,.250,.000,.250,.000,2.5,.000,0.0,0.0,0.6,0,-0.4,.180,2
10655,Rob Brantly,White Sox,36,5.6 %,22.2 %,0.25,.121,.167,.242,.409,.121,2.0,.120,0.2,-0.2,0.0,0,-3.9,.179,4
914,Brennan Boesch,Reds,94,4.3 %,31.9 %,0.13,.146,.191,.202,.394,.056,3.0,.207,0.2,0.4,0.2,1,-10.1,.179,3
3201,Francisco Liriano,Pirates,67,0.0 %,41.8 %,0.00,.169,.169,.246,.415,.077,1.4,.278, , ,0.0,0,-7.2,.179,8
6435,Vance Worley,Pirates,18,0.0 %,33.3 %,0.00,.176,.176,.235,.412,.059,1.6,.273, , ,0.0,0,-2.0,.178,7
4054,Emilio Bonifacio,White Sox,82,2.4 %,32.9 %,0.07,.167,.198,.192,.390,.026,3.7,.255,0.3,0.3,-1.4,0,-9.0,.176,2
4026,Hector Santiago,Angels,5,0.0 %,60.0 %,0.00,.200,.200,.200,.400,.000,0.1,.500, , ,0.0,0,-0.5,.176,7
5199,Taylor Teagarden,Cubs,15,0.0 %,26.7 %,0.00,.200,.200,.200,.400,.000,0.1,.273,0.0,-0.3,0.0,0,-1.6,.176,3
9434,Dallas Keuchel,Astros,6,0.0 %,66.7 %,0.00,.200,.200,.200,.400,.000,0.1,1.000, , ,0.0,0,-0.7,.176,5
9761,Joe Kelly,Red Sox,5,0.0 %,40.0 %,0.00,.200,.200,.200,.400,.000,0.1,.333, , ,0.0,0,-0.5,.176,-2
10123,Kyle Gibson,Twins,5,0.0 %,40.0 %,0.00,.200,.200,.200,.400,.000,0.1,.333, , ,0.0,0,-0.5,.176,1
3972,Andy Parrino,Athletics,8,25.0 %,62.5 %,0.40,.000,.250,.000,.250,.000,2.6,.000,0.0,0.1,0.0,0,-0.9,.172,3
13881,Ian Thomas,- - -,4,25.0 %,25.0 %,1.00,.000,.250,.000,.250,.000,2.6,.000, , ,0.0,0,-0.5,.172,5
1066,Willie Bloomquist,Mariners,72,2.8 %,18.1 %,0.15,.159,.194,.174,.368,.014,2.2,.196,0.1,0.0,-0.2,0,-8.3,.169,1
10067,Tomas Telis,- - -,41,2.4 %,9.8 %,0.25,.158,.220,.158,.377,.000,1.3,.176,-0.1,-0.5,0.0,0,-4.8,.168,-3
9323,Patrick Corbin,Diamondbacks,29,10.3 %,37.9 %,0.27,.120,.214,.120,.334,.000,0.6,.214, , ,0.0,0,-3.4,.168,-8
10711,Arismendy Alcantara,Cubs,32,15.6 %,34.4 %,0.45,.077,.226,.077,.303,.000,6.1,.133,0.5,0.2,0.2,0,-3.7,.168,-3
13050,Anthony DeSclafani,Reds,64,4.7 %,51.6 %,0.09,.155,.194,.172,.366,.017,0.1,.346, , ,0.0,0,-7.5,.167,-5
1451,Aaron Harang,Phillies,58,1.7 %,31.0 %,0.06,.167,.184,.188,.371,.021,2.3,.267, , ,0.0,0,-6.8,.165,-4
1757,Dan Haren,- - -,65,7.7 %,24.6 %,0.31,.122,.200,.143,.343,.020,1.8,.176, , ,0.0,0,-7.6,.165,-3
4538,Jason Hammel,Cubs,70,1.4 %,25.7 %,0.06,.169,.179,.185,.364,.015,2.6,.229, , ,0.0,-1,-8.5,.160,-8
14320,Wilmer Difo,Nationals,11,0.0 %,18.2 %,0.00,.182,.182,.182,.364,.000,2.6,.222,0.2,0.1,0.0,0,-1.3,.160,-9
9373,Matt McBride,Rockies,43,0.0 %,9.3 %,0.00,.167,.186,.167,.353,.000,2.6,.184,0.6,0.1,0.0,0,-5.3,.160,-25
5842,Chad Billingsley,Phillies,14,0.0 %,35.7 %,0.00,.077,.077,.308,.385,.231,0.1,.000, , ,0.0,0,-1.7,.159,-8
11682,Carlos Martinez,Cardinals,63,1.6 %,36.5 %,0.04,.143,.172,.179,.351,.036,0.9,.242, , ,0.0,-1,-7.8,.159,-8
12804,Matt Wisler,Braves,36,5.6 %,16.7 %,0.33,.138,.194,.138,.331,.000,0.1,.174, , ,0.0,0,-4.5,.158,-9
6893,Johnny Cueto,- - -,43,2.3 %,23.3 %,0.10,.162,.184,.162,.346,.000,0.4,.222, , ,0.0,-1,-5.4,.157,-12
2520,Lance Lynn,Cardinals,55,0.0 %,47.3 %,0.00,.160,.160,.200,.360,.040,1.9,.333, , ,0.0,-1,-6.9,.156,-10
4972,Cole Hamels,- - -,46,0.0 %,37.0 %,0.00,.167,.167,.190,.357,.024,1.3,.280, , ,0.0,-1,-5.8,.156,-11
8385,Pedro Florimon,Pirates,25,8.0 %,48.0 %,0.17,.087,.160,.174,.334,.087,9.4,.182,0.0,0.2,0.2,0,-3.2,.154,-9
1760,Cody Ross,Athletics,25,12.0 %,24.0 %,0.50,.091,.200,.091,.291,.000,2.6,.125,-0.2,0.2,0.0,0,-3.2,.153,-10
10130,Mike Leake,- - -,73,0.0 %,49.3 %,0.00,.116,.116,.246,.362,.130,1.6,.194, , ,0.0,-1,-9.3,.153,-13
13125,Gerrit Cole,Pirates,71,2.8 %,39.4 %,0.07,.150,.177,.150,.327,.000,2.4,.281, , ,0.0,-1,-9.3,.150,-12
1767,Kevin Correia,Phillies,7,0.0 %,14.3 %,0.00,.167,.167,.167,.333,.000,0.1,.200, , ,0.0,0,-0.9,.147,-16
12768,Sonny Gray,Athletics,6,0.0 %,66.7 %,0.00,.167,.167,.167,.333,.000,0.1,.500, , ,0.0,0,-0.8,.147,-14
1507,John Lackey,Cardinals,70,5.7 %,34.3 %,0.17,.113,.167,.145,.312,.032,0.1,.184, , ,0.0,-1,-9.3,.146,-16
4505,Jordan Zimmermann,Nationals,69,0.0 %,26.1 %,0.00,.159,.159,.175,.333,.016,2.0,.222, , ,0.0,-1,-9.2,.146,-19
2036,Clayton Kershaw,Dodgers,79,2.5 %,29.1 %,0.09,.127,.162,.155,.317,.028,0.7,.188, , ,0.0,-2,-10.6,.146,-13
10131,Stephen Strasburg,Nationals,46,4.3 %,37.0 %,0.12,.132,.175,.132,.307,.000,0.4,.238, , ,0.0,-1,-6.2,.144,-20
14697,Severino Gonzalez,Phillies,12,8.3 %,33.3 %,0.25,.100,.182,.100,.282,.000,2.6,.167, , ,0.0,0,-1.6,.143,-19
9767,James Jones,Mariners,31,6.5 %,41.9 %,0.15,.103,.161,.138,.299,.034,3.6,.188,0.1,0.1,-0.2,-1,-4.2,.142,-18
8223,Brett Anderson,Dodgers,61,8.2 %,52.5 %,0.16,.085,.173,.106,.279,.021,0.2,.267, , ,0.0,-2,-8.4,.141,-16
11836,Taijuan Walker,Mariners,10,0.0 %,50.0 %,0.00,.111,.111,.222,.333,.111,0.1,.250, , ,0.0,0,-1.4,.140,-19
11391,Tyler Holt,- - -,34,8.8 %,32.4 %,0.27,.097,.176,.097,.273,.000,6.1,.150,0.4,0.4,0.2,-1,-4.8,.138,-25
10587,Chad Bettis,Rockies,33,12.1 %,39.4 %,0.31,.069,.182,.069,.251,.000,1.6,.125, , ,0.0,-1,-4.7,.137,-41
3274,Nevin Ashley,Brewers,21,0.0 %,38.1 %,0.00,.100,.143,.150,.293,.050,2.6,.167,0.0,0.1,0.0,-1,-3.0,.136,-28
7059,James Shields,Padres,74,1.4 %,37.8 %,0.04,.132,.145,.162,.307,.029,2.6,.225, , ,0.0,-2,-10.5,.136,-21
375,Bartolo Colon,Mets,64,0.0 %,37.5 %,0.00,.138,.150,.155,.305,.017,1.1,.229, , ,0.0,-2,-9.1,.136,-21
6570,Tom Koehler,Marlins,64,3.1 %,43.8 %,0.07,.120,.154,.140,.294,.020,1.1,.273, , ,0.0,-2,-9.1,.135,-24
9137,Sean O'Sullivan,Phillies,23,4.3 %,43.5 %,0.10,.100,.143,.150,.293,.050,2.6,.200, , ,0.0,-1,-3.3,.134,-25
7448,Gio Gonzalez,Nationals,56,1.8 %,32.1 %,0.06,.093,.152,.116,.268,.023,0.8,.160, , ,0.0,-2,-8.2,.131,-29
512,A.J. Burnett,Pirates,52,0.0 %,38.5 %,0.00,.119,.116,.190,.307,.071,0.1,.182, , ,0.0,-2,-7.6,.130,-26
5057,Yohan Flande,Rockies,22,0.0 %,45.5 %,0.00,.143,.143,.143,.286,.000,1.6,.273, , ,0.0,-1,-3.3,.126,-49
8298,Francisco Pena,Royals,7,0.0 %,42.9 %,0.00,.143,.143,.143,.286,.000,0.1,.250,0.2,-0.1,0.0,0,-1.0,.126,-35
9674,Vidal Nuno,- - -,7,0.0 %,0.0 %,0.00,.143,.143,.143,.286,.000,0.1,.143, , ,0.0,0,-1.0,.126,-18
12144,Max Kepler,Twins,7,0.0 %,42.9 %,0.00,.143,.143,.143,.286,.000,0.1,.250,0.0,0.0,0.0,0,-1.0,.126,-34
12664,Jerad Eickhoff,Phillies,16,0.0 %,43.8 %,0.00,.143,.143,.143,.286,.000,2.6,.286, , ,0.0,-1,-2.4,.126,-31
12918,Archie Bradley,Diamondbacks,14,0.0 %,50.0 %,0.00,.143,.143,.143,.286,.000,2.5,.286, , ,-0.4,-1,-2.1,.126,-37
9884,Travis Wood,Cubs,32,6.3 %,50.0 %,0.13,.100,.156,.100,.256,.000,0.1,.214, , ,0.0,-1,-4.8,.126,-32
11713,Matt Harvey,Mets,66,0.0 %,47.0 %,0.00,.108,.108,.185,.292,.077,0.1,.182, , ,0.0,-3,-9.9,.125,-28
6316,David Phelps,Marlins,40,0.0 %,40.0 %,0.00,.118,.143,.118,.261,.000,0.1,.222, , ,0.0,-2,-6.1,.121,-34
12972,Joe Ross,Nationals,30,0.0 %,36.7 %,0.00,.111,.143,.111,.254,.000,2.6,.188, , ,0.0,-1,-4.6,.120,-36
10622,Zach Walters,Indians,30,0.0 %,50.0 %,0.00,.133,.133,.133,.267,.000,0.1,.267,0.2,0.3,0.0,-1,-4.7,.117,-39
7168,Juan Centeno,Brewers,23,8.7 %,30.4 %,0.29,.048,.130,.095,.226,.048,0.1,.071,0.0,0.1,0.0,-1,-3.7,.114,-43
8137,Jaime Garcia,Cardinals,44,4.5 %,34.1 %,0.13,.098,.140,.098,.237,.000,0.6,.154, , ,0.0,-2,-7.0,.114,-38
10547,Jimmy Nelson,Brewers,59,1.7 %,57.6 %,0.03,.109,.125,.127,.252,.018,0.4,.286, , ,0.0,-3,-9.4,.113,-43
6986,Ian Kennedy,Padres,48,0.0 %,47.9 %,0.00,.095,.095,.167,.262,.071,2.6,.211, , ,0.0,-2,-7.8,.111,-38
2608,Jhoulys Chacin,Diamondbacks,9,0.0 %,44.4 %,0.00,.125,.125,.125,.250,.000,0.1,.250, , ,0.0,0,-1.5,.110,-47
7531,Collin McHugh,Astros,8,0.0 %,50.0 %,0.00,.125,.125,.125,.250,.000,2.6,.250, , ,0.0,0,-1.3,.110,-41
6797,Julio Teheran,Braves,68,2.9 %,13.2 %,0.22,.096,.130,.096,.226,.000,0.1,.116, , ,0.0,-4,-11.2,.107,-44
14916,Jon Gray,Rockies,13,15.4 %,46.2 %,0.33,.000,.154,.000,.154,.000,2.6,.000, , ,0.0,-1,-2.2,.106,-63
11592,Williams Perez,Braves,34,5.9 %,38.2 %,0.15,.071,.133,.071,.205,.000,2.6,.133, , ,0.0,-2,-5.7,.105,-46
6895,Chase Anderson,Diamondbacks,57,1.8 %,40.4 %,0.04,.104,.122,.104,.227,.000,0.1,.200, , ,0.0,-3,-9.5,.104,-52
9111,Brad Hand,Marlins,23,0.0 %,21.7 %,0.00,.118,.118,.118,.235,.000,2.6,.167, , ,0.0,-1,-3.9,.104,-46
10197,Shelby Miller,Braves,71,5.6 %,40.8 %,0.14,.054,.117,.089,.206,.036,0.4,.111, , ,0.0,-4,-12.0,.102,-48
7410,J.A. Happ,- - -,27,3.7 %,48.1 %,0.08,.087,.125,.087,.212,.000,1.6,.200, , ,0.0,-2,-4.6,.102,-46
16149,Aaron Nola,Phillies,26,3.8 %,61.5 %,0.06,.087,.125,.087,.212,.000,0.1,.286, , ,0.0,-1,-4.4,.102,-47
3547,Carlos Frias,Dodgers,24,4.2 %,50.0 %,0.08,.048,.130,.048,.178,.000,2.6,.111, , ,0.0,-1,-4.1,.099,-45
4662,Brandon McCarthy,Dodgers,9,11.1 %,55.6 %,0.20,.000,.143,.000,.143,.000,0.1,.000, , ,0.0,-1,-1.5,.098,-46
10603,Chris Sale,White Sox,9,0.0 %,44.4 %,0.00,.111,.111,.111,.222,.000,2.6,.200, , ,0.0,-1,-1.5,.098,-52
14862,Zack Godley,Diamondbacks,10,0.0 %,60.0 %,0.00,.111,.111,.111,.222,.000,0.1,.333, , ,0.0,-1,-1.7,.098,-56
5386,Andrew Lambo,Pirates,27,7.4 %,29.6 %,0.25,.040,.111,.080,.191,.040,1.6,.059,0.1,0.1,0.0,-2,-4.7,.097,-48
11486,Robbie Ray,Diamondbacks,36,0.0 %,38.9 %,0.00,.097,.097,.129,.226,.032,0.1,.176, , ,0.0,-2,-6.2,.097,-56
2929,Jeff Locke,Pirates,54,3.7 %,33.3 %,0.11,.067,.106,.089,.195,.022,0.8,.111, , ,0.0,-3,-9.5,.093,-51
7515,Jhonatan Solano,Marlins,21,4.8 %,4.8 %,1.00,.050,.095,.100,.195,.050,2.6,.053,0.1,0.1,0.0,-1,-3.7,.093,-53
6341,Luis Jimenez,- - -,17,5.9 %,35.3 %,0.17,.063,.118,.063,.180,.000,2.6,.100,0.2,0.1,0.0,-1,-3.0,.092,-57
16017,Odrisamer Despaigne,Padres,34,2.9 %,32.4 %,0.09,.067,.097,.100,.197,.033,0.1,.105, , ,0.0,-2,-6.0,.091,-52
7738,Wily Peralta,Brewers,37,8.1 %,40.5 %,0.20,.033,.121,.033,.155,.000,1.1,.067, , ,0.0,-2,-6.6,.089,-60
1137,Jerome Williams,Phillies,36,2.8 %,38.9 %,0.07,.065,.094,.097,.191,.032,0.1,.118, , ,0.0,-2,-6.5,.088,-57
7396,Dillon Gee,Mets,12,0.0 %,41.7 %,0.00,.100,.100,.100,.200,.000,0.1,.200, , ,0.0,-1,-2.2,.088,-53
7754,Mike Fiers,- - -,34,0.0 %,35.3 %,0.00,.100,.100,.100,.200,.000,0.1,.167, , ,0.0,-2,-6.1,.088,-61
10533,Rocky Gale,Padres,10,0.0 %,10.0 %,0.00,.100,.100,.100,.200,.000,0.1,.111,-0.1,-0.1,0.0,-1,-1.8,.088,-54
4930,Jon Lester,Cubs,71,4.2 %,42.3 %,0.10,.065,.108,.065,.172,.000,2.6,.125, , ,0.0,-5,-12.9,.086,-59
15764,Masahiro Tanaka,Yankees,8,12.5 %,25.0 %,0.50,.000,.125,.000,.125,.000,0.1,.000, , ,0.0,-1,-1.5,.086,-60
12547,John Hicks,Mariners,34,2.9 %,52.9 %,0.06,.063,.091,.094,.185,.031,4.4,.143,-0.7,0.1,-0.2,-2,-6.2,.086,-56
8782,Andrew Cashner,Padres,61,1.6 %,39.3 %,0.04,.083,.098,.083,.182,.000,1.6,.139, , ,0.0,-4,-11.2,.083,-57
3340,Matt Garza,Brewers,47,2.1 %,44.7 %,0.05,.077,.100,.077,.177,.000,1.8,.167, , ,-0.4,-3,-8.6,.083,-64
3862,Rubby de la Rosa,Diamondbacks,68,0.0 %,36.8 %,0.00,.094,.094,.094,.188,.000,2.6,.154, , ,0.0,-5,-12.5,.083,-66
17130,Raisel Iglesias,Reds,31,0.0 %,41.9 %,0.00,.067,.067,.133,.200,.067,2.6,.118, , ,0.0,-2,-5.7,.082,-63
12580,Adam Morgan,Phillies,27,0.0 %,44.4 %,0.00,.077,.077,.115,.192,.038,2.6,.143, , ,0.0,-2,-5.0,.082,-61
8493,John Lamb,Reds,16,0.0 %,50.0 %,0.00,.063,.063,.125,.188,.063,0.1,.125, , ,0.0,-1,-3.0,.079,-66
9756,David Hale,Rockies,27,0.0 %,33.3 %,0.00,.087,.087,.087,.174,.000,2.6,.143, , ,0.0,-2,-5.1,.077,-83
13046,Tsuyoshi Wada,Cubs,9,11.1 %,55.6 %,0.20,.000,.111,.000,.111,.000,2.6,.000, , ,0.0,-1,-1.7,.076,-65
10811,Mike Foltynewicz,Braves,30,0.0 %,63.3 %,0.00,.071,.069,.107,.176,.036,0.1,.200, , ,0.0,-2,-5.7,.074,-67
10700,Ryan LaMarre,Reds,26,0.0 %,34.6 %,0.00,.080,.080,.080,.160,.000,2.6,.125,-0.3,0.1,0.0,-2,-5.0,.070,-71
4611,Jason Pridie,Athletics,10,10.0 %,40.0 %,0.25,.000,.100,.000,.100,.000,0.1,.000,0.0,0.1,0.0,-1,-2.0,.069,-68
6596,Ryan Jackson,Angels,14,7.1 %,35.7 %,0.20,.000,.100,.000,.100,.000,0.1,.000,-0.3,0.0,0.0,-1,-2.7,.069,-67
9346,Brandon Morrow,Padres,10,10.0 %,80.0 %,0.13,.000,.100,.000,.100,.000,0.1,.000, , ,0.0,-1,-2.0,.069,-67
8011,Eric Stults,Braves,16,0.0 %,43.8 %,0.00,.077,.077,.077,.154,.000,0.1,.167, , ,0.0,-1,-3.1,.068,-71
11589,Jose Urena,Marlins,13,0.0 %,69.2 %,0.00,.077,.077,.077,.154,.000,0.1,.250, , ,0.0,-1,-2.5,.068,-70
13183,Zach Davies,Brewers,14,0.0 %,21.4 %,0.00,.077,.077,.077,.154,.000,2.6,.100, , ,0.0,-1,-2.7,.068,-75
11863,Yadiel Rivera,Brewers,15,0.0 %,26.7 %,0.00,.071,.071,.071,.143,.000,0.1,.100,0.0,0.2,0.0,-1,-3.0,.063,-78
5422,Steve Lombardozzi,Pirates,11,9.1 %,36.4 %,0.25,.000,.091,.000,.091,.000,2.6,.000,-0.5,0.0,0.0,-1,-2.2,.062,-72
12049,Kyle Hendricks,Cubs,64,1.6 %,37.5 %,0.04,.050,.066,.067,.132,.017,2.6,.083, , ,0.0,-6,-12.9,.061,-76
2047,Jorge de la Rosa,Rockies,50,0.0 %,36.0 %,0.00,.063,.063,.063,.125,.000,0.1,.100, , ,0.0,-5,-10.3,.055,-97
10304,Jarred Cosart,Marlins,18,0.0 %,44.4 %,0.00,.059,.059,.059,.118,.000,0.1,.111, , ,0.0,-2,-3.8,.052,-81
4676,Charlie Morton,Pirates,43,2.3 %,41.9 %,0.06,.028,.054,.028,.082,.000,0.1,.056, , ,0.0,-4,-9.3,.042,-86
13453,Eddie Butler,Rockies,24,0.0 %,54.2 %,0.00,.043,.043,.043,.087,.000,0.1,.100, , ,0.0,-3,-5.3,.038,-100
11754,Justin Nicolino,Marlins,27,0.0 %,29.6 %,0.00,.040,.040,.040,.080,.000,0.1,.059, , ,0.0,-3,-6.0,.035,-92
11137,Mike Bolsinger,Dodgers,40,0.0 %,57.5 %,0.00,.026,.026,.053,.079,.026,2.6,.067, , ,0.0,-4,-9.0,.033,-90
404,CC Sabathia,Yankees,3,0.0 %,66.7 %,0.00,.000,.000,.000,.000,.000,0.1,.000, , ,0.0,0,-0.8,.000,-100
583,Jeremy Affeldt,Giants,2,0.0 %,100.0 %,0.00,.000,.000,.000,.000,.000,0.1,.000, , ,0.0,0,-0.5,.000,-100
1245,R.A. Dickey,Blue Jays,4,0.0 %,25.0 %,0.00,.000,.000,.000,.000,.000,0.1,.000, , ,0.0,-1,-1.0,.000,-100
1259,Colby Lewis,Rangers,2,0.0 %,100.0 %,0.00,.000,.000,.000,.000,.000,0.1,.000, , ,0.0,0,-0.5,.000,-100
1698,Gerald Laird,Diamondbacks,2,0.0 %,0.0 %,0.00,.000,.000,.000,.000,.000,0.1,.000,0.0,0.0,0.0,0,-0.5,.000,-100
1890,Matt Moore,Rays,2,0.0 %,0.0 %,0.00,.000,.000,.000,.000,.000,0.1,.000, , ,0.0,0,-0.5,.000,-100
2141,Chris Narveson,Marlins,7,0.0 %,57.1 %,0.00,.000,.000,.000,.000,.000,0.1,.000, , ,0.0,-1,-1.8,.000,-100
2155,Alfredo Simon,Tigers,5,0.0 %,40.0 %,0.00,.000,.000,.000,.000,.000,0.1,.000, , ,0.0,-1,-1.3,.000,-100
2233,Adam Wainwright,Cardinals,10,0.0 %,20.0 %,0.00,.000,.000,.000,.000,.000,0.1,.000, , ,0.0,-1,-2.5,.000,-100
2429,Corey Kluber,Indians,6,0.0 %,50.0 %,0.00,.000,.000,.000,.000,.000,0.1,.000, , ,0.0,-1,-1.5,.000,-100
2487,Edward Easley,Cardinals,7,0.0 %,14.3 %,0.00,.000,.000,.000,.000,.000,0.1,.000,0.0,-0.2,0.0,-1,-1.8,.000,-100
2717,Rick Porcello,Red Sox,2,0.0 %,100.0 %,0.00,.000,.000,.000,.000,.000,0.1,.000, , ,0.0,0,-0.5,.000,-100
2851,Jacob Brigham,Braves,2,0.0 %,50.0 %,0.00,.000,.000,.000,.000,.000,0.1,.000, , ,0.0,0,-0.5,.000,-100
3184,David Price,- - -,9,0.0 %,33.3 %,0.00,.000,.000,.000,.000,.000,0.1,.000, , ,0.0,-1,-2.3,.000,-100
3220,Jean Machi,- - -,3,0.0 %,66.7 %,0.00,.000,.000,.000,.000,.000,0.1,.000, , ,0.0,0,-0.8,.000,-100
3284,Anibal Sanchez,Tigers,4,0.0 %,100.0 %,0.00,.000,.000,.000,.000,.000,0.1,.000, , ,0.0,-1,-1.0,.000,-100
3507,Andre Rienzo,Marlins,2,0.0 %,0.0 %,0.00,.000,.000,.000,.000,.000,0.1,.000, , ,0.0,0,-0.5,.000,-100
3543,Clay Buchholz,Red Sox,6,0.0 %,33.3 %,0.00,.000,.000,.000,.000,.000,0.1,.000, , ,0.0,-1,-1.5,.000,-100
3830,Ricky Nolasco,Twins,3,0.0 %,100.0 %,0.00,.000,.000,.000,.000,.000,0.1,.000, , ,0.0,0,-0.8,.000,-100
3990,Edinson Volquez,Royals,6,0.0 %,66.7 %,0.00,.000,.000,.000,.000,.000,0.1,.000, , ,0.0,-1,-1.5,.000,-100
3993,Allen Webster,Diamondbacks,11,0.0 %,54.5 %,0.00,.000,.000,.000,.000,.000,0.1,.000, , ,0.0,-2,-2.8,.000,-100
4020,Yusmeiro Petit,Giants,10,0.0 %,30.0 %,0.00,.000,.000,.000,.000,.000,0.1,.000, , ,0.0,-1,-2.5,.000,-100
4138,Carlos Villanueva,Cardinals,11,0.0 %,45.5 %,0.00,.000,.000,.000,.000,.000,0.1,.000, , ,0.0,-2,-2.8,.000,-100
4146,Gorkys Hernandez,Pirates,5,0.0 %,0.0 %,0.00,.000,.000,.000,.000,.000,2.5,.000,0.0,0.0,0.2,-1,-1.3,.000,-100
4235,Jered Weaver,Angels,2,0.0 %,50.0 %,0.00,.000,.000,.000,.000,.000,0.1,.000, , ,0.0,0,-0.5,.000,-100
4732,Matt Cain,Giants,20,0.0 %,45.0 %,0.00,.000,.000,.000,.000,.000,0.1,.000, , ,0.0,-3,-5.0,.000,-100
4772,Felix Hernandez,Mariners,3,0.0 %,33.3 %,0.00,.000,.000,.000,.000,.000,0.1,.000, , ,0.0,0,-0.8,.000,-100
4849,Joe Blanton,- - -,4,0.0 %,25.0 %,0.00,.000,.000,.000,.000,.000,0.1,.000, , ,0.0,-1,-1.0,.000,-100
4869,Mike Montgomery,Mariners,3,0.0 %,66.7 %,0.00,.000,.000,.000,.000,.000,0.1,.000, , ,0.0,0,-0.8,.000,-100
5098,Jordany Valdespin,Marlins,4,0.0 %,25.0 %,0.00,.000,.000,.000,.000,.000,0.1,.000,0.0,0.0,0.0,-1,-1.0,.000,-100
5279,Chris Tillman,Orioles,2,0.0 %,100.0 %,0.00,.000,.000,.000,.000,.000,0.1,.000, , ,0.0,0,-0.5,.000,-100
5365,Manny Banuelos,Braves,7,0.0 %,14.3 %,0.00,.000,.000,.000,.000,.000,0.1,.000, , ,0.0,-1,-1.8,.000,-100
5372,Michael Pineda,Yankees,2,0.0 %,50.0 %,0.00,.000,.000,.000,.000,.000,0.1,.000, , ,0.0,0,-0.5,.000,-100
5491,Austin Romine,Yankees,2,0.0 %,0.0 %,0.00,.000,.000,.000,.000,.000,0.1,.000,0.0,0.0,0.0,0,-0.5,.000,-100
5551,Matt Harrison,Rangers,3,0.0 %,33.3 %,0.00,.000,.000,.000,.000,.000,0.1,.000, , ,0.0,0,-0.8,.000,-100
5867,Danny Salazar,Indians,4,0.0 %,100.0 %,0.00,.000,.000,.000,.000,.000,0.1,.000, , ,0.0,-1,-1.0,.000,-100
5985,Randall Delgado,Diamondbacks,2,0.0 %,50.0 %,0.00,.000,.000,.000,.000,.000,0.1,.000, , ,0.0,0,-0.5,.000,-100
6109,Joe Wieland,Dodgers,2,0.0 %,50.0 %,0.00,.000,.000,.000,.000,.000,0.1,.000, , ,0.0,0,-0.5,.000,-100
6176,Scott Baker,Dodgers,4,0.0 %,25.0 %,0.00,.000,.000,.000,.000,.000,0.1,.000, , ,0.0,-1,-1.0,.000,-100
6345,Chris Archer,Rays,5,0.0 %,60.0 %,0.00,.000,.000,.000,.000,.000,0.1,.000, , ,0.0,-1,-1.3,.000,-100
6397,Jake Odorizzi,Rays,4,0.0 %,50.0 %,0.00,.000,.000,.000,.000,.000,0.1,.000, , ,0.0,-1,-1.0,.000,-100
6398,Trevor May,Twins,3,0.0 %,100.0 %,0.00,.000,.000,.000,.000,.000,0.1,.000, , ,0.0,0,-0.8,.000,-100
6902,Martin Perez,Rangers,2,0.0 %,100.0 %,0.00,.000,.000,.000,.000,.000,0.1,.000, , ,0.0,0,-0.5,.000,-100
7450,Phil Hughes,Twins,3,0.0 %,0.0 %,0.00,.000,.000,.000,.000,.000,0.1,.000, , ,0.0,0,-0.8,.000,-100
7593,Jordan Lyles,Rockies,19,0.0 %,57.9 %,0.00,.000,.000,.000,.000,.000,0.1,.000, , ,0.0,-3,-4.8,.000,-100
7608,Tommy Milone,Twins,2,0.0 %,50.0 %,0.00,.000,.000,.000,.000,.000,0.1,.000, , ,0.0,0,-0.5,.000,-100
7942,Christian Friedrich,Rockies,3,0.0 %,0.0 %,0.00,.000,.000,.000,.000,.000,0.1,.000, , ,0.0,0,-0.8,.000,-100
8185,Steven Wright,Red Sox,2,0.0 %,0.0 %,0.00,.000,.000,.000,.000,.000,0.1,.000, , ,0.0,0,-0.5,.000,-100
8362,Homer Bailey,Reds,4,0.0 %,25.0 %,0.00,.000,.000,.000,.000,.000,0.1,.000, , ,0.0,-1,-1.0,.000,-100
8580,Justin Miller,Rockies,3,0.0 %,66.7 %,0.00,.000,.000,.000,.000,.000,0.1,.000, , ,0.0,0,-0.8,.000,-100
8600,Dustin McGowan,Phillies,3,0.0 %,100.0 %,0.00,.000,.000,.000,.000,.000,0.1,.000, , ,0.0,0,-0.8,.000,-100
8779,Wade Miley,Red Sox,2,0.0 %,0.0 %,0.00,.000,.000,.000,.000,.000,0.1,.000, , ,0.0,0,-0.5,.000,-100
8844,Antonio Bastardo,Pirates,2,0.0 %,100.0 %,0.00,.000,.000,.000,.000,.000,0.1,.000, , ,0.0,0,-0.5,.000,-100
8851,Brandon Beachy,Dodgers,2,0.0 %,50.0 %,0.00,.000,.000,.000,.000,.000,0.1,.000, , ,0.0,0,-0.5,.000,-100
8979,Dustin Coleman,Royals,5,0.0 %,60.0 %,0.00,.000,.000,.000,.000,.000,0.1,.000,-0.7,0.0,0.0,-1,-1.3,.000,-100
9029,Adam Warren,Yankees,3,0.0 %,33.3 %,0.00,.000,.000,.000,.000,.000,0.1,.000, , ,0.0,0,-0.8,.000,-100
9132,Nathan Eovaldi,Yankees,5,0.0 %,40.0 %,0.00,.000,.000,.000,.000,.000,0.1,.000, , ,0.0,-1,-1.3,.000,-100
9174,Casey Kelly,Padres,3,0.0 %,0.0 %,0.00,.000,.000,.000,.000,.000,0.1,.000, , ,0.0,0,-0.8,.000,-100
9187,Jordan Danks,Phillies,4,0.0 %,50.0 %,0.00,.000,.000,.000,.000,.000,0.1,.000,0.0,0.0,0.0,-1,-1.0,.000,-100
9253,Keon Broxton,Pirates,2,0.0 %,50.0 %,0.00,.000,.000,.000,.000,.000,0.5,.000,0.0,0.0,-0.2,0,-0.5,.000,-100
9303,Dylan Axelrod,Reds,3,0.0 %,33.3 %,0.00,.000,.000,.000,.000,.000,0.1,.000, , ,0.0,0,-0.8,.000,-100
9486,George Kontos,Giants,3,0.0 %,66.7 %,0.00,.000,.000,.000,.000,.000,0.1,.000, , ,0.0,0,-0.8,.000,-100
9492,Bud Norris,- - -,4,0.0 %,25.0 %,0.00,.000,.000,.000,.000,.000,0.1,.000, , ,0.0,-1,-1.0,.000,-100
9665,Cody Decker,Padres,12,0.0 %,41.7 %,0.00,.000,.000,.000,.000,.000,0.1,.000,0.0,-0.3,0.0,-2,-3.0,.000,-100
9787,Steven Baron,Mariners,11,0.0 %,18.2 %,0.00,.000,.000,.000,.000,.000,0.1,.000,0.0,-0.3,0.0,-2,-2.8,.000,-100
9817,Sergio Romo,Giants,2,0.0 %,50.0 %,0.00,.000,.000,.000,.000,.000,0.1,.000, , ,0.0,0,-0.5,.000,-100
9958,Jeff Bianchi,Red Sox,2,0.0 %,0.0 %,0.00,.000,.000,.000,.000,.000,0.1,.000,0.0,0.0,0.0,0,-0.5,.000,-100
10039,Keyvius Sampson,Reds,17,0.0 %,64.7 %,0.00,.000,.000,.000,.000,.000,0.1,.000, , ,0.0,-2,-4.3,.000,-100
10160,Ryan Weber,Braves,10,0.0 %,80.0 %,0.00,.000,.000,.000,.000,.000,0.1,.000, , ,0.0,-1,-2.5,.000,-100
10240,Ariel Pena,Brewers,7,0.0 %,85.7 %,0.00,.000,.000,.000,.000,.000,0.1,.000, , ,0.0,-1,-1.8,.000,-100
10314,Erasmo Ramirez,Rays,2,0.0 %,100.0 %,0.00,.000,.000,.000,.000,.000,0.1,.000, , ,0.0,0,-0.5,.000,-100
10354,Robbie Erlin,Padres,6,0.0 %,16.7 %,0.00,.000,.000,.000,.000,.000,0.1,.000, , ,0.0,-1,-1.5,.000,-100
10586,Addison Reed,- - -,2,0.0 %,0.0 %,0.00,.000,.000,.000,.000,.000,0.1,.000, , ,0.0,0,-0.5,.000,-100
10637,Adam Liberatore,Dodgers,2,0.0 %,100.0 %,0.00,.000,.000,.000,.000,.000,0.1,.000, , ,0.0,0,-0.5,.000,-100
10688,Tyler Thornburg,Brewers,3,0.0 %,33.3 %,0.00,.000,.000,.000,.000,.000,0.1,.000, , ,0.0,0,-0.8,.000,-100
10756,Shane Greene,Tigers,5,0.0 %,100.0 %,0.00,.000,.000,.000,.000,.000,0.1,.000, , ,0.0,-1,-1.3,.000,-100
10770,Tyler Cravy,Brewers,10,0.0 %,30.0 %,0.00,.000,.000,.000,.000,.000,0.1,.000, , ,0.0,-1,-2.5,.000,-100
11209,Casey Sadler,Pirates,2,0.0 %,0.0 %,0.00,.000,.000,.000,.000,.000,0.1,.000, , ,0.0,0,-0.5,.000,-100
11423,Jose Quintana,White Sox,9,0.0 %,55.6 %,0.00,.000,.000,.000,.000,.000,0.1,.000, , ,0.0,-1,-2.3,.000,-100
11424,Anthony Ranaudo,Rangers,2,0.0 %,100.0 %,0.00,.000,.000,.000,.000,.000,0.1,.000, , ,0.0,0,-0.5,.000,-100
11442,Gary Sanchez,Yankees,2,0.0 %,50.0 %,0.00,.000,.000,.000,.000,.000,0.1,.000,0.0,0.0,0.0,0,-0.5,.000,-100
11467,A.J. Cole,Nationals,2,0.0 %,0.0 %,0.00,.000,.000,.000,.000,.000,0.1,.000, , ,0.0,0,-0.5,.000,-100
11468,Zach Lee,Dodgers,2,0.0 %,0.0 %,0.00,.000,.000,.000,.000,.000,0.1,.000, , ,0.0,0,-0.5,.000,-100
11528,Josh Osich,Giants,3,0.0 %,33.3 %,0.00,.000,.000,.000,.000,.000,0.1,.000, , ,0.0,0,-0.8,.000,-100
11608,Garin Cecchini,Red Sox,4,0.0 %,75.0 %,0.00,.000,.000,.000,.000,.000,0.1,.000,0.0,0.1,0.0,-1,-1.0,.000,-100
11680,Elias Diaz,Pirates,2,0.0 %,50.0 %,0.00,.000,.000,.000,.000,.000,0.1,.000,0.0,0.0,0.0,0,-0.5,.000,-100
11828,James Paxton,Mariners,2,0.0 %,100.0 %,0.00,.000,.000,.000,.000,.000,0.1,.000, , ,0.0,0,-0.5,.000,-100
11855,Yordano Ventura,Royals,6,0.0 %,83.3 %,0.00,.000,.000,.000,.000,.000,0.1,.000, , ,0.0,-1,-1.5,.000,-100
11905,Orlando Calixte,Royals,3,0.0 %,0.0 %,0.00,.000,.000,.000,.000,.000,0.1,.000,0.0,0.0,0.0,0,-0.8,.000,-100
12166,David Goforth,Brewers,4,0.0 %,75.0 %,0.00,.000,.000,.000,.000,.000,0.1,.000, , ,0.0,-1,-1.0,.000,-100
12235,Seth Maness,Cardinals,3,0.0 %,66.7 %,0.00,.000,.000,.000,.000,.000,0.1,.000, , ,0.0,0,-0.8,.000,-100
12272,Aaron Brooks,- - -,2,0.0 %,0.0 %,0.00,.000,.000,.000,.000,.000,0.1,.000, , ,0.0,0,-0.5,.000,-100
12304,Chris Bassitt,Athletics,2,0.0 %,50.0 %,0.00,.000,.000,.000,.000,.000,0.1,.000, , ,0.0,0,-0.5,.000,-100
12555,Tony Cingrani,Reds,2,0.0 %,50.0 %,0.00,.000,.000,.000,.000,.000,0.1,.000, , ,0.0,0,-0.5,.000,-100
12572,Blake Treinen,Nationals,4,0.0 %,25.0 %,0.00,.000,.000,.000,.000,.000,0.1,.000, , ,0.0,-1,-1.0,.000,-100
12691,Tyler Wilson,Orioles,3,0.0 %,0.0 %,0.00,.000,.000,.000,.000,.000,0.1,.000, , ,0.0,0,-0.8,.000,-100
12730,Nick Martinez,Rangers,4,0.0 %,25.0 %,0.00,.000,.000,.000,.000,.000,0.1,.000, , ,0.0,-1,-1.0,.000,-100
12760,Rafael Montero,Mets,2,0.0 %,50.0 %,0.00,.000,.000,.000,.000,.000,0.1,.000, , ,0.0,0,-0.5,.000,-100
12799,Cody Anderson,Indians,3,0.0 %,100.0 %,0.00,.000,.000,.000,.000,.000,0.1,.000, , ,0.0,0,-0.8,.000,-100
12905,Logan Verrett,- - -,8,0.0 %,25.0 %,0.00,.000,.000,.000,.000,.000,0.1,.000, , ,0.0,-1,-2.0,.000,-100
12988,Andrew Chafin,Diamondbacks,3,0.0 %,33.3 %,0.00,.000,.000,.000,.000,.000,0.1,.000, , ,0.0,0,-0.8,.000,-100
13048,Hisashi Iwakuma,Mariners,3,0.0 %,66.7 %,0.00,.000,.000,.000,.000,.000,0.1,.000, , ,0.0,0,-0.8,.000,-100
13143,Henry Owens,Red Sox,2,0.0 %,100.0 %,0.00,.000,.000,.000,.000,.000,0.1,.000, , ,0.0,0,-0.5,.000,-100
13164,Eduardo Rodriguez,Red Sox,3,0.0 %,66.7 %,0.00,.000,.000,.000,.000,.000,0.1,.000, , ,0.0,0,-0.8,.000,-100
13287,Jesse Hahn,Athletics,3,0.0 %,66.7 %,0.00,.000,.000,.000,.000,.000,0.1,.000, , ,0.0,0,-0.8,.000,-100
13796,Tyler Wagner,Brewers,3,0.0 %,66.7 %,0.00,.000,.000,.000,.000,.000,0.1,.000, , ,0.0,0,-0.8,.000,-100
14120,Lance McCullers,Astros,2,0.0 %,50.0 %,0.00,.000,.000,.000,.000,.000,0.1,.000, , ,0.0,0,-0.5,.000,-100
14527,Jorge Lopez,Brewers,3,0.0 %,66.7 %,0.00,.000,.000,.000,.000,.000,0.1,.000, , ,0.0,0,-0.8,.000,-100
15423,Andrew Heaney,Angels,6,0.0 %,50.0 %,0.00,.000,.000,.000,.000,.000,0.1,.000, , ,0.0,-1,-1.5,.000,-100
15890,Luis Severino,Yankees,2,0.0 %,0.0 %,0.00,.000,.000,.000,.000,.000,0.1,.000, , ,0.0,0,-0.5,.000,-100
16137,Carlos Rodon,White Sox,3,0.0 %,33.3 %,0.00,.000,.000,.000,.000,.000,0.1,.000, , ,0.0,0,-0.8,.000,-100
16208,Brandon Finnegan,- - -,6,0.0 %,33.3 %,0.00,.000,.000,.000,.000,.000,0.1,.000, , ,0.0,-1,-1.5,.000,-100
