7608,Tommy Milone,Twins,19,2,2,2,2,0,0,0,0,0,1.000,0,0,0,0,0,0,0,0,1.000
7947,Cory Gearrin,Giants,56,1,1,1,1,0,0,0,0,0,1.000,0,0,0,0,0,0,0,0,1.000
14168,Jose Berrios,Twins,14,1,1,1,1,0,0,0,0,0,1.000,0,0,0,0,0,0,0,0,1.000
15928,Cody Ege,Marlins,5,1,1,1,1,0,0,0,0,0,1.000,0,0,0,0,0,0,0,0,1.000
1514,Oliver Perez,Nationals,64,3,3,2,1,1,0,0,1,0,.667,0,0,0,0,0,0,0,0,.667
12090,Yefri Perez,Marlins,12,3,3,2,1,1,0,0,5,0,.667,0,1,0,0,0,0,4,2,.667
2554,Chris Parmelee,Yankees,6,8,8,4,1,1,0,2,4,4,.500,0,3,0,0,0,0,0,0,.500
4141,Derek Holland,Rangers,22,2,2,1,1,0,0,0,0,0,.500,0,1,0,0,0,0,0,0,.500
7226,Matt Davidson,White Sox,1,2,2,1,1,0,0,0,1,1,.500,0,1,0,0,0,0,0,0,.500
8173,Yovani Gallardo,Orioles,24,4,6,2,2,0,0,0,1,0,.500,0,1,0,0,1,0,0,0,.500
12547,John Hicks,Tigers,1,2,2,1,0,1,0,0,1,0,.500,0,0,0,0,0,0,0,0,.500
12983,Charlie Tilson,White Sox,1,2,2,1,1,0,0,0,0,0,.500,0,0,0,0,0,0,0,0,.500
14361,Ty Blach,Giants,4,4,4,2,2,0,0,0,1,0,.500,0,0,0,0,0,0,0,0,.500
5942,Jesus Sucre,Mariners,9,25,29,12,9,2,0,1,4,5,.480,0,5,2,0,0,1,0,0,.480
15119,Jordan Patterson,Rockies,10,18,19,8,7,1,0,0,1,2,.444,0,1,0,0,0,0,0,1,.444
7996,Jose Martinez,Cardinals,12,16,18,7,6,1,0,0,4,1,.438,0,1,0,0,0,0,0,0,.438
9388,Josh Tomlin,Indians,30,5,6,2,1,1,0,0,1,0,.400,0,2,0,0,1,0,0,0,.400
13723,Jacob Stallings,Pirates,5,15,15,6,5,1,0,0,0,2,.400,0,4,0,0,0,0,1,0,.400
16918,Luke Weaver,Cardinals,9,13,13,5,5,0,0,0,1,0,.385,0,4,0,0,0,0,0,0,.385
15464,Hunter Renfroe,Padres,11,35,36,13,6,3,0,4,8,14,.371,1,5,0,0,0,1,0,0,.371
15149,Trey Mancini,Orioles,5,14,15,5,1,1,0,3,3,5,.357,0,4,1,0,0,0,0,0,.357
9874,DJ LeMahieu,Rockies,146,552,635,192,141,32,8,11,104,66,.348,2,80,3,6,8,19,11,7,.348
4316,Daniel Murphy,Nationals,142,531,582,184,107,47,5,25,88,104,.347,10,57,8,8,0,4,5,3,.347
16252,Trea Turner,Nationals,73,307,324,105,70,14,8,13,53,40,.342,0,59,1,2,0,1,33,6,.342
5417,Jose Altuve,Astros,161,640,717,216,145,42,5,24,108,96,.338,11,70,7,7,3,15,30,10,.338
3299,Chris Hatcher,Dodgers,37,3,3,1,1,0,0,0,0,1,.333,0,0,0,0,0,0,0,0,.333
4026,Hector Santiago,Angels,22,3,3,1,1,0,0,0,0,0,.333,0,1,0,0,0,0,0,0,.333
6902,Martin Perez,Rangers,33,3,4,1,1,0,0,0,0,0,.333,0,1,0,0,1,0,0,0,.333
7620,Justin Ruggiano,- - -,9,24,26,8,5,1,0,2,4,7,.333,0,10,0,0,0,1,0,1,.333
7655,Wilfredo Boscan,Pirates,6,3,3,1,1,0,0,0,0,1,.333,0,1,0,0,0,0,0,0,.333
10925,Christian Bergman,Rockies,15,3,3,1,1,0,0,0,1,0,.333,0,0,0,0,0,0,0,0,.333
11424,Anthony Ranaudo,White Sox,7,3,3,1,0,0,0,1,1,1,.333,0,1,0,0,0,0,0,0,.333
11855,Yordano Ventura,Royals,32,3,3,1,1,0,0,0,0,0,.333,0,2,0,0,0,0,0,0,.333
12495,T.J. Rivera,Mets,33,105,113,35,27,4,1,3,10,16,.333,0,17,1,4,0,2,0,0,.333
13047,Munenori Kawasaki,Cubs,14,21,26,7,5,2,0,0,3,1,.333,0,5,1,0,0,1,2,0,.333
13074,Yu Darvish,Rangers,17,3,3,1,0,0,0,1,1,1,.333,0,1,0,0,0,1,0,0,.333
14120,Lance McCullers,Astros,14,3,3,1,1,0,0,0,1,0,.333,0,0,0,0,0,0,0,0,.333
15580,Dariel Alvarez,Orioles,2,3,4,1,0,1,0,0,0,0,.333,0,0,0,0,0,0,0,0,.333
17005,Gavin Cecchini,Mets,4,6,7,2,0,2,0,0,2,2,.333,0,2,1,0,0,0,0,0,.333
4314,Joey Votto,Reds,158,556,677,181,116,34,2,29,101,97,.326,15,120,5,8,0,16,8,1,.326
13593,Jose Peraza,Reds,72,241,256,78,65,8,2,3,25,25,.324,0,33,5,3,0,3,21,10,.324
7859,Charlie Blackmon,Rockies,143,578,641,187,118,35,5,29,111,82,.324,4,102,13,4,3,2,17,9,.324
14523,Pedro Severino,Nationals,16,28,34,9,5,2,0,2,6,4,.321,0,3,1,0,0,0,0,0,.321
5933,Jean Segura,Diamondbacks,153,637,694,203,135,41,7,20,102,64,.319,1,101,12,2,4,6,33,10,.319
13611,Mookie Betts,Red Sox,158,672,730,214,136,42,5,31,122,113,.318,1,80,2,7,0,12,26,4,.318
8370,Dustin Pedroia,Red Sox,154,633,698,201,149,36,1,15,105,74,.318,0,73,0,3,1,24,7,4,.318
10329,Reymond Fuentes,Royals,13,41,44,13,12,1,0,0,2,5,.317,0,8,0,0,0,0,0,2,.317
1744,Miguel Cabrera,Tigers,158,595,679,188,118,31,1,38,92,108,.316,15,116,4,5,0,26,0,0,.316
13744,David Dahl,Rockies,63,222,237,70,47,12,4,7,42,24,.315,0,59,0,0,0,3,5,0,.315
5223,Cameron Maybin,Tigers,94,349,391,110,87,14,5,4,65,43,.315,0,69,3,1,2,8,15,6,.315
10155,Mike Trout,Angels,159,549,681,173,107,32,5,29,123,100,.315,12,137,11,5,0,5,30,7,.315
745,David Ortiz,Red Sox,151,537,626,169,82,48,1,38,79,127,.315,15,86,2,7,0,22,2,0,.315
13414,Andrew Toles,Dodgers,48,105,115,33,20,9,1,3,19,16,.314,2,25,1,1,0,1,1,1,.314
12957,Steve Selsky,Reds,24,51,54,16,12,2,0,2,9,7,.314,0,22,0,0,1,1,1,0,.314
13369,Erik Gonzalez,Indians,21,16,17,5,5,0,0,0,2,0,.313,0,8,0,0,0,0,0,1,.313
13510,Jose Ramirez,Indians,152,565,618,176,116,46,3,11,84,76,.312,1,62,4,4,1,10,22,7,.312
4177,Hernan Iribarren,Reds,24,45,45,14,11,0,3,0,6,2,.311,0,11,0,0,0,2,1,0,.311
9241,Starling Marte,Pirates,129,489,529,152,104,34,5,9,71,46,.311,5,104,16,0,1,8,47,12,.311
5273,Sandy Leon,Red Sox,78,252,283,78,52,17,2,7,36,35,.310,1,66,2,2,4,4,0,0,.310
13624,Corey Seager,Dodgers,157,627,687,193,122,40,5,26,105,72,.308,5,133,4,2,0,12,3,3,.308
3209,Julio Borbon,Orioles,6,13,15,4,4,0,0,0,1,0,.308,0,3,0,0,2,0,0,1,.308
10067,Tomas Telis,Marlins,10,13,13,4,3,0,0,1,1,4,.308,0,2,0,0,0,0,0,0,.308
7007,Yadier Molina,Cardinals,147,534,581,164,117,38,1,8,56,58,.307,1,63,6,2,0,22,3,2,.307
1433,Wilson Ramos,Nationals,131,482,523,148,101,25,0,22,58,80,.307,2,79,2,4,0,17,0,0,.307
6184,J.D. Martinez,Tigers,120,460,517,141,82,35,2,22,69,68,.307,2,128,3,5,0,13,1,2,.307
9323,Patrick Corbin,Diamondbacks,38,49,53,15,11,3,1,0,7,4,.306,0,14,0,0,3,0,0,1,.306
3410,Ryan Braun,Brewers,135,511,564,156,100,23,3,30,80,91,.305,10,98,4,3,0,20,16,5,.305
3312,Martin Prado,Marlins,153,600,658,183,135,37,3,8,70,75,.305,4,69,4,5,0,24,2,2,.305
15447,Ryon Healy,Athletics,72,269,283,82,49,20,0,13,36,37,.305,1,60,1,0,1,7,0,0,.305
4191,Yunel Escobar,Angels,132,517,567,157,123,28,1,5,68,39,.304,0,67,3,4,3,21,0,3,.304
11739,J.T. Realmuto,Marlins,137,509,545,154,112,31,0,11,60,48,.303,1,100,5,3,0,12,12,4,.303
8709,Elvis Andrus,Rangers,147,506,568,153,107,31,7,8,75,69,.302,2,70,4,7,4,18,24,8,.302
18314,Dansby Swanson,Braves,38,129,145,39,28,7,1,3,20,17,.302,5,34,0,2,1,2,3,0,.302
5361,Freddie Freeman,Braves,158,589,693,178,95,43,6,34,102,91,.302,18,171,10,5,0,12,6,1,.302
8628,Paulo Orlando,Royals,128,457,484,138,105,24,4,5,52,43,.302,1,105,7,3,3,12,14,3,.302
18718,Hyun Soo Kim,Orioles,95,305,346,92,69,16,1,6,36,22,.302,0,51,4,1,0,5,1,3,.302
15223,Adam Frazier,Pirates,66,146,160,44,33,8,1,2,21,11,.301,0,26,1,1,0,0,4,1,.301
12916,Francisco Lindor,Indians,158,604,684,182,134,30,3,15,99,78,.301,3,88,5,15,3,18,19,5,.301
639,Adrian Beltre,Rangers,153,583,640,175,111,31,1,32,89,104,.300,6,66,6,3,0,10,1,1,.300
2608,Jhoulys Chacin,- - -,34,10,10,3,3,0,0,0,1,1,.300,0,1,0,0,0,0,0,0,.300
13862,Devon Travis,Blue Jays,101,410,432,123,83,28,1,11,54,50,.300,0,87,0,1,1,6,4,1,.300
15937,Aledmys Diaz,Cardinals,111,404,460,121,73,28,3,17,71,65,.300,6,60,7,6,2,10,4,4,.300
8841,Ramiro Pena,Giants,30,87,91,26,18,6,1,1,9,10,.299,1,16,2,0,0,0,0,0,.299
11442,Gary Sanchez,Yankees,53,201,229,60,28,12,0,20,34,42,.299,2,57,2,2,0,5,1,0,.299
7287,Carlos Gonzalez,Rockies,150,584,632,174,105,42,2,25,87,100,.298,6,129,1,1,0,10,2,2,.298
3269,Robinson Cano,Mariners,161,655,715,195,121,33,2,39,107,103,.298,8,100,8,5,0,18,0,1,.298
11477,Christian Yelich,Marlins,155,578,659,172,110,38,3,21,78,98,.298,4,138,4,5,0,20,9,4,.298
9218,Paul Goldschmidt,Diamondbacks,158,579,705,172,112,33,3,24,106,95,.297,15,150,7,8,0,14,32,5,.297
11859,Mason Williams,Yankees,12,27,29,8,7,1,0,0,4,2,.296,0,12,0,0,1,0,0,0,.296
4022,Melky Cabrera,White Sox,151,591,646,175,114,42,5,14,70,86,.296,2,69,0,5,3,17,2,0,.296
13359,Tyler Naquin,Indians,116,321,365,95,58,18,5,14,52,43,.296,4,112,4,2,2,4,6,3,.296
589,Carlos Beltran,- - -,151,552,593,163,101,33,0,29,73,93,.295,4,101,2,4,0,19,1,0,.295
17901,Andrew Benintendi,Red Sox,34,105,118,31,17,11,1,2,16,14,.295,0,25,1,1,1,0,1,0,.295
9777,Nolan Arenado,Rockies,160,618,696,182,100,35,6,41,116,133,.294,10,103,2,8,0,17,2,3,.294
12161,Xander Bogaerts,Red Sox,157,652,719,192,136,34,1,21,115,89,.294,0,123,6,3,0,14,13,4,.294
10556,Cesar Hernandez,Phillies,155,547,622,161,130,14,11,6,67,39,.294,4,116,2,2,5,6,17,13,.294
13154,Marco Hernandez,Red Sox,40,51,56,15,13,1,0,1,11,5,.294,0,10,0,0,0,0,1,0,.294
11493,Manny Machado,Orioles,157,640,696,188,110,40,1,37,105,96,.294,9,120,3,5,0,14,0,3,.294
15676,Jose Abreu,White Sox,159,624,695,183,125,32,1,25,67,100,.293,7,125,15,9,0,21,0,2,.293
13005,Kelby Tomlinson,Giants,52,106,120,31,27,4,0,0,13,6,.292,1,18,1,0,1,1,5,1,.292
15429,Kris Bryant,Cubs,155,603,699,176,99,35,3,39,121,102,.292,5,154,18,3,0,3,8,5,.292
7870,Jonathan Lucroy,- - -,142,490,544,143,92,24,3,24,67,81,.292,5,100,3,4,0,16,5,0,.292
4900,Robert Andino,Marlins,13,24,24,7,7,0,0,0,2,1,.292,0,4,0,0,0,0,0,0,.292
3473,Anthony Rizzo,Cubs,155,583,676,170,91,43,4,32,94,109,.292,8,108,16,3,0,13,3,5,.292
4922,Ender Inciarte,Braves,131,522,578,152,118,24,7,3,85,29,.291,5,68,4,2,5,8,16,7,.291
5227,Jon Jay,Padres,90,347,373,101,72,26,1,2,49,26,.291,0,78,6,0,1,5,2,0,.291
791,Brandon Phillips,Reds,141,550,584,160,114,34,1,11,74,64,.291,3,68,8,6,2,17,14,8,.291
1101,Ichiro Suzuki,Marlins,143,327,365,95,74,15,5,1,48,22,.291,1,42,3,2,3,4,10,2,.291
393,Victor Martinez,Tigers,154,553,610,160,111,22,0,27,65,86,.289,8,90,4,3,0,19,0,0,.289
8252,Hunter Pence,Giants,106,395,442,114,77,23,1,13,58,57,.289,1,95,1,3,0,10,1,1,.289
6195,Ian Kinsler,Tigers,153,618,679,178,117,29,4,28,117,83,.288,0,115,13,3,0,5,14,6,.288
9957,Steve Pearce,- - -,85,264,302,76,49,13,1,13,35,35,.288,2,54,3,1,0,5,0,3,.288
9166,Buster Posey,Giants,146,539,614,155,106,33,2,14,82,80,.288,7,68,3,8,0,18,6,1,.288
6848,Eduardo Nunez,- - -,141,553,595,159,115,24,4,16,73,67,.288,3,88,5,6,2,8,40,10,.288
9077,Lorenzo Cain,Royals,103,397,434,114,85,19,1,9,56,56,.287,3,84,2,4,0,15,14,5,.287
2434,Nelson Cruz,Mariners,155,589,667,169,98,27,1,43,96,105,.287,5,159,9,7,0,15,2,0,.287
6364,Danny Valencia,Athletics,130,471,517,135,95,22,1,17,72,51,.287,1,115,3,2,0,11,1,1,.287
11476,Odubel Herrera,Phillies,159,583,656,167,125,21,6,15,87,49,.286,7,134,6,2,2,6,25,7,.286
5352,Yangervis Solarte,Padres,109,405,443,116,74,26,1,15,55,71,.286,1,63,5,3,0,7,1,1,.286
8001,Hanley Ramirez,Red Sox,147,549,620,157,98,28,1,30,81,111,.286,5,120,7,4,0,17,9,3,.286
3201,Francisco Liriano,Pirates,23,42,42,12,10,1,0,1,2,5,.286,0,16,0,0,0,0,0,0,.286
5398,Juan Graterol,Angels,9,14,15,4,2,2,0,0,2,3,.286,0,3,0,0,1,0,0,0,.286
6962,Ryan Kalish,Cubs,7,7,10,2,2,0,0,0,1,2,.286,0,0,1,0,1,0,0,0,.286
7410,J.A. Happ,Blue Jays,32,7,10,2,2,0,0,0,2,0,.286,0,3,0,0,3,0,0,0,.286
7571,Lonnie Chisenhall,Indians,126,385,418,110,72,25,5,8,43,57,.286,2,70,3,4,3,4,6,0,.286
12858,Brian Goodwin,Nationals,22,42,44,12,7,4,1,0,1,5,.286,0,14,0,0,0,1,0,0,.286
14103,Rio Ruiz,Braves,5,7,7,2,1,0,1,0,1,2,.286,0,2,0,0,0,0,1,0,.286
10071,Jonathan Villar,Brewers,156,589,679,168,108,38,3,19,92,63,.285,4,174,2,4,5,7,62,18,.285
1908,Adrian Gonzalez,Dodgers,156,568,633,162,113,31,0,18,69,90,.285,9,117,4,6,0,16,0,2,.285
6885,Ian Desmond,Rangers,156,625,677,178,124,29,3,22,107,86,.285,2,160,5,3,0,11,21,6,.285
11737,Nick Castellanos,Tigers,110,411,447,117,70,25,4,18,54,58,.285,1,111,3,5,0,4,1,1,.285
3411,Drew Butera,Royals,56,123,133,35,20,10,1,4,18,16,.285,0,36,0,0,2,2,0,0,.285
11205,Adam Eaton,White Sox,157,619,706,176,124,29,9,14,91,59,.284,2,115,14,3,7,6,14,5,.284
5038,Josh Donaldson,Blue Jays,155,577,700,164,90,32,5,37,122,99,.284,6,119,9,3,2,16,7,1,.284
7399,Billy Butler,- - -,97,250,274,71,48,18,0,5,27,35,.284,1,42,0,3,0,13,0,0,.284
9284,Chris Herrmann,Diamondbacks,56,148,166,42,27,5,4,6,21,28,.284,1,44,0,1,1,2,4,0,.284
3298,Charlie Culberson,Dodgers,34,67,68,19,15,3,0,1,6,7,.284,0,13,0,0,0,2,1,0,.284
8202,Josh Harrison,Pirates,131,487,522,138,102,25,7,4,57,59,.283,0,76,5,8,4,10,19,4,.283
13075,Nori Aoki,Mariners,118,417,467,118,86,24,4,4,63,28,.283,0,45,9,1,5,9,7,9,.283
11281,Whit Merrifield,Royals,81,311,332,88,61,22,3,2,44,29,.283,1,72,0,1,1,1,8,3,.283
15172,Tim Anderson,White Sox,99,410,431,116,79,22,6,9,57,30,.283,0,117,1,1,6,15,10,2,.283
13866,Bruce Maxwell III,Athletics,33,92,101,26,18,6,1,1,8,14,.283,0,24,0,1,0,2,0,0,.283
7619,Mark Reynolds,Rockies,118,393,441,111,73,24,0,14,61,53,.282,1,112,4,2,0,6,1,2,.282
11615,Brandon Drury,Diamondbacks,134,461,499,130,82,31,1,16,59,53,.282,2,100,3,4,0,14,1,1,.282
10807,Tyler Saladino,White Sox,93,298,319,84,62,14,0,8,33,38,.282,0,62,3,3,2,11,11,5,.282
11609,Willson Contreras,Cubs,76,252,283,71,44,14,1,12,33,35,.282,0,67,4,1,0,7,2,2,.282
13152,Jorge Polanco,Twins,69,245,270,69,46,15,4,4,24,27,.282,0,46,3,3,2,3,4,3,.282
7539,Neil Walker,Mets,113,412,458,116,83,9,1,23,57,55,.282,3,84,1,3,0,11,3,1,.282
3892,Josh Reddick,- - -,115,398,439,112,84,17,1,10,53,37,.281,5,56,0,1,0,8,8,3,.281
10847,Andrelton Simmons,Angels,124,448,483,126,98,22,2,4,48,44,.281,0,38,2,4,1,16,10,1,.281
4962,Asdrubal Cabrera,Mets,141,521,568,146,92,30,1,23,65,62,.280,3,103,7,2,0,14,5,1,.280
5254,Robbie Grossman,Twins,99,332,389,93,62,19,1,11,49,37,.280,0,96,2,0,0,3,2,3,.280
13110,Yoenis Cespedes,Mets,132,479,543,134,77,25,1,31,72,86,.280,8,108,7,6,0,14,3,1,.280
10542,Derek Dietrich,Marlins,128,351,412,98,66,20,5,7,39,42,.279,2,84,24,5,0,6,1,0,.279
10607,Bryce Brentz,Red Sox,25,61,64,17,13,3,0,1,8,7,.279,0,17,0,0,0,1,0,0,.279
9785,Kyle Seager,Mariners,158,597,676,166,97,36,3,30,89,99,.278,10,108,8,2,0,18,3,1,.278
4063,Anthony Recker,Braves,33,90,112,25,15,8,0,2,6,15,.278,1,22,2,1,3,0,1,0,.278
12546,C.J. Cron,Angels,116,407,445,113,70,25,2,16,51,69,.278,1,75,7,5,0,9,2,3,.278
4866,Jarrod Dyson,Royals,107,299,337,83,60,14,8,1,46,25,.278,2,39,3,1,8,4,30,7,.278
10953,Phil Gosselin,Diamondbacks,122,220,240,61,46,12,1,2,26,13,.277,0,46,1,2,2,0,3,0,.277
10030,Chris Owings,Diamondbacks,119,437,466,121,81,24,11,5,52,49,.277,4,87,5,2,2,8,21,2,.277
14109,Albert Almora,Cubs,47,112,117,31,18,9,1,3,14,14,.277,0,20,0,0,0,5,0,0,.277
2918,Angel Pagan,Giants,129,495,543,137,96,24,5,12,71,55,.277,1,66,0,3,0,11,15,4,.277
4062,Dexter Fowler,Cubs,125,456,551,126,81,25,7,13,84,48,.276,0,124,11,4,1,3,13,4,.276
3882,Chris Young,Red Sox,76,203,227,56,29,18,0,9,29,24,.276,0,50,3,0,0,4,4,2,.276
14320,Wilmer Difo,Nationals,31,58,66,16,12,3,0,1,14,7,.276,1,12,0,0,0,0,3,0,.276
6012,Didi Gregorius,Yankees,153,562,597,155,101,32,2,20,68,70,.276,2,82,6,5,5,9,7,1,.276
10951,Greg Garcia,Cardinals,99,214,257,59,45,11,0,3,33,17,.276,4,50,4,1,0,3,1,1,.276
9776,Jason Kipnis,Indians,156,610,688,168,100,41,4,23,91,82,.275,0,146,6,7,5,21,15,3,.275
5235,Justin Turner,Dodgers,151,556,622,153,89,34,3,27,79,90,.275,1,107,10,8,0,16,4,1,.275
11192,Brett Nicholas,Rangers,15,40,45,11,4,5,0,2,5,4,.275,0,9,1,0,0,2,0,0,.275
10264,Brandon Belt,Giants,156,542,655,149,83,41,8,17,77,82,.275,4,148,5,4,0,7,0,4,.275
5343,Brandon Crawford,Giants,155,553,623,152,101,28,11,12,67,84,.275,10,115,4,9,0,13,7,0,.275
12927,Brandon Nimmo,Mets,32,73,80,20,18,1,0,1,12,6,.274,0,20,1,0,0,0,0,0,.274
14162,Carlos Correa,Astros,153,577,660,158,99,36,3,20,76,96,.274,5,139,5,3,0,12,13,3,.274
10473,Cheslor Cuthbert,Royals,128,475,510,130,89,28,1,12,49,46,.274,0,96,0,2,1,14,2,0,.274
13145,Josh Bell,Pirates,45,128,152,35,24,8,0,3,18,19,.273,0,19,0,3,0,4,0,1,.273
9368,Evan Longoria,Rays,160,633,685,173,92,41,4,36,81,98,.273,6,144,3,7,0,13,0,3,.273
13367,Stephen Piscotty,Cardinals,153,582,649,159,99,35,3,22,86,85,.273,0,133,12,2,1,14,7,5,.273
12979,Javier Baez,Cubs,142,421,450,115,81,19,1,14,50,59,.273,3,108,11,2,1,8,12,3,.273
13499,Tom Murphy,Rockies,21,44,49,12,5,2,0,5,8,13,.273,0,19,1,0,0,2,1,0,.273
13777,Adonis Garcia,Braves,134,532,563,145,102,29,0,14,65,65,.273,4,93,6,0,0,18,3,2,.273
5751,Hernan Perez,Brewers,123,404,430,110,76,18,3,13,50,56,.272,0,94,1,4,3,6,34,7,.272
17171,Yasmany Tomas,Diamondbacks,140,530,563,144,82,30,1,31,72,83,.272,4,136,1,1,0,18,2,4,.272
7435,Ben Zobrist,Cubs,147,523,631,142,90,31,3,18,94,76,.272,6,82,4,4,4,17,6,4,.272
12564,Trevor Story,Rockies,97,372,415,101,49,21,4,27,67,72,.272,2,130,5,1,2,5,8,5,.272
12282,Rougned Odor,Rangers,150,605,632,164,94,33,4,33,89,88,.271,0,135,4,4,0,6,14,7,.271
11200,Kole Calhoun,Angels,157,594,672,161,103,35,5,18,91,75,.271,0,118,6,5,0,10,2,3,.271
8090,Matt Carpenter,Cardinals,129,473,566,128,65,36,6,21,81,68,.271,6,108,5,4,3,4,0,4,.271
9134,Tyler Flowers,Braves,83,281,325,76,50,18,0,8,27,41,.270,1,91,11,4,0,3,0,0,.270
4579,Starlin Castro,Yankees,151,577,610,156,105,29,1,21,63,70,.270,1,118,3,5,1,15,4,0,.270
12371,Tommy La Stella,Cubs,74,148,169,40,25,12,1,2,17,11,.270,1,27,2,0,0,2,0,1,.270
10166,Nick Franklin,Rays,60,174,191,47,30,10,1,6,18,26,.270,1,42,3,0,2,1,6,1,.270
9549,David Freese,Pirates,141,437,492,118,82,23,0,13,63,55,.270,2,142,10,0,0,15,0,0,.270
6589,Sean Rodriguez,Pirates,140,300,342,81,46,16,1,18,49,56,.270,2,102,5,3,1,6,2,1,.270
12861,Anthony Rendon,Nationals,156,567,647,153,93,38,2,20,91,85,.270,2,117,7,8,0,5,12,6,.270
950,Marlon Byrd,Indians,34,115,129,31,20,6,0,5,11,19,.270,1,38,0,3,0,1,0,0,.270
3707,Geovany Soto,Angels,26,78,86,21,12,5,0,4,11,9,.269,0,21,0,0,2,1,0,0,.269
3797,J.J. Hardy,Orioles,115,405,438,109,71,29,0,9,43,48,.269,1,68,0,6,1,14,0,0,.269
2430,Darwin Barney,Blue Jays,104,279,306,75,56,13,2,4,35,19,.269,1,48,1,2,2,8,2,2,.269
5930,Nick Markakis,Braves,158,599,684,161,110,38,0,13,67,89,.269,9,101,5,9,0,16,0,2,.269
12155,Eddie Rosario,Twins,92,335,354,90,61,17,2,10,52,32,.269,2,91,2,3,2,4,5,2,.269
13277,Joey Rickard,Orioles,85,257,282,69,51,13,0,5,32,19,.268,0,54,2,2,3,3,4,1,.268
5887,John Jaso,Pirates,132,380,432,102,66,25,3,8,45,42,.268,0,74,5,1,1,8,0,4,.268
9810,Brian Dozier,Twins,155,615,691,165,83,35,5,42,104,99,.268,6,138,8,5,2,12,18,2,.268
1177,Albert Pujols,Angels,152,593,650,159,109,19,0,31,71,119,.268,6,75,2,6,0,24,4,0,.268
5631,Matt Kemp,- - -,156,623,672,167,93,39,0,35,89,108,.268,6,156,1,12,0,17,1,0,.268
8203,Dee Gordon,Marlins,79,325,345,87,73,7,6,1,47,14,.268,1,55,0,1,1,4,30,7,.268
13338,Omar Narvaez,White Sox,34,101,117,27,22,4,0,1,13,10,.267,1,14,0,2,0,0,0,0,.267
8145,Eric Fryer,- - -,60,116,133,31,26,4,1,0,19,13,.267,0,25,0,2,2,1,0,3,.267
5827,Wilmer Flores,Mets,103,307,335,82,52,14,0,16,38,49,.267,0,48,2,3,0,9,1,1,.267
12984,Jackie Bradley Jr.,Red Sox,156,558,636,149,86,30,7,26,94,87,.267,5,143,10,5,0,10,9,2,.267
1736,Jose Reyes,Mets,60,255,279,68,43,13,4,8,45,24,.267,1,49,0,1,0,3,9,2,.267
11265,Jonathan Schoop,Orioles,162,615,647,164,100,38,1,25,82,82,.267,0,137,8,3,0,16,1,2,.267
12434,Kevin Pillar,Blue Jays,146,548,584,146,102,35,2,7,59,53,.266,0,90,6,3,3,12,14,6,.266
2636,Brandon Guyer,- - -,101,293,345,78,51,17,1,9,39,32,.266,1,55,31,1,1,6,3,2,.266
3516,Eric Hosmer,Royals,158,605,667,161,111,24,1,25,80,104,.266,5,132,1,4,0,18,5,3,.266
4251,Stephen Drew,Nationals,70,143,165,38,18,11,1,8,24,21,.266,0,31,2,4,0,3,0,1,.266
8347,Denard Span,Giants,143,572,637,152,113,23,5,11,70,53,.266,2,79,4,2,6,8,12,7,.266
10324,Marcell Ozuna,Marlins,148,557,608,148,96,23,6,23,75,76,.266,2,115,4,4,0,11,0,3,.266
14553,Nomar Mazara,Rangers,145,516,568,137,101,13,3,20,59,64,.266,1,112,6,7,0,12,0,2,.266
4556,James Loney,Mets,100,343,366,91,65,16,1,9,30,34,.265,3,37,5,1,1,11,0,0,.265
10289,Hector Sanchez,- - -,28,49,54,13,9,1,0,3,3,8,.265,0,10,1,0,0,0,0,0,.265
11167,Josh Rutledge,Red Sox,28,49,56,13,7,6,0,0,9,3,.265,0,19,0,0,1,3,2,0,.265
6368,Adam Jones,Orioles,152,619,672,164,116,19,0,29,86,83,.265,2,115,5,8,1,13,2,0,.265
12225,Scott Schebler,Reds,82,257,282,68,45,12,2,9,36,40,.265,2,59,6,0,0,5,2,4,.265
3256,Welington Castillo,Diamondbacks,113,416,457,110,72,24,0,14,41,68,.264,3,121,4,4,0,5,2,0,.264
9744,Justin Bour,Marlins,90,280,321,74,46,12,1,15,35,51,.264,9,56,0,3,0,8,0,0,.264
7185,Logan Forsythe,Rays,127,511,567,135,87,24,4,20,76,52,.264,0,127,8,2,0,8,6,6,.264
6387,Michael Bourn,- - -,113,375,413,99,75,13,6,5,48,38,.264,0,92,0,2,8,3,15,5,.264
8392,Daniel Descalso,Rockies,99,250,289,66,44,12,2,8,38,38,.264,3,56,1,4,0,2,3,0,.264
5275,Francisco Cervelli,Pirates,101,326,393,86,70,14,1,1,42,33,.264,1,72,6,5,0,14,6,2,.264
5486,Abraham Almonte,Indians,67,182,194,48,26,20,1,1,24,22,.264,1,42,1,3,0,5,8,0,.264
2579,Carlos Ruiz,- - -,62,201,233,53,42,8,0,3,21,15,.264,1,33,5,0,0,4,3,1,.264
17678,Alex Bregman,Astros,49,201,217,53,29,13,3,8,31,34,.264,0,52,0,1,0,1,2,0,.264
14225,Yasiel Puig,Dodgers,104,334,368,88,61,14,2,11,45,45,.263,0,74,7,3,0,10,5,2,.263
8610,Kendrys Morales,Royals,154,558,618,147,93,24,0,30,65,93,.263,2,120,7,5,0,20,0,0,.263
4418,Jed Lowrie,Athletics,87,338,369,89,74,12,1,2,30,27,.263,0,65,1,4,0,10,0,0,.263
4727,Jacoby Ellsbury,Yankees,148,551,626,145,107,24,5,9,71,56,.263,1,84,2,3,4,11,20,8,.263
6266,Daniel Robertson,Mariners,9,19,21,5,4,1,0,0,1,1,.263,0,3,0,0,1,2,0,1,.263
13546,Roman Quinn,Phillies,15,57,69,15,11,4,0,0,10,6,.263,0,19,2,0,2,0,5,1,.263
14350,Raimel Tapia,Rockies,22,38,41,10,10,0,0,0,4,3,.263,0,11,0,1,0,0,3,0,.263
14885,Pat Valaika,Rockies,13,19,19,5,3,1,0,1,3,2,.263,0,8,0,0,0,0,0,0,.263
10339,Scooter Gennett,Brewers,136,498,542,131,86,30,1,14,58,56,.263,1,114,2,2,1,11,8,1,.263
2151,Edwin Encarnacion,Blue Jays,160,601,702,158,82,34,0,42,99,127,.263,3,138,5,8,0,22,2,0,.263
6104,Aaron Hill,- - -,125,378,429,99,75,14,0,10,48,38,.262,2,59,3,4,0,6,4,2,.262
9009,Conor Gillaspie,Giants,101,191,205,50,32,8,4,6,24,25,.262,3,28,1,1,0,3,1,2,.262
4153,Jake Arrieta,Cubs,31,65,70,17,12,2,1,2,7,7,.262,0,28,0,0,1,1,0,0,.262
19198,Yulieski Gurriel,Astros,36,130,137,34,24,7,0,3,13,15,.262,0,12,1,1,0,7,1,1,.262
9927,Brett Gardner,Yankees,148,547,634,143,108,22,6,7,80,41,.261,0,106,8,5,4,6,16,4,.261
7168,Juan Centeno,Twins,55,176,192,46,30,12,1,3,16,25,.261,0,38,1,0,3,8,0,0,.261
1857,Joe Mauer,Twins,134,494,576,129,92,22,4,11,68,49,.261,10,93,1,2,0,11,2,0,.261
1737,Justin Morneau,White Sox,58,203,218,53,32,14,1,6,16,25,.261,1,52,1,2,0,5,0,0,.261
10053,Grant Green,Giants,18,46,50,12,9,2,0,1,7,7,.261,0,8,0,1,0,3,0,0,.261
12856,George Springer,Astros,162,644,744,168,105,29,5,29,116,82,.261,2,178,11,1,0,12,9,10,.261
13774,Zach Eflin,Phillies,11,23,23,6,4,2,0,0,2,0,.261,0,8,0,0,0,2,0,0,.261
6310,Alcides Escobar,Royals,162,637,682,166,129,24,6,7,57,55,.261,2,96,3,5,10,16,17,4,.261
13853,Joey Wendle,Athletics,28,96,104,25,23,1,0,1,11,11,.260,0,16,0,2,0,3,2,0,.260
10199,Billy Hamilton,Reds,119,411,460,107,82,19,3,3,69,17,.260,0,93,1,1,11,5,58,8,.260
4969,Luis Valbuena,Astros,90,292,342,76,45,17,1,13,38,40,.260,2,81,1,2,3,5,1,1,.260
7462,Trevor Plouffe,Twins,84,319,344,83,57,13,1,12,35,47,.260,0,60,2,3,1,11,1,0,.260
6740,Johnny Giavotella,Angels,99,346,367,90,63,20,1,6,44,31,.260,0,39,1,3,4,11,4,3,.260
1738,Jhonny Peralta,Cardinals,82,289,313,75,49,17,1,8,37,29,.260,0,56,1,3,0,5,0,0,.260
3376,Nick Hundley,Rockies,83,289,317,75,44,20,1,10,30,48,.260,3,65,1,1,1,12,0,0,.260
11255,Matt Szczur,Cubs,107,185,200,48,33,9,1,5,30,24,.259,2,39,1,0,1,2,2,4,.259
2396,Carlos Santana,Indians,158,582,688,151,83,31,3,34,89,87,.259,0,99,2,5,0,18,5,2,.259
4146,Gorkys Hernandez,Giants,26,54,57,14,7,5,0,2,7,4,.259,0,11,0,0,0,0,0,1,.259
10047,Wil Myers,Padres,157,599,676,155,94,29,4,28,99,94,.259,1,160,4,5,0,12,28,6,.259
13613,Ketel Marte,Mariners,119,437,466,113,89,21,2,1,55,33,.259,0,84,2,6,3,10,11,5,.259
11470,Tony Wolters,Rockies,71,205,230,53,33,15,2,3,27,30,.259,2,53,0,0,4,1,4,1,.259
12409,Ryan Rua,Rangers,99,240,269,62,45,8,1,8,40,22,.258,2,76,6,2,0,8,9,0,.258
13836,Matt Duffy,- - -,91,333,366,86,65,14,2,5,41,28,.258,0,53,4,4,2,13,8,5,.258
11400,Ronald Torreyes,Yankees,72,155,168,40,28,7,4,1,20,12,.258,0,20,1,1,1,4,2,1,.258
12907,Gregory Polanco,Pirates,144,527,587,136,76,34,4,22,79,86,.258,6,119,0,6,1,13,17,6,.258
13176,Blake Swihart,Red Sox,19,62,74,16,13,0,3,0,9,5,.258,0,17,0,1,0,0,0,1,.258
8259,Kurt Suzuki,Twins,106,345,373,89,56,24,1,8,34,49,.258,0,48,5,4,1,9,0,0,.258
10200,Tucker Barnhart,Reds,115,377,420,97,66,23,1,7,34,51,.257,8,72,2,3,2,12,1,0,.257
9063,Alexi Amarista,Padres,65,140,150,36,34,2,0,0,9,11,.257,2,26,0,1,1,5,9,2,.257
10349,Tommy Joseph,Phillies,107,315,347,81,45,15,0,21,47,47,.257,0,75,4,6,0,11,1,1,.257
12649,Alex Dickerson,Padres,84,253,285,65,37,16,2,10,39,37,.257,2,44,4,2,0,5,5,1,.257
9308,Josh Phegley,Athletics,26,78,86,20,13,6,0,1,11,10,.256,0,13,2,1,0,4,0,0,.256
6547,Jordy Mercer,Pirates,149,519,584,133,97,22,3,11,66,59,.256,8,83,5,2,7,11,1,1,.256
6876,Mark Trumbo,Orioles,159,613,667,157,82,27,1,47,94,108,.256,1,170,3,0,0,14,2,0,.256
10348,Domingo Santana,Brewers,77,246,281,63,38,14,0,11,34,32,.256,0,91,2,1,0,7,2,3,.256
9847,Andrew McCutchen,Pirates,153,598,675,153,100,26,3,24,81,79,.256,7,143,5,3,0,15,6,7,.256
11854,Steven Moya,Tigers,31,94,100,24,13,4,2,5,9,11,.255,0,38,0,1,0,0,0,1,.255
9345,Brock Holt,Red Sox,94,290,324,74,51,16,0,7,45,34,.255,0,58,3,3,1,5,4,3,.255
10231,Jose Iglesias,Tigers,137,467,513,119,89,26,0,4,57,32,.255,1,50,8,3,7,12,7,4,.255
12179,Maikel Franco,Phillies,152,581,630,148,99,23,1,25,67,88,.255,7,106,5,4,0,13,1,1,.255
17182,Jung Ho Kang,Pirates,103,318,370,81,41,19,0,21,45,62,.255,1,79,14,2,0,11,3,1,.255
4229,Howie Kendrick,Dodgers,146,487,543,124,88,26,2,8,65,40,.255,2,96,3,3,0,20,10,2,.255
12325,Jace Peterson,Braves,115,350,408,89,65,16,1,7,45,29,.254,2,69,1,3,2,9,5,5,.254
9848,Austin Jackson,White Sox,54,181,203,46,32,12,2,0,24,18,.254,0,39,1,2,2,3,2,1,.254
5497,Marwin Gonzalez,Astros,141,484,518,123,81,26,3,13,55,51,.254,1,118,5,1,6,16,12,6,.254
4792,Jeff Francoeur,- - -,125,307,331,78,55,15,1,7,33,34,.254,2,90,0,3,1,5,2,2,.254
3531,Troy Tulowitzki,Blue Jays,131,492,544,125,80,21,0,24,54,79,.254,1,101,5,4,0,14,1,0,.254
8418,Ehire Adrianza,Giants,40,63,71,16,12,2,0,2,3,7,.254,0,13,2,0,4,0,0,1,.254
2829,Manny Pina,Brewers,33,71,81,18,12,4,0,2,4,12,.254,0,15,0,0,0,2,0,1,.254
18722,Dae-Ho Lee,Mariners,104,292,317,74,51,9,0,14,33,49,.253,2,74,5,0,0,8,0,0,.253
9886,Ivan De Jesus,Reds,104,221,243,56,45,10,0,1,21,20,.253,1,51,2,1,2,6,3,1,.253
2530,Yonder Alonso,Athletics,156,482,532,122,81,34,0,7,52,56,.253,1,74,1,4,0,15,3,1,.253
9981,Michael Saunders,Blue Jays,140,490,558,124,65,32,3,24,70,57,.253,2,157,5,3,1,14,1,2,.253
8553,Gerardo Parra,Rockies,102,368,381,93,56,27,3,7,45,39,.253,1,73,1,2,1,16,6,4,.253
1907,Andres Blanco,Phillies,90,190,209,48,28,15,1,4,26,21,.253,0,41,7,1,0,7,2,3,.253
2616,Zack Cozart,Reds,121,464,508,117,71,28,2,16,67,50,.252,3,84,2,4,1,9,4,1,.252
1679,Chase Utley,Dodgers,138,512,565,129,86,26,3,14,79,52,.252,1,115,11,1,1,0,2,2,.252
5107,Jefry Marte,Angels,88,258,284,65,36,14,0,15,38,44,.252,0,59,5,3,0,8,2,2,.252
11146,Cameron Rupp,Phillies,105,389,419,98,55,26,1,16,36,54,.252,0,114,5,1,0,11,1,0,.252
2136,David Peralta,Diamondbacks,48,171,183,43,25,9,5,4,23,15,.251,1,42,3,1,0,3,2,0,.251
5000,Stephen Vogt,Athletics,137,490,532,123,77,30,2,14,54,56,.251,3,83,4,3,0,6,0,0,.251
2578,Peter Bourjos,Phillies,123,355,383,89,57,20,7,5,40,23,.251,2,91,4,1,6,6,6,4,.251
11003,Evan Gattis,Astros,128,447,499,112,61,19,0,32,58,72,.251,6,127,4,5,0,12,2,1,.251
4720,Chase Headley,Yankees,140,467,529,117,84,18,1,14,58,51,.251,3,118,6,5,0,7,8,2,.251
9892,Jay Bruce,- - -,147,539,589,135,69,27,6,33,74,99,.250,7,126,3,3,0,14,4,2,.250
2429,Corey Kluber,Indians,32,4,6,1,0,1,0,0,1,0,.250,0,3,0,0,2,0,0,0,.250
4505,Jordan Zimmermann,Tigers,19,4,5,1,1,0,0,0,0,0,.250,0,2,0,0,1,0,0,0,.250
6397,Jake Odorizzi,Rays,33,4,4,1,1,0,0,0,0,1,.250,0,1,0,0,0,0,0,0,.250
10770,Tyler Cravy,Brewers,20,4,5,1,0,0,0,1,1,1,.250,0,1,0,0,1,0,0,0,.250
11530,Jose Fernandez,Marlins,30,52,61,13,11,2,0,0,3,6,.250,0,13,0,0,8,1,0,0,.250
13271,Richie Shaffer,Rays,20,48,54,12,5,6,0,1,5,4,.250,0,18,0,1,0,0,0,1,.250
13770,Rob Refsnyder,Yankees,58,152,175,38,29,9,0,0,25,12,.250,2,30,1,3,0,5,2,1,.250
13781,Alex Wood,Dodgers,15,16,19,4,4,0,0,0,2,2,.250,0,9,0,0,2,0,0,0,.250
15291,Steven Brault,Pirates,8,8,9,2,2,0,0,0,1,0,.250,0,0,0,0,1,0,0,0,.250
15474,Lucas Giolito,Nationals,6,4,6,1,1,0,0,0,1,0,.250,0,1,0,0,2,0,0,0,.250
17016,Rusney Castillo,Red Sox,9,8,8,2,1,1,0,0,4,0,.250,0,3,0,0,0,0,0,0,.250
18721,Guillermo Heredia,Mariners,45,92,107,23,19,3,0,1,12,12,.250,0,15,2,0,1,1,1,1,.250
2495,Pedro Alvarez,Orioles,109,337,376,84,42,20,0,22,43,49,.249,1,97,0,2,0,6,1,0,.249
9393,Matt Adams,Cardinals,118,297,327,74,40,18,0,16,37,54,.249,1,81,2,3,0,5,0,1,.249
3708,Rajai Davis,Indians,134,454,495,113,76,23,2,12,74,48,.249,0,106,5,2,1,9,43,6,.249
7331,Seth Smith,Mariners,137,378,438,94,63,15,0,16,62,63,.249,1,89,8,4,0,11,0,0,.249
13329,Jake Lamb,Diamondbacks,151,523,594,130,61,31,9,29,81,91,.249,5,154,3,4,0,13,6,1,.249
9048,Ezequiel Carrera,Blue Jays,110,270,310,67,51,9,1,6,47,23,.248,0,70,4,2,7,8,7,4,.248
5247,Brett Lawrie,White Sox,94,351,384,87,53,22,0,12,35,36,.248,2,109,2,1,0,3,7,3,.248
12552,Eugenio Suarez,Reds,159,565,627,140,92,25,2,21,78,70,.248,0,155,8,3,0,10,11,5,.248
7949,Tim Beckham,Rays,64,198,215,49,27,12,5,5,25,16,.247,0,67,1,0,2,3,2,1,.247
7802,Miguel Rojas,Marlins,123,194,214,48,35,12,0,1,27,14,.247,2,27,1,2,6,10,2,1,.247
11846,Leonys Martin,Mariners,143,518,576,128,93,17,3,15,72,47,.247,0,149,3,7,4,10,24,6,.247
7304,Salvador Perez,Royals,139,514,546,127,75,28,2,22,57,64,.247,3,119,8,2,0,12,0,0,.247
7739,Travis d'Arnaud,Mets,75,251,276,62,51,7,0,4,27,15,.247,1,50,3,1,2,7,0,0,.247
9112,Khris Davis,Athletics,150,555,610,137,69,24,2,42,85,102,.247,0,166,8,5,0,19,1,2,.247
2234,Kelly Johnson,- - -,131,304,333,75,51,14,0,10,25,34,.247,2,65,2,2,0,6,4,0,.247
5667,Steven Souza Jr.,Rays,120,430,468,106,71,17,1,17,58,49,.247,0,159,5,2,0,5,7,6,.247
11899,Joc Pederson,Dodgers,137,406,476,100,49,26,0,25,64,68,.246,4,130,4,2,1,5,6,2,.246
4538,Jason Hammel,Cubs,35,65,69,16,13,3,0,0,6,7,.246,0,24,0,0,3,0,0,0,.246
1873,Matt Holliday,Cardinals,110,382,426,94,53,20,1,20,48,62,.246,1,71,8,1,0,9,0,0,.246
3255,Franklin Gutierrez,Mariners,98,248,283,61,38,9,0,14,33,39,.246,0,85,3,3,0,6,1,0,.246
11038,Kevin Kiermaier,Rays,105,366,414,90,56,20,2,12,55,37,.246,1,74,7,1,0,5,21,3,.246
5222,Justin Upton,Tigers,153,570,626,140,79,28,2,31,81,87,.246,3,179,4,2,0,15,9,4,.246
10327,Ramon Cabrera,Reds,61,171,185,42,29,10,0,3,11,23,.246,1,30,1,3,2,5,1,1,.246
3812,Gregorio Petit,Angels,89,204,223,50,34,13,1,2,21,17,.245,1,51,1,1,2,7,1,1,.245
10762,Corey Dickerson,Rays,148,510,548,125,62,36,3,24,57,70,.245,6,134,2,2,0,12,0,2,.245
13768,Travis Jankowski,Padres,131,335,383,82,65,13,2,2,53,12,.245,0,100,2,0,3,5,30,12,.245
6652,Chase d'Arnaud,Braves,84,233,262,57,40,14,2,1,24,21,.245,1,50,3,3,0,5,9,3,.245
5760,Avisail Garcia,White Sox,120,413,453,101,69,18,2,12,59,51,.245,0,115,4,2,0,9,4,4,.245
13153,Luis Sardinas,- - -,66,180,197,44,33,6,1,4,25,18,.244,3,48,1,0,4,3,4,2,.244
9256,A.J. Pollock,Diamondbacks,12,41,46,10,8,0,0,2,9,4,.244,0,8,0,0,0,1,4,0,.244
12972,Joe Ross,Nationals,23,41,44,10,8,2,0,0,2,1,.244,0,15,0,0,0,1,0,0,.244
1327,Jayson Werth,Nationals,143,525,606,128,79,28,0,21,84,69,.244,0,139,4,6,0,17,5,1,.244
4298,Matt Wieters,Orioles,124,423,464,103,68,17,1,17,48,66,.243,1,85,5,3,1,10,1,0,.243
4082,Erick Aybar,- - -,126,415,459,101,77,19,2,3,34,34,.243,6,70,6,4,3,15,3,5,.243
14712,Manuel Margot,Padres,10,37,37,9,4,4,1,0,4,3,.243,0,7,0,0,0,0,2,0,.243
11579,Bryce Harper,Nationals,147,506,627,123,73,24,2,24,84,86,.243,20,117,3,10,0,11,21,10,.243
12775,Brad Miller,Rays,152,548,601,133,68,29,6,30,73,81,.243,0,149,3,3,0,5,6,4,.243
10816,Jedd Gyorko,Cardinals,128,400,438,97,57,9,1,30,58,59,.243,1,96,0,1,0,11,0,0,.243
3353,Matt Joyce,Pirates,140,231,293,56,32,10,1,13,45,42,.242,4,67,3,0,0,9,1,1,.242
4810,Brian McCann,Yankees,130,429,492,104,71,13,0,20,56,58,.242,2,99,7,2,0,15,1,0,.242
5491,Austin Romine,Yankees,62,165,176,40,25,11,0,4,17,26,.242,1,31,0,3,1,7,1,0,.242
11982,Travis Shaw,Red Sox,145,480,530,116,64,34,2,16,63,71,.242,4,133,3,4,0,10,5,1,.242
3174,Shin-Soo Choo,Rangers,48,178,210,43,29,7,0,7,27,17,.242,1,46,7,0,0,1,6,3,.242
9253,Keon Broxton,Brewers,75,207,244,50,30,10,1,9,28,19,.242,0,88,0,0,1,2,23,4,.242
6609,Freddy Galvis,Phillies,158,584,624,141,92,26,3,20,61,67,.241,6,136,3,4,8,16,17,6,.241
7740,Ty Kelly,Mets,39,58,71,14,11,1,1,1,9,7,.241,0,9,0,2,0,2,0,0,.241
11850,Tyler Austin,Yankees,31,83,90,20,12,3,0,5,7,12,.241,0,36,0,0,0,1,1,0,.241
10950,Adam Duvall,Reds,150,552,608,133,63,31,6,33,85,103,.241,1,164,6,8,0,7,6,5,.241
5133,Alexei Ramirez,- - -,145,478,506,115,85,22,2,6,38,48,.241,3,63,4,2,1,8,8,9,.241
4892,Mike Moustakas,Royals,27,104,113,25,12,6,0,7,12,13,.240,0,13,0,0,0,5,0,1,.240
10322,Danny Santana,Twins,75,233,248,56,42,10,2,2,29,14,.240,0,55,1,1,1,1,12,9,.240
9887,Destin Hood,Marlins,13,25,25,6,4,1,0,1,3,2,.240,0,11,0,0,0,0,0,1,.240
10243,Randal Grichuk,Cardinals,132,446,478,107,51,29,3,24,66,68,.240,0,141,3,1,0,9,5,4,.240
4949,Giancarlo Stanton,Marlins,119,413,470,99,51,20,1,27,56,74,.240,5,140,4,2,0,6,0,0,.240
12532,Kolten Wong,Cardinals,121,313,361,75,56,7,7,5,39,23,.240,2,52,9,5,0,3,7,0,.240
5384,Juan Lagares,Mets,79,142,160,34,22,7,2,3,15,9,.239,1,27,2,1,4,4,4,2,.239
8027,Adam Lind,Mariners,126,401,430,96,59,17,0,20,48,58,.239,3,89,1,2,0,14,0,1,.239
11936,Joe Panik,Giants,127,464,526,111,73,21,7,10,67,62,.239,5,47,4,5,3,14,5,0,.239
9856,Brandon Snyder,Braves,37,46,47,11,1,5,1,4,8,9,.239,0,16,0,0,0,1,0,0,.239
10815,Jurickson Profar,Rangers,90,272,307,65,51,6,3,5,35,20,.239,0,61,3,0,2,7,2,1,.239
1849,Rickie Weeks Jr.,Diamondbacks,108,180,205,43,24,9,1,9,29,27,.239,0,54,4,1,0,8,5,0,.239
1609,Omar Infante,Royals,39,134,149,32,22,9,1,0,16,11,.239,0,23,0,4,2,0,0,0,.239
7215,David Lough,Phillies,30,67,79,16,12,3,1,0,6,4,.239,1,8,2,1,0,0,1,2,.239
3057,Mike Napoli,Indians,150,557,645,133,76,22,1,34,92,101,.239,2,194,5,5,0,15,5,1,.239
3448,Jeff Mathis,Marlins,41,126,132,30,23,4,1,2,12,15,.238,0,36,1,0,1,1,0,0,.238
7937,Logan Schafer,Twins,26,63,74,15,11,3,1,0,8,1,.238,0,16,2,0,1,0,0,0,.238
13608,Mallex Smith,Braves,72,189,215,45,31,7,4,3,28,22,.238,0,48,2,1,3,3,16,8,.238
14106,Addison Russell,Cubs,151,525,598,125,76,25,3,21,67,95,.238,6,135,12,6,0,11,5,1,.238
9205,Logan Morrison,Rays,107,353,398,84,51,18,1,14,45,43,.238,1,89,6,2,0,4,4,2,.238
5408,Jake Smolinski,Athletics,99,290,319,69,54,6,2,7,28,27,.238,0,44,7,2,1,11,1,2,.238
14221,Jorge Soler,Cubs,86,227,264,54,33,9,0,12,37,31,.238,0,66,3,3,0,5,0,0,.238
5015,Melvin Upton Jr.,- - -,149,492,539,117,79,15,3,20,64,61,.238,1,155,2,6,1,6,27,8,.238
12533,Marcus Semien,Athletics,159,568,621,135,79,27,2,27,72,75,.238,1,139,0,1,1,12,10,2,.238
7358,Michael Martinez,- - -,63,101,106,24,19,4,0,1,16,4,.238,0,23,0,0,1,1,0,2,.238
11682,Carlos Martinez,Cardinals,33,59,65,14,13,1,0,0,5,6,.237,0,13,1,1,4,1,0,0,.237
13895,Trevor Brown,Giants,75,173,184,41,29,7,0,5,17,19,.237,0,39,1,0,0,2,0,1,.237
6564,Bobby Wilson,- - -,75,228,251,54,41,6,0,7,25,33,.237,0,64,1,4,7,6,0,0,.237
4747,Curtis Granderson,Mets,150,545,633,129,70,24,5,30,88,59,.237,7,130,9,5,0,10,4,2,.237
4016,Jerry Sands,White Sox,24,55,58,13,12,0,0,1,2,7,.236,0,24,0,0,0,3,0,0,.236
10459,Adeiny Hechavarria,Marlins,155,508,547,120,94,17,6,3,52,38,.236,7,73,1,3,2,10,1,0,.236
11624,Jarrett Parker,Giants,63,127,151,30,21,3,1,5,22,14,.236,1,44,5,0,0,3,0,1,.236
6153,Eduardo Escobar,Twins,105,352,377,83,61,14,2,6,32,37,.236,1,72,1,1,2,7,1,3,.236
12164,Miguel Sano,Twins,116,437,495,103,55,22,1,25,57,66,.236,1,178,1,3,0,8,1,0,.236
1159,Andrew Romine,Tigers,109,174,194,41,32,5,2,2,21,16,.236,0,38,4,0,3,5,8,0,.236
5888,Cole Gillespie,Marlins,41,51,55,12,7,3,2,0,7,5,.235,0,14,0,1,0,1,0,0,.235
9433,Dustin Garneau,Rockies,24,68,75,16,9,6,0,1,7,6,.235,0,22,0,1,0,1,0,0,.235
11746,Stefen Romero,Mariners,9,17,19,4,3,1,0,0,1,3,.235,0,4,0,1,0,0,0,0,.235
12723,Tyler Collins,Tigers,56,136,151,32,23,2,3,4,14,15,.235,0,38,1,1,0,1,1,1,.235
13132,Andrew Susac,Brewers,9,17,19,4,2,1,0,1,3,2,.235,0,5,0,0,0,0,0,0,.235
15191,Chad Pinder,Athletics,22,51,55,12,7,4,0,1,4,4,.235,0,14,0,1,0,1,0,0,.235
9399,Jeremy Hazelbaker,Cardinals,114,200,224,47,25,7,3,12,35,28,.235,2,64,0,2,4,1,5,2,.235
12144,Max Kepler,Twins,113,396,447,93,54,20,2,17,52,63,.235,3,93,3,5,1,2,6,2,.235
12701,Billy Burns,- - -,97,311,332,73,58,11,4,0,39,13,.235,2,37,6,2,3,3,17,5,.235
11391,Tyler Holt,Reds,106,179,208,42,34,5,3,0,21,13,.235,0,48,2,1,3,6,4,3,.235
12508,Jett Bandy,Angels,70,209,231,49,32,9,0,8,23,25,.234,0,38,4,4,3,5,1,0,.234
1887,Jose Bautista,Blue Jays,116,423,517,99,52,24,1,22,68,69,.234,1,103,3,4,0,21,2,2,.234
6908,Clint Robinson,Nationals,104,197,225,46,37,4,0,5,16,26,.234,0,39,2,5,1,4,0,0,.234
11446,Rob Segedin,Dodgers,40,73,83,17,12,2,1,2,9,12,.233,0,22,2,2,0,1,0,0,.233
3086,Mitch Moreland,Rangers,147,460,503,107,64,21,0,22,49,60,.233,5,118,8,0,0,8,1,0,.233
10323,Rafael Ortega,Angels,66,185,202,43,34,8,0,1,24,16,.232,0,23,0,0,3,5,8,3,.232
4243,Jose Lobaton,Nationals,39,99,114,23,16,3,1,3,10,8,.232,1,18,1,1,1,4,0,0,.232
11145,Christian Colon,Royals,54,147,161,34,27,6,0,1,13,13,.231,0,31,2,0,1,4,0,1,.231
4881,Carlos Gomez,- - -,118,411,453,95,59,22,1,13,45,53,.231,2,136,5,0,3,11,18,5,.231
1572,Coco Crisp,- - -,122,446,498,103,59,27,4,13,54,55,.231,2,78,0,2,4,7,10,5,.231
4106,Michael Brantley,Indians,11,39,43,9,7,2,0,0,5,7,.231,1,6,0,1,0,1,1,0,.231
4616,Russell Martin,Blue Jays,137,455,535,105,69,16,0,20,62,74,.231,1,148,10,5,1,12,2,1,.231
11287,Bryan Holaday,- - -,44,117,129,27,17,7,1,2,17,14,.231,0,28,2,2,1,1,0,1,.231
11489,Michael Taylor,Nationals,76,221,237,51,33,11,0,7,28,16,.231,0,77,1,1,0,2,14,3,.231
12101,Kennys Vargas,Twins,47,152,177,35,14,11,0,10,27,20,.230,1,57,0,1,0,2,0,0,.230
4940,Jason Heyward,Cubs,142,530,592,122,87,27,1,7,61,49,.230,0,93,5,2,1,12,11,4,.230
13066,Teoscar Hernandez,Astros,41,100,112,23,12,7,0,4,15,11,.230,1,28,0,1,0,5,0,2,.230
14274,Mitch Haniger,Diamondbacks,34,109,123,25,17,2,1,5,9,17,.229,2,27,1,1,0,3,0,0,.229
5913,Leury Garcia,White Sox,18,48,50,11,8,1,1,1,6,5,.229,0,13,1,0,0,0,2,1,.229
12294,Cory Spangenberg,Padres,14,48,53,11,8,1,1,1,6,8,.229,0,13,1,0,0,0,1,0,.229
9682,Adam Rosales,Padres,105,214,248,49,21,12,3,13,37,35,.229,2,88,1,4,0,2,4,0,.229
1551,David Ross,Cubs,67,166,205,38,22,6,0,10,24,32,.229,6,54,0,5,4,3,0,1,.229
2502,Lucas Duda,Mets,47,153,172,35,21,7,0,7,20,23,.229,2,36,2,2,0,1,0,0,.229
5702,Junior Guerra,Brewers,20,35,43,8,6,2,0,0,2,0,.229,0,13,0,0,8,0,0,0,.229
9629,Shawn O'Malley,Mariners,89,210,232,48,35,9,2,2,24,17,.229,0,59,3,0,1,4,6,2,.229
6086,Casey McGehee,Tigers,30,92,96,21,20,1,0,0,4,1,.228,0,14,1,0,0,5,0,0,.228
11368,Yasmani Grandal,Dodgers,126,390,457,89,47,14,1,27,49,72,.228,1,116,2,1,0,11,1,3,.228
10028,Christian Bethancourt,Padres,73,193,204,44,29,9,0,6,20,25,.228,0,56,0,1,0,9,1,2,.228
4626,James Beresford,Twins,10,22,24,5,4,1,0,0,0,0,.227,0,6,0,0,1,0,0,0,.227
8623,Donovan Solano,Yankees,9,22,23,5,2,2,0,1,5,2,.227,0,3,0,0,0,0,0,0,.227
11241,Mike Freeman,- - -,21,22,24,5,4,1,0,0,1,1,.227,0,7,0,0,0,2,0,0,.227
11402,Kyle Waldrop,Reds,15,22,23,5,4,1,0,0,1,1,.227,0,5,0,0,0,0,0,1,.227
13355,Luke Maile,Rays,42,119,126,27,17,7,0,3,10,15,.227,1,36,0,0,3,2,0,0,.227
9774,Christian Vazquez,Red Sox,57,172,184,39,28,9,1,1,21,12,.227,1,39,2,0,0,3,0,0,.227
2967,Tommy Pham,Cardinals,78,159,183,36,20,7,0,9,26,17,.226,1,71,3,0,1,3,2,2,.226
3787,David Wright,Mets,37,137,164,31,16,8,0,7,18,14,.226,0,55,0,0,0,0,3,2,.226
2233,Adam Wainwright,Cardinals,34,62,69,14,3,8,1,2,6,18,.226,0,17,0,0,5,1,0,0,.226
12926,Alen Hanson,Pirates,27,31,33,7,6,1,0,0,5,1,.226,1,5,0,0,0,0,2,1,.226
4365,Scott Van Slyke,Dodgers,52,102,113,23,16,6,0,1,10,7,.225,1,24,5,1,0,3,1,2,.225
785,Todd Frazier,White Sox,158,590,666,133,72,21,0,40,89,98,.225,1,163,4,7,1,11,15,5,.225
4467,Brandon Moss,Cardinals,128,413,464,93,44,19,2,28,66,67,.225,3,141,7,5,0,8,1,0,.225
9328,Drew Stubbs,- - -,59,80,94,18,15,0,0,3,13,7,.225,0,38,1,1,0,1,9,1,.225
14161,Byron Buxton,Twins,92,298,331,67,32,19,6,10,44,38,.225,0,118,3,3,4,2,10,2,.225
13788,Matt Reynolds,Mets,47,89,96,20,9,8,0,3,11,13,.225,0,34,1,0,2,2,0,1,.225
9952,Trayce Thompson,Dodgers,80,236,262,53,29,11,0,13,31,32,.225,0,66,0,0,0,3,5,1,.225
3142,Robinson Chirinos,Rangers,57,147,170,33,13,11,0,9,21,20,.224,0,44,5,2,1,4,0,1,.224
3123,Gregor Blanco,Giants,106,241,274,54,39,10,4,1,28,18,.224,4,51,1,1,1,5,6,3,.224
14158,Mac Williamson,Giants,54,112,127,25,16,3,0,6,14,15,.223,0,35,2,0,0,4,0,1,.223
5450,Daniel Nava,- - -,54,130,148,29,22,6,0,1,11,13,.223,0,30,5,3,0,2,0,0,.223
1191,Chris Johnson,Marlins,113,243,264,54,38,11,0,5,20,24,.222,2,78,1,0,1,13,0,0,.222
9492,Bud Norris,- - -,35,27,38,6,5,0,1,0,2,1,.222,0,7,1,0,7,0,0,0,.222
9911,Chris Carter,Brewers,160,549,644,122,53,27,1,41,84,94,.222,1,206,9,10,0,18,3,1,.222
3441,Nolan Reimold,Orioles,104,203,227,45,29,9,1,6,25,15,.222,0,62,1,1,0,8,1,2,.222
3648,Rene Rivera,Mets,65,185,207,41,31,4,0,6,12,26,.222,3,54,3,2,1,4,0,0,.222
5481,Jimmy Paredes,- - -,83,158,167,35,22,8,0,5,15,19,.222,0,48,0,1,1,0,0,1,.222
971,Jimmy Rollins,White Sox,41,149,166,33,22,8,1,2,25,8,.221,0,33,0,1,0,2,5,2,.221
12859,James McCann,Tigers,105,344,373,76,54,9,1,12,31,48,.221,0,109,2,3,1,12,0,1,.221
9272,Chris Davis,Orioles,157,566,665,125,66,21,0,38,99,84,.221,3,219,8,3,0,6,1,0,.221
9542,Steve Clevenger,Mariners,22,68,76,15,11,3,0,1,7,7,.221,0,14,0,0,0,3,0,0,.221
16376,Michael Conforto,Mets,109,304,348,67,33,21,1,12,38,42,.220,2,89,5,3,0,6,2,1,.220
5209,Alex Gordon,Royals,128,445,506,98,63,16,2,17,62,40,.220,3,148,8,1,0,9,8,1,.220
629,Brandon Barnes,Rockies,48,100,109,22,14,6,2,0,10,8,.220,0,30,1,0,5,0,1,2,.220
2218,Ryan Raburn,Rockies,113,223,256,49,28,10,2,9,30,30,.220,0,80,2,3,0,6,0,0,.220
13185,Orlando Arcia,Brewers,55,201,216,44,27,10,3,4,21,17,.219,0,47,0,0,0,6,8,0,.219
746,A.J. Pierzynski,Braves,81,247,259,54,37,15,0,2,15,23,.219,1,29,3,3,0,13,1,0,.219
12147,Nick Ahmed,Diamondbacks,90,284,308,62,48,9,1,4,26,20,.218,3,58,4,3,2,9,5,2,.218
7290,Jake Elmore,Brewers,59,78,99,17,15,2,0,0,7,4,.218,1,17,2,0,2,1,2,3,.218
4220,Ryan Zimmerman,Nationals,115,427,467,93,59,18,1,15,60,46,.218,1,104,5,6,0,12,4,1,.218
6013,Cristhian Adames,Rockies,121,225,256,49,37,7,3,2,25,17,.218,0,47,4,0,3,5,2,3,.218
1841,Edwin Jackson,Padres,16,23,27,5,4,1,0,0,2,2,.217,0,11,0,0,1,0,1,0,.217
9054,Justin Smoak,Blue Jays,126,299,341,65,41,10,0,14,33,34,.217,1,112,2,0,0,7,1,0,.217
9741,Ben Paulsen,Rockies,39,92,97,20,14,5,0,1,8,11,.217,1,27,0,0,0,2,0,0,.217
9953,Ryan Schimpf,Padres,89,276,330,60,18,17,5,20,48,51,.217,3,105,9,3,0,3,1,1,.217
10882,Jared Hoying,Rangers,39,46,49,10,8,2,0,0,8,5,.217,0,8,0,0,0,0,1,0,.217
4712,Ben Revere,Nationals,103,350,375,76,58,9,7,2,44,24,.217,0,34,3,2,2,12,14,5,.217
5297,Aaron Hicks,Yankees,123,327,361,71,49,13,1,8,32,31,.217,1,68,0,3,1,7,3,4,.217
15564,Tyler White,Astros,86,249,276,54,30,16,0,8,24,28,.217,1,65,2,2,0,6,1,0,.217
14894,Tony Kemp,Astros,59,120,136,26,18,4,3,1,15,7,.217,0,27,0,1,1,5,2,1,.217
7888,Ryan Flaherty,Orioles,74,157,176,34,24,7,0,3,16,15,.217,1,48,0,1,1,1,2,0,.217
5677,A.J. Ellis,- - -,64,171,196,37,27,8,0,2,11,22,.216,2,31,2,1,3,5,2,1,.216
3978,Chris Heisey,Nationals,83,139,155,30,17,3,1,9,18,17,.216,0,44,2,1,0,0,0,1,.216
7324,Chris Gimenez,Indians,68,139,155,30,22,4,0,4,17,11,.216,0,41,1,1,4,8,0,0,.216
3364,Miguel Montero,Cubs,86,241,284,52,35,8,1,8,33,33,.216,5,58,3,2,0,8,1,0,.216
3878,Chris Stewart,Pirates,34,98,113,21,16,4,0,1,10,7,.214,2,15,3,0,0,2,0,0,.214
8433,Ike Davis,Yankees,8,14,15,3,3,0,0,0,2,1,.214,0,5,0,0,0,1,0,0,.214
11204,Stephen Cardullo,Rockies,27,56,59,12,6,3,1,2,5,6,.214,0,12,0,0,0,2,0,0,.214
14818,JaCoby Jones,Tigers,13,28,28,6,3,3,0,0,3,2,.214,0,12,0,0,0,1,0,0,.214
11997,Cody Asche,Phillies,71,197,218,42,23,15,0,4,22,18,.213,0,54,2,1,0,1,3,1,.213
13757,Chris Taylor,- - -,36,61,65,13,8,2,2,1,8,7,.213,1,15,0,0,0,3,0,0,.213
7476,Alex Avila,White Sox,57,169,209,36,23,6,0,7,19,11,.213,0,78,1,1,0,3,0,0,.213
9015,Gordon Beckham,- - -,88,245,279,52,30,16,1,5,25,31,.212,1,52,4,4,0,12,1,0,.212
11863,Yadiel Rivera,Brewers,35,66,71,14,10,4,0,0,12,3,.212,0,20,0,0,3,4,0,0,.212
4613,Prince Fielder,Rangers,89,326,370,69,45,16,0,8,29,44,.212,1,63,7,5,0,12,0,0,.212
1943,Zack Greinke,Diamondbacks,27,52,60,11,10,1,0,0,4,3,.212,0,9,0,2,3,0,1,0,.212
4054,Emilio Bonifacio,Braves,24,38,43,8,8,0,0,0,6,3,.211,0,12,0,0,2,0,1,0,.211
10711,Arismendy Alcantara,Athletics,16,19,19,4,3,1,0,0,2,2,.211,0,8,0,0,0,1,3,3,.211
15117,Hunter Dozier,Royals,8,19,21,4,3,1,0,0,4,1,.211,0,8,0,0,0,0,0,0,.211
17232,Yoan Moncada,Red Sox,8,19,20,4,3,1,0,0,3,1,.211,0,12,0,0,0,0,0,0,.211
17528,Hector Olivera,Braves,6,19,21,4,3,1,0,0,2,2,.211,0,5,0,1,0,1,0,0,.211
8267,Chris Iannetta,Mariners,94,295,338,62,41,14,0,7,23,24,.210,0,83,2,2,1,4,0,0,.210
8722,Jason Castro,Astros,113,329,376,69,39,16,3,11,41,32,.210,0,123,1,0,1,9,2,1,.210
7409,Xavier Scruggs,Marlins,24,62,69,13,9,3,0,1,1,5,.210,0,20,2,0,0,1,0,0,.210
5986,Mike Aviles,Tigers,68,167,181,35,28,5,1,1,17,6,.210,0,27,2,0,3,5,2,2,.210
3395,Cliff Pennington,Angels,74,172,188,36,27,4,2,3,18,10,.209,0,55,0,0,3,4,1,0,.209
9219,Danny Espinosa,Nationals,157,516,601,108,69,15,0,24,66,72,.209,12,174,20,4,7,4,9,2,.209
9373,Matt McBride,Athletics,20,43,44,9,6,3,0,0,4,2,.209,0,10,0,0,0,0,0,0,.209
11339,Jake Marisnick,Astros,118,287,311,60,36,18,1,5,40,21,.209,0,83,3,1,4,4,10,5,.209
6400,Kirk Nieuwenhuis,Brewers,125,335,392,70,38,18,1,13,38,44,.209,1,133,1,0,0,5,8,9,.209
10642,Carlos Perez,Angels,87,268,291,56,35,16,0,5,25,31,.209,0,49,1,2,8,6,1,0,.209
5097,Anthony Gose,Tigers,30,91,101,19,13,2,2,2,11,7,.209,0,38,1,0,0,1,0,1,.209
11379,Delino DeShields,Rangers,74,182,203,38,27,7,0,4,36,13,.209,0,54,2,1,3,1,8,3,.209
6265,Andre Ethier,Dodgers,16,24,26,5,3,1,0,1,2,2,.208,1,6,0,0,0,1,0,0,.208
8385,Pedro Florimon,Pirates,18,24,25,5,3,1,1,0,4,4,.208,0,12,0,0,0,0,0,1,.208
10131,Stephen Strasburg,Nationals,24,48,57,10,9,1,0,0,3,2,.208,0,11,0,0,7,2,0,0,.208
15197,Carlos Asuaje,Padres,7,24,25,5,3,2,0,0,2,2,.208,0,4,0,0,0,0,0,0,.208
11602,Carlos Sanchez,White Sox,53,154,163,32,18,9,1,4,15,21,.208,0,42,1,1,2,1,0,1,.208
13265,Mike Zunino,Mariners,55,164,192,34,15,7,0,12,16,31,.207,0,65,6,1,0,0,0,0,.207
3179,Dioner Navarro,- - -,101,304,334,63,42,13,2,6,26,35,.207,0,71,2,3,2,5,1,2,.207
8380,Reid Brignac,Braves,13,29,29,6,4,2,0,0,3,1,.207,0,8,0,0,0,0,0,0,.207
9893,Colby Rasmus,Astros,107,369,417,76,51,10,0,15,38,54,.206,0,121,0,4,1,5,4,1,.206
454,Juan Uribe,Indians,73,238,259,49,33,9,0,7,19,25,.206,1,49,3,3,0,6,0,0,.206
6677,J.B. Shuck,White Sox,81,224,241,46,35,5,2,4,27,14,.205,0,21,1,1,3,5,3,3,.205
3371,Alejandro De Aza,Mets,130,234,267,48,33,9,0,6,31,25,.205,1,67,5,1,1,5,4,3,.205
9929,Darin Ruf,Phillies,43,83,89,17,12,2,0,3,8,9,.205,0,25,0,2,0,5,0,1,.205
11165,Ramon Flores,Brewers,104,249,289,51,41,8,0,2,18,19,.205,3,58,2,4,3,11,3,0,.205
1281,Mark Teixeira,Yankees,116,387,438,79,48,16,0,15,43,44,.204,1,105,2,2,0,7,2,0,.204
6797,Julio Teheran,Braves,31,49,61,10,9,1,0,0,1,2,.204,0,16,0,0,11,1,0,0,.204
10306,Oswaldo Arcia,- - -,69,202,222,41,25,7,1,8,17,23,.203,0,80,1,1,0,1,1,1,.203
11270,Aaron Altherr,Phillies,57,198,227,40,30,6,0,4,23,23,.202,2,69,6,0,0,4,7,2,.202
6887,Martin Maldonado,Brewers,76,208,253,42,27,7,0,8,21,21,.202,9,56,6,1,3,6,1,0,.202
1274,Alex Rodriguez,Yankees,65,225,243,45,29,7,0,9,19,31,.200,0,67,1,3,0,4,3,0,.200
1965,Desmond Jennings,Rays,65,200,225,40,25,7,1,7,22,20,.200,0,58,2,1,1,4,2,0,.200
2717,Rick Porcello,Red Sox,33,5,5,1,1,0,0,0,0,0,.200,0,1,0,0,0,0,0,0,.200
3542,Danny Duffy,Royals,42,5,6,1,1,0,0,0,1,1,.200,0,1,0,0,1,0,0,0,.200
3815,Mat Latos,- - -,17,5,5,1,0,0,0,1,1,1,.200,0,3,0,0,0,0,0,0,.200
4672,Junior Lake,Blue Jays,22,35,39,7,3,3,0,1,5,2,.200,0,11,0,0,0,0,1,0,.200
8298,Francisco Pena,Orioles,14,40,43,8,7,0,0,1,5,3,.200,0,14,0,0,1,2,0,0,.200
8700,Justin Verlander,Tigers,34,5,5,1,1,0,0,0,1,0,.200,0,2,0,0,0,0,0,0,.200
9425,Doug Fister,Astros,32,5,7,1,1,0,0,0,0,2,.200,0,1,0,0,2,0,0,0,.200
11189,Vince Velasquez,Phillies,24,40,44,8,7,1,0,0,4,0,.200,0,16,0,0,3,1,0,0,.200
12756,Jake Esch,Marlins,3,5,5,1,1,0,0,0,1,0,.200,0,2,0,0,0,0,0,0,.200
13125,Gerrit Cole,Pirates,21,40,43,8,6,1,0,1,3,3,.200,0,19,1,0,2,0,0,0,.200
14165,Rob Whalen,Braves,6,10,11,2,2,0,0,0,0,0,.200,0,3,0,0,1,0,0,0,.200
14282,Jason Coats,White Sox,28,50,58,10,5,4,0,1,8,4,.200,0,12,2,0,1,1,1,0,.200
14843,Michael Lorenzen,Reds,36,5,5,1,0,0,0,1,1,3,.200,0,2,0,0,0,0,0,0,.200
15450,Daniel Castro,Braves,47,130,139,26,25,1,0,0,8,7,.200,1,24,0,0,2,4,1,1,.200
5305,Alex Presley,- - -,50,121,134,24,19,2,0,3,12,11,.198,1,25,1,1,0,2,0,2,.198
6835,Nick Buss,Angels,36,81,90,16,7,7,1,1,7,8,.198,0,24,0,2,1,4,2,1,.198
13807,Kevin Plawecki,Mets,48,132,151,26,19,6,0,1,6,11,.197,2,33,2,0,0,2,0,0,.197
2154,Ryan Howard,Phillies,112,331,362,65,30,10,0,25,35,59,.196,2,114,1,3,0,7,0,1,.196
13130,Mikie Mahtook,Rays,65,185,196,36,24,9,0,3,16,11,.195,0,68,2,1,1,2,0,1,.195
2505,Hank Conger,Rays,49,124,137,24,16,5,0,3,6,10,.194,0,40,0,0,1,4,0,0,.194
7412,Paul Janish,Orioles,14,31,35,6,5,1,0,0,3,0,.194,0,3,1,0,0,0,0,0,.194
7706,Kyle Jensen,Diamondbacks,17,31,34,6,3,0,1,2,5,7,.194,0,13,1,0,0,1,0,0,.194
8609,Tim Federowicz,Cubs,17,31,33,6,4,2,0,0,3,3,.194,0,12,0,1,0,1,0,0,.194
11369,Brett Eibner,- - -,70,187,208,36,19,10,1,6,21,22,.193,1,50,0,1,1,3,0,2,.193
13180,Tyler Goeddel,Phillies,92,213,234,41,31,3,3,4,17,16,.192,0,52,2,1,1,4,3,0,.192
18497,Byung-ho Park,Twins,62,215,244,41,19,9,1,12,28,24,.191,0,80,5,3,0,3,1,0,.191
6175,Albert Suarez,Giants,22,21,24,4,2,2,0,0,1,2,.190,0,11,0,0,3,0,0,0,.190
7059,James Shields,- - -,33,21,23,4,4,0,0,0,1,0,.190,0,12,0,0,2,0,0,0,.190
10968,Tim Adleman,Reds,13,21,23,4,2,2,0,0,2,3,.190,0,11,0,0,2,0,0,0,.190
13910,Patrick Kivlehan,- - -,8,21,24,4,3,0,0,1,5,2,.190,0,11,1,0,0,0,0,0,.190
10472,KikĂÂŠ Hernandez,Dodgers,109,216,244,41,26,8,0,7,25,18,.190,1,64,0,0,0,3,2,0,.190
11762,Noah Syndergaard,Mets,31,58,67,11,5,3,0,3,6,6,.190,0,34,0,0,2,1,0,0,.190
8434,Brett Wallace,Padres,119,217,256,41,25,10,0,6,19,20,.189,3,83,9,1,0,2,0,0,.189
4338,Tyler Chatwood,Rockies,27,53,58,10,9,0,1,0,3,4,.189,0,14,0,0,3,1,0,0,.189
11486,Robbie Ray,Diamondbacks,32,53,60,10,7,2,0,1,3,2,.189,0,26,0,0,6,0,0,0,.189
6878,Chris Coghlan,- - -,99,261,300,49,29,12,2,6,35,30,.188,3,73,3,1,0,4,2,1,.188
12160,Ben Gamel,- - -,33,48,57,9,6,2,0,1,9,5,.188,0,16,0,0,3,1,0,0,.188
12399,Taylor Motter,Rays,34,80,93,15,10,3,0,2,11,9,.188,0,19,1,1,0,1,0,1,.188
12447,Seth Lugo,Mets,17,16,18,3,2,1,0,0,2,1,.188,0,2,0,1,0,0,0,0,.188
12825,Joel De La Cruz,Braves,22,16,18,3,3,0,0,0,0,1,.188,0,8,0,0,2,1,0,0,.188
5524,Madison Bumgarner,Giants,36,86,97,16,7,6,0,3,8,9,.186,0,43,0,1,0,1,0,0,.186
12510,Curt Casali,Rays,84,226,256,42,24,10,0,8,23,25,.186,1,82,2,0,3,2,0,0,.186
13301,Max Muncy,Athletics,51,113,133,21,17,2,0,2,13,8,.186,1,24,0,0,0,2,0,0,.186
9807,Ryan Goins,Blue Jays,77,183,196,34,20,9,2,3,13,12,.186,0,48,1,0,3,6,1,1,.186
3137,Max Scherzer,Nationals,34,70,85,13,12,1,0,0,4,12,.186,0,30,0,0,13,1,0,0,.186
6867,Derek Norris,Padres,125,415,458,77,46,17,0,14,50,42,.186,5,139,4,3,0,9,9,2,.186
1051,Jake Peavy,Giants,31,27,31,5,5,0,0,0,2,3,.185,0,12,0,0,2,0,0,0,.185
1201,Carl Crawford,Dodgers,30,81,87,15,12,2,1,0,8,6,.185,0,11,1,1,0,3,0,1,.185
13769,Raul Mondesi,Royals,47,135,149,25,19,1,3,2,16,13,.185,0,48,2,0,6,1,9,1,.185
2047,Jorge de la Rosa,Rockies,27,38,42,7,7,0,0,0,4,6,.184,0,14,1,0,1,0,0,0,.184
7125,Alberto Rosario,Cardinals,20,38,41,7,5,2,0,0,3,2,.184,0,5,0,0,1,2,0,0,.184
13443,Tony Renda,Reds,32,60,67,11,9,2,0,0,4,3,.183,0,11,0,0,2,4,0,0,.183
2900,Roberto Perez,Indians,61,153,184,28,18,6,1,3,14,17,.183,0,44,0,3,5,4,0,0,.183
6316,David Phelps,Marlins,64,11,13,2,2,0,0,0,0,1,.182,0,3,0,0,2,1,0,0,.182
8779,Wade Miley,- - -,30,11,12,2,2,0,0,0,1,0,.182,0,2,0,0,1,0,0,0,.182
9884,Travis Wood,Cubs,81,11,12,2,2,0,0,0,0,1,.182,0,5,0,0,0,0,0,0,.182
10946,Josh Smith,Reds,33,11,11,2,1,1,0,0,0,0,.182,0,4,0,0,0,0,0,0,.182
13228,Michael Reed,Brewers,8,22,24,4,4,0,0,0,3,0,.182,0,7,0,0,0,1,1,0,.182
13490,Oscar Hernandez,Diamondbacks,4,11,11,2,1,0,0,1,1,1,.182,0,0,0,0,0,1,0,0,.182
198,Danny Worth,Astros,16,39,40,7,5,2,0,0,4,1,.179,0,6,0,0,0,1,0,0,.179
12944,Socrates Brito,Diamondbacks,40,95,97,17,9,3,1,4,10,12,.179,0,23,0,0,0,3,2,0,.179
15640,Aaron Judge,Yankees,27,84,95,15,9,2,0,4,10,10,.179,0,42,1,1,0,2,0,1,.179
8782,Andrew Cashner,- - -,28,34,40,6,6,0,0,0,3,1,.176,0,13,0,0,3,0,0,0,.176
11385,Matt den Dekker,Nationals,19,34,39,6,4,1,0,1,3,4,.176,0,10,1,0,0,0,1,0,.176
11494,Kaleb Cowart,Angels,31,85,87,15,10,4,0,1,8,8,.176,0,23,1,1,0,1,0,0,.176
11589,Jose Urena,Marlins,29,17,22,3,3,0,0,0,1,0,.176,0,11,0,0,4,0,0,0,.176
7087,Caleb Joseph,Orioles,49,132,141,23,20,3,0,0,7,0,.174,0,28,0,0,2,6,0,0,.174
2036,Clayton Kershaw,Dodgers,23,46,50,8,7,1,0,0,2,3,.174,0,12,0,0,3,0,0,0,.174
4249,Shane Robinson,Angels,65,98,111,17,13,3,0,1,16,10,.173,0,17,1,0,2,3,3,2,.173
6938,Eric Campbell,Mets,40,75,88,13,11,1,0,1,9,9,.173,1,24,2,1,0,2,1,0,.173
9895,Chris Rusin,Rockies,29,29,30,5,4,0,1,0,2,3,.172,0,6,0,0,1,0,0,0,.172
4952,Ryan Hanigan,Red Sox,35,105,113,18,13,4,0,1,9,14,.171,0,27,1,0,0,5,0,0,.171
5557,Jarrod Saltalamacchia,Tigers,92,246,292,42,24,5,1,12,30,38,.171,1,104,0,5,0,1,0,0,.171
8137,Jaime Garcia,Cardinals,32,41,51,7,7,0,0,0,3,4,.171,0,17,0,1,7,0,0,0,.171
5452,Ji-Man Choi,Angels,54,112,129,19,10,4,0,5,9,12,.170,1,27,0,1,0,2,2,4,.170
9689,Josh Thole,Blue Jays,50,118,136,20,16,3,0,1,7,7,.169,0,28,1,2,2,4,0,0,.169
11247,Jabari Blash,Padres,38,71,84,12,7,2,0,3,7,5,.169,0,34,2,0,0,3,1,0,.169
9627,Yan Gomes,Indians,74,251,264,42,21,11,1,9,22,34,.167,0,69,2,2,0,7,0,0,.167
4020,Yusmeiro Petit,Nationals,36,6,7,1,1,0,0,0,0,0,.167,0,2,0,0,1,0,0,0,.167
4371,Jeremy Hellickson,Phillies,32,54,66,9,8,1,0,0,3,4,.167,0,24,0,0,8,1,0,0,.167
4676,Charlie Morton,Phillies,4,6,7,1,1,0,0,0,1,0,.167,0,3,0,0,1,1,0,0,.167
5519,Ruben Tejada,- - -,36,66,78,11,6,5,0,0,9,5,.167,0,13,1,3,1,1,0,0,.167
6880,Nick Noonan,Padres,7,18,20,3,3,0,0,0,0,1,.167,0,5,0,1,0,0,0,1,.167
10603,Chris Sale,White Sox,32,6,6,1,1,0,0,0,0,0,.167,0,2,0,0,0,0,0,0,.167
13809,Micah Johnson,Dodgers,7,6,6,1,1,0,0,0,1,0,.167,0,1,0,0,0,0,0,0,.167
13633,Preston Tucker,Astros,48,134,144,22,9,8,1,4,11,8,.164,0,40,2,0,0,2,0,0,.164
16246,A.J. Reed,Astros,45,122,141,20,14,3,0,3,11,8,.164,0,48,0,1,0,1,0,0,.164
7731,Juan Nicasio,Pirates,52,19,20,3,3,0,0,0,1,1,.158,0,7,0,0,1,0,0,0,.158
2677,Jordan Pacheco,Reds,31,51,51,8,4,4,0,0,1,0,.157,0,14,0,0,0,1,0,0,.157
3254,Jeff Samardzija,Giants,34,64,69,10,5,5,0,0,4,9,.156,0,28,0,2,2,3,0,0,.156
12158,Austin Barnes,Dodgers,21,32,37,5,4,1,0,0,3,2,.156,0,9,0,0,0,0,0,0,.156
5277,Tuffy Gosewisch,Diamondbacks,33,90,99,14,9,1,1,3,8,7,.156,0,22,1,0,1,1,0,0,.156
3231,Brayan Pena,Cardinals,9,13,14,2,1,1,0,0,0,0,.154,0,2,0,0,0,0,0,0,.154
5485,Jose Pirela,Padres,15,39,41,6,4,2,0,0,2,0,.154,0,9,0,0,1,0,0,1,.154
7945,Jaff Decker,Rays,19,52,57,8,7,1,0,0,1,1,.154,0,14,0,1,0,1,1,0,.154
8790,Cole Figueroa,Pirates,23,26,27,4,4,0,0,0,0,3,.154,0,2,0,0,0,0,1,0,.154
9246,Blake Lalli,Braves,10,13,13,2,1,1,0,0,0,1,.154,0,3,0,0,0,1,0,0,.154
13620,Carson Kelly,Cardinals,10,13,14,2,1,1,0,0,1,1,.154,0,2,1,0,0,0,0,0,.154
12804,Matt Wisler,Braves,29,46,53,7,7,0,0,0,2,2,.152,0,21,0,1,5,2,0,0,.152
14916,Jon Gray,Rockies,29,47,55,7,5,2,0,0,2,4,.149,0,30,0,0,6,0,0,0,.149
2216,Don Kelly,Marlins,13,27,30,4,2,0,2,0,2,3,.148,0,5,0,1,0,2,0,0,.148
10822,Todd Cunningham,Angels,20,27,29,4,1,3,0,0,5,1,.148,0,6,0,0,1,1,0,1,.148
10099,Dustin Ackley,Yankees,28,61,70,9,9,0,0,0,6,4,.148,0,9,0,1,0,0,0,0,.148
9571,Craig Gentry,Angels,14,34,39,5,4,1,0,0,2,2,.147,0,6,1,0,1,2,0,0,.147
10346,John Ryan Murphy,Twins,26,82,90,12,8,3,0,1,4,3,.146,0,19,0,1,2,3,0,0,.146
3855,Brett Oberholtzer,Phillies,26,7,7,1,1,0,0,0,0,0,.143,0,2,0,0,0,0,0,0,.143
10130,Mike Leake,Cardinals,34,49,55,7,6,1,0,0,3,4,.143,0,19,0,0,3,3,0,0,.143
10954,Jacob deGrom,Mets,27,42,50,6,5,1,0,0,6,2,.143,0,12,0,0,5,1,0,0,.143
11426,Drew Pomeranz,- - -,31,35,37,5,4,0,0,1,2,4,.143,0,21,0,0,2,1,0,0,.143
11902,Hanser Alberto,Rangers,35,56,58,8,7,1,0,0,2,5,.143,0,17,0,0,2,1,1,0,.143
14371,Jake Thompson,Phillies,10,14,17,2,1,1,0,0,0,0,.143,0,5,0,0,3,1,0,0,.143
14374,Tyler Glasnow,Pirates,7,7,7,1,1,0,0,0,0,0,.143,0,4,0,0,0,0,0,0,.143
13288,Peter O'Brien,Diamondbacks,28,64,67,9,3,1,0,5,6,9,.141,2,27,0,0,0,2,0,0,.141
2498,Jemile Weeks,Padres,17,50,57,7,5,1,1,0,5,2,.140,0,14,1,0,3,1,1,0,.140
5666,Devin Mesoraco,Reds,16,50,55,7,6,1,0,0,2,1,.140,0,10,0,0,0,3,0,1,.140
10811,Mike Foltynewicz,Braves,22,36,42,5,4,1,0,0,3,1,.139,0,19,0,0,5,0,0,0,.139
13361,Steven Matz,Mets,24,36,45,5,3,1,1,0,0,2,.139,0,11,0,1,4,2,0,0,.139
12049,Kyle Hendricks,Cubs,32,58,68,8,8,0,0,0,1,2,.138,0,29,1,0,8,0,0,0,.138
11713,Matt Harvey,Mets,17,22,25,3,2,1,0,0,2,0,.136,0,8,0,0,3,1,0,0,.136
14765,Julio Urias,Dodgers,18,22,26,3,3,0,0,0,0,2,.136,0,9,0,0,4,1,0,0,.136
7448,Gio Gonzalez,Nationals,32,52,59,7,5,2,0,0,1,2,.135,0,24,1,1,5,0,0,0,.135
14503,Renato Nunez,Athletics,9,15,15,2,2,0,0,0,0,1,.133,0,3,0,0,0,0,0,0,.133
14682,Luis Perdomo,Padres,36,38,43,5,4,1,0,0,1,1,.132,0,15,1,0,3,0,0,0,.132
12664,Jerad Eickhoff,Phillies,33,61,62,8,5,3,0,0,4,5,.131,0,12,0,0,0,3,0,0,.131
16909,Colin Moran,Astros,9,23,25,3,2,1,0,0,1,2,.130,0,8,1,0,0,4,0,0,.130
7738,Wily Peralta,Brewers,23,39,41,5,3,1,0,1,2,6,.128,0,15,0,1,1,2,0,0,.128
2929,Jeff Locke,Pirates,31,32,39,4,4,0,0,0,0,0,.125,0,17,0,0,6,0,0,0,.125
4972,Cole Hamels,Rangers,32,8,8,1,1,0,0,0,0,0,.125,0,1,0,0,0,0,0,0,.125
6249,Trevor Cahill,Cubs,51,8,11,1,1,0,0,0,1,1,.125,0,4,0,0,2,0,0,0,.125
8753,Tanner Roark,Nationals,34,64,75,8,7,1,0,0,1,3,.125,0,25,0,0,6,0,0,0,.125
10197,Shelby Miller,Diamondbacks,21,32,34,4,2,1,1,0,4,0,.125,0,21,0,0,2,0,0,0,.125
10304,Jarred Cosart,- - -,13,16,18,2,2,0,0,0,1,0,.125,0,5,0,0,2,0,0,0,.125
11251,Andy Wilkins,Brewers,26,24,27,3,1,1,0,1,3,3,.125,0,10,0,0,0,1,1,0,.125
12180,Jorge Alfaro,Phillies,6,16,17,2,2,0,0,0,0,0,.125,1,8,0,0,0,0,0,0,.125
12284,Kevan Smith,White Sox,7,16,16,2,2,0,0,0,2,0,.125,0,6,0,0,0,1,0,0,.125
12976,Austin Hedges,Padres,8,24,26,3,2,1,0,0,2,1,.125,0,7,1,1,0,0,0,1,.125
13119,Taylor Jungmann,Brewers,8,8,8,1,1,0,0,0,1,0,.125,0,4,0,0,0,0,0,0,.125
18498,Kenta Maeda,Dodgers,35,57,66,7,5,1,0,1,5,4,.123,0,16,0,0,8,1,0,0,.123
11445,Mark Canha,Athletics,16,41,44,5,2,0,0,3,4,6,.122,0,20,1,1,1,1,0,1,.122
13050,Anthony DeSclafani,Reds,20,41,43,5,4,1,0,0,0,1,.122,0,22,0,0,1,1,0,0,.122
14457,Adam Conley,Marlins,25,41,47,5,5,0,0,0,4,3,.122,0,22,0,1,4,1,0,0,.122
12317,Colin Rea,- - -,21,33,39,4,4,0,0,0,3,1,.121,0,16,0,0,4,0,0,0,.121
14140,Jose Rondon,Padres,8,25,26,3,3,0,0,0,1,1,.120,0,4,0,0,0,1,0,0,.120
4897,Scott Kazmir,Dodgers,27,43,50,5,5,0,0,0,3,2,.116,0,24,0,0,6,1,0,0,.116
1994,Ivan Nova,- - -,32,26,28,3,3,0,0,0,1,0,.115,0,18,0,0,2,0,0,0,.115
12590,Taylor Featherston,Phillies,19,26,28,3,2,1,0,0,2,1,.115,0,11,0,0,0,0,2,0,.115
15158,Braden Shipley,Diamondbacks,14,26,27,3,2,1,0,0,2,2,.115,0,10,0,0,1,0,1,0,.115
6893,Johnny Cueto,Giants,32,70,84,8,8,0,0,0,1,5,.114,0,24,0,1,11,2,0,0,.114
12880,Tyler Anderson,Rockies,20,35,42,4,3,0,0,1,1,3,.114,0,11,0,0,3,0,0,0,.114
16208,Brandon Finnegan,Reds,33,53,61,6,4,2,0,0,4,2,.113,0,18,0,0,5,2,0,0,.113
2917,Emmanuel Burriss,Phillies,39,45,50,5,3,1,1,0,3,0,.111,0,10,2,0,1,1,1,0,.111
7002,Will Middlebrooks,Brewers,10,27,31,3,3,0,0,0,2,1,.111,0,13,0,0,0,0,0,0,.111
9954,Darrell Ceciliani,Blue Jays,13,27,29,3,1,2,0,0,2,1,.111,0,14,1,0,0,0,0,0,.111
14862,Zack Godley,Diamondbacks,27,18,19,2,2,0,0,0,1,0,.111,0,9,0,0,1,0,0,0,.111
4930,Jon Lester,Cubs,33,59,75,6,3,3,0,0,3,6,.102,0,18,0,0,10,3,0,0,.102
4424,Jon Niese,- - -,30,30,34,3,2,1,0,0,1,1,.100,0,14,0,0,2,1,0,0,.100
8362,Homer Bailey,Reds,6,10,11,1,1,0,0,0,0,0,.100,0,1,0,0,0,1,0,0,.100
11472,Dixon Machado,Tigers,8,10,13,1,1,0,0,0,1,0,.100,0,4,0,0,0,0,0,0,.100
16727,Brock Stewart,Dodgers,7,10,10,1,1,0,0,0,0,0,.100,0,7,0,0,0,0,0,0,.100
6570,Tom Koehler,Marlins,33,51,56,5,5,0,0,0,1,4,.098,0,28,0,0,4,0,0,0,.098
1890,Matt Moore,- - -,33,31,35,3,3,0,0,0,2,0,.097,0,13,0,0,4,1,0,0,.097
1507,John Lackey,Cubs,29,63,69,6,4,2,0,0,1,2,.095,0,31,0,0,4,1,0,0,.095
14344,Matt Olson,Athletics,11,21,28,2,1,1,0,0,3,0,.095,0,4,0,0,0,1,0,0,.095
13183,Zach Davies,Brewers,28,53,61,5,5,0,0,0,2,1,.094,0,22,0,0,7,0,0,0,.094
4403,Erik Kratz,- - -,33,85,87,8,5,2,0,1,3,4,.094,0,32,0,0,1,3,0,0,.094
11674,Jameson Taillon,Pirates,18,32,36,3,3,0,0,0,0,2,.094,0,17,0,0,4,2,0,0,.094
12580,Adam Morgan,Phillies,23,32,36,3,2,1,0,0,1,1,.094,0,11,0,0,3,0,0,0,.094
4869,Mike Montgomery,Cubs,17,11,11,1,1,0,0,0,2,1,.091,0,5,0,0,0,0,0,0,.091
11754,Justin Nicolino,Marlins,18,22,24,2,2,0,0,0,0,0,.091,0,11,0,0,1,1,0,0,.091
12140,Juniel Querecuto,Rays,4,11,11,1,0,0,1,0,1,2,.091,0,6,0,0,0,0,0,0,.091
13560,Alec Asher,Phillies,5,11,11,1,1,0,0,0,0,2,.091,0,6,0,0,0,0,0,0,.091
13621,Jeimer Candelario,Cubs,5,11,14,1,1,0,0,0,0,0,.091,1,5,1,0,0,0,0,0,.091
17130,Raisel Iglesias,Reds,37,11,11,1,1,0,0,0,0,0,.091,0,2,0,0,0,0,0,0,.091
6895,Chase Anderson,Brewers,31,45,52,4,4,0,0,0,3,1,.089,0,27,1,0,5,0,0,0,.089
2833,Cedric Hunter,Phillies,13,34,36,3,2,0,0,1,3,1,.088,0,6,0,0,0,1,0,0,.088
14975,Chad Kuhl,Pirates,15,23,26,2,2,0,0,0,0,0,.087,0,9,0,0,2,0,0,0,.087
10961,Colin Walsh,Brewers,38,47,63,4,3,1,0,0,4,2,.085,0,22,1,0,0,1,0,0,.085
375,Bartolo Colon,Mets,34,60,65,5,2,2,0,1,4,2,.083,0,40,0,0,4,3,0,0,.083
3211,Tyler Ladendorf,Athletics,45,48,50,4,4,0,0,0,6,1,.083,0,13,0,0,1,3,2,0,.083
7250,Collin Cowgill,Indians,9,12,14,1,1,0,0,0,0,0,.083,0,7,0,0,0,1,0,0,.083
13273,Ross Stripling,Dodgers,22,24,27,2,2,0,0,0,2,1,.083,0,12,0,0,1,0,0,0,.083
13325,Deven Marrero,Red Sox,13,12,14,1,1,0,0,0,0,0,.083,0,5,0,0,0,0,0,0,.083
14130,Dan Vogelbach,Mariners,8,12,13,1,1,0,0,0,0,0,.083,0,6,0,0,0,0,0,0,.083
16400,Reynaldo Lopez,Nationals,11,12,14,1,1,0,0,0,0,0,.083,0,7,0,0,2,0,0,0,.083
10547,Jimmy Nelson,Brewers,32,50,59,4,4,0,0,0,1,3,.080,0,32,0,0,7,1,0,0,.080
11773,Jason Rogers,Pirates,23,25,33,2,1,0,1,0,2,2,.080,0,9,1,0,0,1,0,0,.080
6073,Brendan Ryan,Angels,17,13,14,1,1,0,0,0,1,0,.077,0,7,0,0,1,0,0,0,.077
10059,Max Stassi,Astros,9,13,13,1,1,0,0,0,1,0,.077,0,5,0,0,0,0,0,0,.077
4732,Matt Cain,Giants,21,27,28,2,0,1,0,1,1,5,.074,0,17,0,0,1,0,0,0,.074
2155,Alfredo Simon,Reds,15,14,19,1,1,0,0,0,0,1,.071,0,7,1,0,3,1,0,0,.071
3862,Rubby de la Rosa,Diamondbacks,13,14,17,1,1,0,0,0,0,1,.071,0,3,0,0,3,1,0,0,.071
15015,Alex Reyes,Cardinals,12,14,15,1,1,0,0,0,0,1,.071,0,5,0,0,1,1,0,0,.071
12918,Archie Bradley,Diamondbacks,26,43,48,3,3,0,0,0,2,4,.070,0,28,0,1,4,0,0,0,.070
13051,Chris Colabello,Blue Jays,10,29,32,2,2,0,0,0,0,1,.069,0,9,1,0,0,2,0,0,.069
13453,Eddie Butler,Rockies,17,15,19,1,1,0,0,0,0,0,.067,0,2,0,0,4,0,0,0,.067
13696,Robert Gsellman,Mets,9,15,17,1,1,0,0,0,0,0,.067,0,9,0,0,2,0,0,0,.067
3551,Clayton Richard,- - -,37,17,21,1,1,0,0,0,0,1,.059,0,9,0,0,3,0,0,0,.059
211,Will Venable,Dodgers,12,18,19,1,0,1,0,0,2,0,.056,0,5,1,0,0,0,0,0,.056
7942,Christian Friedrich,Padres,24,37,43,2,2,0,0,0,2,2,.054,0,23,0,0,3,1,0,0,.054
1011,Ryan Vogelsong,Pirates,24,19,23,1,1,0,0,0,1,1,.053,0,13,1,0,2,0,0,0,.053
12905,Logan Verrett,Mets,35,19,22,1,0,1,0,0,1,0,.053,0,12,0,0,3,0,0,0,.053
8493,John Lamb,Reds,14,20,22,1,1,0,0,0,0,0,.050,0,12,0,0,1,0,0,0,.050
14934,Aaron Blair,Braves,15,21,23,1,1,0,0,0,0,0,.048,0,9,0,0,2,0,0,0,.048
10587,Chad Bettis,Rockies,32,49,58,2,2,0,0,0,2,2,.041,0,21,0,0,5,1,0,0,.041
14128,Joey Gallo,Rangers,17,25,30,1,0,0,0,1,2,1,.040,0,19,0,0,0,0,1,0,.040
3340,Matt Garza,Brewers,19,28,33,1,1,0,0,0,1,0,.036,0,17,0,0,3,1,0,0,.036
16149,Aaron Nola,Phillies,20,30,35,1,0,1,0,0,1,0,.033,0,17,1,0,1,0,0,0,.033
14078,Michael Wacha,Cardinals,27,39,45,1,1,0,0,0,1,0,.026,0,22,0,0,3,1,0,0,.026
9460,Dan Straily,Reds,34,52,65,1,1,0,0,0,2,1,.019,0,40,0,0,11,0,0,0,.019
404,CC Sabathia,Yankees,30,1,2,0,0,0,0,0,0,0,.000,0,0,0,0,1,1,0,0,.000
1118,Marco Estrada,Blue Jays,29,5,5,0,0,0,0,0,0,0,.000,0,3,0,0,0,0,0,0,.000
1137,Jerome Williams,Cardinals,11,2,2,0,0,0,0,0,0,0,.000,0,1,0,0,0,0,0,0,.000
1245,R.A. Dickey,Blue Jays,31,1,1,0,0,0,0,0,0,0,.000,0,1,0,0,0,0,0,0,.000
1345,Blake Wood,Reds,70,2,2,0,0,0,0,0,0,0,.000,0,2,0,0,0,0,0,0,.000
1663,Javier Lopez,Giants,68,1,1,0,0,0,0,0,0,0,.000,0,1,0,0,0,0,0,0,.000
1701,Chris Capuano,Brewers,16,0,1,0,0,0,0,0,0,0,.000,0,0,0,0,0,0,0,0,.000
1837,Matt Belisle,Nationals,40,4,4,0,0,0,0,0,0,0,.000,0,2,0,0,0,0,0,0,.000
1852,Ryan Madson,Athletics,63,1,1,0,0,0,0,0,0,0,.000,0,1,0,0,0,0,0,0,.000
2141,Chris Narveson,Marlins,6,3,3,0,0,0,0,0,0,0,.000,0,2,0,0,0,0,0,0,.000
2237,Blaine Boyer,Brewers,61,1,1,0,0,0,0,0,0,0,.000,0,0,0,0,0,0,0,0,.000
2332,Joel Peralta,- - -,31,2,2,0,0,0,0,0,0,0,.000,0,1,0,0,0,0,0,0,.000
2391,Hector Rondon,Cubs,54,1,1,0,0,0,0,0,0,0,.000,0,1,0,0,0,0,0,0,.000
2802,Tony Cruz,Royals,4,4,5,0,0,0,0,0,0,1,.000,0,3,0,1,0,0,0,0,.000
2832,Rafael Ynoa,Rockies,3,5,5,0,0,0,0,0,0,0,.000,0,2,0,0,0,0,0,0,.000
2859,Ross Detwiler,Athletics,9,1,2,0,0,0,0,0,0,0,.000,0,1,0,0,1,0,0,0,.000
3035,Michael Morse,Pirates,6,8,8,0,0,0,0,0,0,0,.000,0,2,0,0,0,0,0,0,.000
3132,Tony Watson,Pirates,70,0,1,0,0,0,0,0,0,0,.000,0,0,0,0,1,0,0,0,.000
3184,David Price,Red Sox,35,10,11,0,0,0,0,0,0,0,.000,0,8,0,0,0,0,0,0,.000
3196,Chris Young,Royals,34,1,1,0,0,0,0,0,0,0,.000,0,0,0,0,0,0,0,0,.000
3200,Ervin Santana,Twins,30,5,6,0,0,0,0,0,0,0,.000,0,3,0,0,1,0,0,0,.000
3273,Roberto Hernandez,Braves,2,4,4,0,0,0,0,0,0,0,.000,0,3,0,0,0,0,0,0,.000
3284,Anibal Sanchez,Tigers,35,6,6,0,0,0,0,0,0,0,.000,0,3,0,0,0,0,0,0,.000
3374,Ubaldo Jimenez,Orioles,29,4,4,0,0,0,0,0,0,0,.000,0,1,0,0,0,0,0,0,.000
3397,Jumbo Diaz,Reds,45,1,1,0,0,0,0,0,0,0,.000,0,0,0,0,0,0,0,0,.000
3543,Clay Buchholz,Red Sox,37,2,3,0,0,0,0,0,0,0,.000,0,2,0,0,0,0,0,0,.000
3547,Carlos Frias,Dodgers,1,1,1,0,0,0,0,0,0,0,.000,0,1,0,0,0,0,0,0,.000
3656,Jim Johnson,Braves,65,1,1,0,0,0,0,0,0,0,.000,0,1,0,0,0,0,0,0,.000
3830,Ricky Nolasco,- - -,32,3,5,0,0,0,0,0,0,0,.000,0,1,0,0,0,0,0,0,.000
3832,Matt Buschmann,Diamondbacks,3,1,1,0,0,0,0,0,0,0,.000,0,0,0,0,0,0,0,0,.000
3886,Gavin Floyd,Blue Jays,28,1,1,0,0,0,0,0,0,0,.000,0,0,0,0,0,0,0,0,.000
3990,Edinson Volquez,Royals,34,5,5,0,0,0,0,0,0,0,.000,0,3,0,0,0,0,0,0,.000
4070,Pedro Strop,Cubs,55,1,1,0,0,0,0,0,0,0,.000,0,0,0,0,0,0,0,0,.000
4138,Carlos Villanueva,Padres,51,4,5,0,0,0,0,0,0,0,.000,0,4,0,0,1,0,0,0,.000
4235,Jered Weaver,Angels,31,9,9,0,0,0,0,0,0,0,.000,0,4,0,0,0,0,0,0,.000
4662,Brandon McCarthy,Dodgers,10,13,15,0,0,0,0,0,0,1,.000,0,6,0,0,0,0,0,0,.000
4772,Felix Hernandez,Mariners,25,6,8,0,0,0,0,0,0,0,.000,0,3,0,0,2,0,0,0,.000
4776,Matt Shoemaker,Angels,27,2,2,0,0,0,0,0,0,0,.000,0,1,0,0,0,0,0,0,.000
4806,Rich Hill,Dodgers,6,12,12,0,0,0,0,0,0,0,.000,0,8,0,0,0,0,0,0,.000
4903,Matt Dominguez,Blue Jays,5,11,12,0,0,0,0,0,0,0,.000,0,3,0,0,0,0,0,0,.000
4994,Fernando Abad,Twins,39,1,1,0,0,0,0,0,0,0,.000,0,1,0,0,0,0,0,0,.000
5057,Yohan Flande,Rockies,2,0,1,0,0,0,0,0,0,0,.000,0,0,0,0,1,0,0,0,.000
5070,Josh Fields,Dodgers,22,1,1,0,0,0,0,0,0,0,.000,0,1,0,0,0,0,0,0,.000
5221,Wade LeBlanc,Pirates,8,1,1,0,0,0,0,0,0,0,.000,0,1,0,0,0,0,0,0,.000
5231,Vin Mazzaro,Giants,2,1,1,0,0,0,0,0,0,0,.000,0,1,0,0,0,0,0,0,.000
5279,Chris Tillman,Orioles,30,2,3,0,0,0,0,0,0,0,.000,0,2,0,0,1,0,0,0,.000
5358,Jose Alvarez,Angels,64,1,1,0,0,0,0,0,0,0,.000,0,0,0,0,0,0,0,0,.000
5372,Michael Pineda,Yankees,32,1,1,0,0,0,0,0,0,0,.000,0,1,0,0,0,0,0,0,.000
5386,Andrew Lambo,Athletics,1,1,1,0,0,0,0,0,0,0,.000,0,0,0,0,0,0,0,0,.000
5409,Pablo Sandoval,Red Sox,3,6,7,0,0,0,0,0,0,0,.000,0,4,0,0,0,0,0,0,.000
5420,Pedro Baez,Dodgers,73,1,1,0,0,0,0,0,0,0,.000,0,0,0,0,0,0,0,0,.000
5830,Jhan Marinez,Brewers,43,3,3,0,0,0,0,0,0,0,.000,0,1,0,0,0,0,0,0,.000
5867,Danny Salazar,Indians,25,5,5,0,0,0,0,0,1,0,.000,0,3,0,0,0,0,0,0,.000
5876,Gonzalez Germen,Rockies,40,3,3,0,0,0,0,0,0,0,.000,0,1,0,0,0,0,0,0,.000
5985,Randall Delgado,Diamondbacks,79,2,2,0,0,0,0,0,0,0,.000,0,0,0,0,0,0,0,0,.000
6283,Scott Feldman,Astros,26,2,2,0,0,0,0,0,0,0,.000,0,2,0,0,0,0,0,0,.000
6345,Chris Archer,Rays,33,7,8,0,0,0,0,0,1,0,.000,0,3,0,0,0,0,0,0,.000
6806,Josmil Pinto,Brewers,6,5,6,0,0,0,0,0,1,0,.000,0,4,0,0,0,0,0,0,.000
6984,Luis Garcia,Phillies,17,0,1,0,0,0,0,0,0,0,.000,0,0,0,0,1,0,0,0,.000
6986,Ian Kennedy,Royals,33,3,3,0,0,0,0,0,0,0,.000,0,2,0,0,0,0,0,0,.000
7024,Miguel Gonzalez,White Sox,24,1,1,0,0,0,0,0,0,0,.000,0,1,0,0,0,0,0,0,.000
7158,Eric Young,Yankees,6,1,1,0,0,0,0,0,2,0,.000,0,0,0,0,0,0,1,0,.000
7312,Josh Collmenter,Braves,3,6,7,0,0,0,0,0,0,0,.000,0,6,0,0,1,0,0,0,.000
7316,Darin Mastroianni,Twins,7,9,11,0,0,0,0,0,1,0,.000,0,4,0,0,0,0,1,0,.000
7396,Dillon Gee,Royals,33,1,3,0,0,0,0,0,0,0,.000,0,0,0,0,2,0,0,0,.000
7450,Phil Hughes,Twins,12,2,2,0,0,0,0,0,0,0,.000,0,2,0,0,0,0,0,0,.000
7531,Collin McHugh,Astros,33,6,8,0,0,0,0,0,0,0,.000,0,2,0,0,2,0,0,0,.000
7541,Lucas Harrell,Braves,5,8,8,0,0,0,0,0,0,0,.000,0,2,0,0,0,0,0,0,.000
7593,Jordan Lyles,Rockies,40,8,8,0,0,0,0,0,0,0,.000,0,4,0,0,0,0,0,0,.000
7773,Shawn Kelley,Nationals,67,1,1,0,0,0,0,0,0,0,.000,0,1,0,0,0,0,0,0,.000
7841,Jerry Blevins,Mets,73,1,1,0,0,0,0,0,0,0,.000,0,0,0,0,0,0,0,0,.000
7872,Tyson Ross,Padres,1,1,1,0,0,0,0,0,0,0,.000,0,1,0,0,0,0,0,0,.000
7960,Frank Herrmann,Phillies,14,1,1,0,0,0,0,0,0,0,.000,0,1,0,0,0,0,0,0,.000
8037,Paul Clemens,- - -,18,21,23,0,0,0,0,0,1,0,.000,0,11,0,0,1,1,0,0,.000
8185,Steven Wright,Red Sox,25,4,4,0,0,0,0,0,0,0,.000,0,3,0,0,0,0,0,0,.000
8223,Brett Anderson,Dodgers,4,3,3,0,0,0,0,0,0,0,.000,0,2,0,0,0,0,0,0,.000
8245,J.P. Howell,Dodgers,64,2,2,0,0,0,0,0,0,0,.000,0,2,0,0,0,0,0,0,.000
8272,Matt Tuiasosopo,Braves,3,3,3,0,0,0,0,0,0,0,.000,0,1,0,0,0,0,0,0,.000
8580,Justin Miller,Rockies,40,1,1,0,0,0,0,0,0,0,.000,0,1,0,0,0,0,0,0,.000
8600,Dustin McGowan,Marlins,55,4,4,0,0,0,0,0,0,0,.000,0,3,0,0,0,0,0,0,.000
8823,Oliver Drake,Orioles,14,1,1,0,0,0,0,0,0,0,.000,0,1,0,0,0,0,0,0,.000
8992,Arquimedes Caminero,Pirates,39,2,2,0,0,0,0,0,0,0,.000,0,1,0,0,0,0,0,0,.000
9029,Adam Warren,Cubs,29,3,4,0,0,0,0,0,0,0,.000,0,3,0,0,1,0,0,0,.000
9111,Brad Hand,Padres,82,4,5,0,0,0,0,0,0,0,.000,0,1,0,0,1,0,0,0,.000
9132,Nathan Eovaldi,Yankees,24,5,7,0,0,0,0,0,0,0,.000,0,4,0,0,1,0,0,0,.000
9149,Tim Melville,Reds,3,2,2,0,0,0,0,0,0,0,.000,0,2,0,0,0,0,0,0,.000
9174,Casey Kelly,Braves,10,2,3,0,0,0,0,0,0,0,.000,0,1,0,0,1,0,0,0,.000
9178,Kyle Lobstein,Pirates,14,2,2,0,0,0,0,0,0,0,.000,0,1,0,0,0,0,0,0,.000
9286,Rob Scahill,Pirates,15,2,2,0,0,0,0,0,0,0,.000,0,1,0,0,0,0,0,0,.000
9325,Jared Hughes,Pirates,67,1,1,0,0,0,0,0,0,0,.000,0,1,0,0,0,0,0,0,.000
9362,Adam Moore,Indians,9,5,5,0,0,0,0,0,0,0,.000,0,4,0,0,0,0,0,0,.000
9434,Dallas Keuchel,Astros,26,2,2,0,0,0,0,0,0,0,.000,0,0,0,0,0,0,0,0,.000
9628,Michael McKenry,Cardinals,3,1,2,0,0,0,0,0,0,0,.000,0,1,0,0,1,0,0,0,.000
9894,Mike Broadway,Giants,4,0,1,0,0,0,0,0,0,0,.000,0,0,0,0,1,0,0,0,.000
9919,A.J. Morris,Reds,7,1,1,0,0,0,0,0,0,0,.000,0,1,0,0,0,0,0,0,.000
10039,Keyvius Sampson,Reds,18,7,7,0,0,0,0,0,0,0,.000,0,6,0,0,0,0,0,0,.000
10066,Ian Krol,Braves,63,1,1,0,0,0,0,0,0,0,.000,0,0,0,0,0,0,0,0,.000
10123,Kyle Gibson,Twins,25,7,8,0,0,0,0,0,1,0,.000,0,5,0,0,0,0,0,0,.000
10160,Ryan Weber,Braves,16,6,6,0,0,0,0,0,0,0,.000,0,3,0,0,0,0,0,0,.000
10234,Bryan Morris,Marlins,24,1,1,0,0,0,0,0,0,0,.000,0,1,0,0,0,0,0,0,.000
10285,Josh Smoker,Mets,20,1,1,0,0,0,0,0,0,0,.000,0,1,0,0,0,0,0,0,.000
10315,Michael Tonkin,Twins,65,2,2,0,0,0,0,0,0,0,.000,0,1,0,0,0,0,0,0,.000
10337,Edwin Escobar,Diamondbacks,25,2,2,0,0,0,0,0,0,0,.000,0,1,0,0,0,0,0,0,.000
10354,Robbie Erlin,Padres,3,6,6,0,0,0,0,0,0,0,.000,0,3,0,0,0,0,0,0,.000
10430,Mychal Givens,Orioles,66,2,2,0,0,0,0,0,0,0,.000,0,1,0,0,0,0,0,0,.000
10481,Shawn Tolleson,Rangers,37,1,1,0,0,0,0,0,0,0,.000,0,1,0,0,0,0,0,0,.000
10528,Drew Hayes,Reds,6,1,2,0,0,0,0,0,0,0,.000,0,0,0,0,1,0,0,0,.000
10529,Dean Kiekhefer,Cardinals,26,1,1,0,0,0,0,0,0,0,.000,0,0,0,0,0,0,0,0,.000
10622,Zach Walters,Dodgers,3,5,5,0,0,0,0,0,0,0,.000,0,2,0,0,0,0,0,0,.000
10700,Ryan LaMarre,Red Sox,6,5,6,0,0,0,0,0,1,0,.000,0,2,0,0,0,1,0,0,.000
10732,Drew Hutchison,Pirates,6,1,1,0,0,0,0,0,0,0,.000,0,1,0,0,0,0,0,0,.000
10745,Trevor Rosenthal,Cardinals,45,1,1,0,0,0,0,0,0,0,.000,0,1,0,0,0,0,0,0,.000
10756,Shane Greene,Tigers,50,2,2,0,0,0,0,0,0,0,.000,0,0,0,0,0,0,0,0,.000
10962,Jake Buchanan,Cubs,2,1,1,0,0,0,0,0,0,0,.000,0,1,0,0,0,0,0,0,.000
10976,Ryan O'Rourke,Twins,26,1,1,0,0,0,0,0,0,0,.000,0,0,0,0,0,0,0,0,.000
11132,A.J. Griffin,Rangers,23,2,2,0,0,0,0,0,0,0,.000,0,2,0,0,0,0,0,0,.000
11137,Mike Bolsinger,Dodgers,6,9,9,0,0,0,0,0,0,0,.000,0,7,0,0,0,0,0,0,.000
11203,Grant Dayton,Dodgers,25,1,1,0,0,0,0,0,0,0,.000,0,1,0,0,0,0,0,0,.000
11294,Zach Neal,Athletics,24,2,2,0,0,0,0,0,0,0,.000,0,0,0,0,0,0,0,0,.000
11334,Tyler Lyons,Cardinals,30,4,4,0,0,0,0,0,0,0,.000,0,2,0,0,0,0,0,0,.000
11342,Jesus Aguilar,Indians,9,6,6,0,0,0,0,0,0,0,.000,0,1,0,0,0,0,0,0,.000
11378,Tyrell Jenkins,Braves,14,13,17,0,0,0,0,0,0,0,.000,0,4,0,0,4,0,0,0,.000
11423,Jose Quintana,White Sox,32,2,2,0,0,0,0,0,0,0,.000,0,1,0,0,0,0,0,0,.000
11432,A.J. Schugel,Pirates,36,2,3,0,0,0,0,0,0,0,.000,0,1,0,0,1,0,0,0,.000
11457,Sammy Solis,Nationals,37,3,3,0,0,0,0,0,0,0,.000,0,1,0,0,0,0,0,0,.000
11467,A.J. Cole,Nationals,8,7,8,0,0,0,0,0,0,0,.000,0,4,0,0,1,1,0,0,.000
11490,Aaron Sanchez,Blue Jays,30,9,10,0,0,0,0,0,0,0,.000,0,5,0,0,0,0,0,0,.000
11592,Williams Perez,Braves,11,17,19,0,0,0,0,0,0,0,.000,0,5,0,0,2,1,0,0,.000
11680,Elias Diaz,Pirates,1,4,4,0,0,0,0,0,0,1,.000,0,1,0,0,0,0,0,0,.000
11681,Vicente Campos,Diamondbacks,1,2,2,0,0,0,0,0,0,0,.000,0,0,0,0,0,0,0,0,.000
11716,Nick Tepesch,Dodgers,1,1,1,0,0,0,0,0,0,0,.000,0,1,0,0,0,0,0,0,.000
11760,Drew Smyly,Rays,30,2,2,0,0,0,0,0,0,0,.000,0,0,0,0,0,0,0,0,.000
11801,Hansel Robles,Mets,68,3,3,0,0,0,0,0,0,0,.000,0,2,0,0,0,1,0,0,.000
11828,James Paxton,Mariners,20,3,4,0,0,0,0,0,0,0,.000,0,3,0,0,0,0,0,0,.000
12022,Matt Andriese,Rays,29,1,1,0,0,0,0,0,0,0,.000,0,0,0,0,0,0,0,0,.000
12076,Felipe Rivero,Nationals,47,1,1,0,0,0,0,0,0,0,.000,0,1,0,0,0,0,0,0,.000
12118,Kendry Flores,Marlins,1,1,1,0,0,0,0,0,0,0,.000,0,1,0,0,0,0,0,0,.000
12181,Matt Duffy,Astros,3,3,3,0,0,0,0,0,0,0,.000,0,2,0,0,0,0,0,0,.000
12235,Seth Maness,Cardinals,29,1,1,0,0,0,0,0,0,0,.000,0,1,0,0,0,0,0,0,.000
12264,Colton Murray,Phillies,24,1,1,0,0,0,0,0,0,0,.000,0,1,0,0,0,0,0,0,.000
12361,Spencer Patton,Cubs,16,2,2,0,0,0,0,0,0,0,.000,0,1,0,0,0,0,0,0,.000
12385,Nick Tropeano,Angels,13,2,2,0,0,0,0,0,0,0,.000,0,1,0,0,0,0,0,0,.000
12520,Erik Johnson,Padres,4,4,5,0,0,0,0,0,0,0,.000,0,3,0,0,1,0,0,0,.000
12555,Tony Cingrani,Reds,65,0,1,0,0,0,0,0,1,0,.000,0,0,0,0,0,0,0,0,.000
12606,Raffy Lopez,Reds,8,7,7,0,0,0,0,0,0,0,.000,0,3,0,0,0,0,0,0,.000
12638,Nate Karns,Mariners,22,1,1,0,0,0,0,0,0,0,.000,0,0,0,0,0,0,0,0,.000
12675,Phil Klein,Phillies,4,2,2,0,0,0,0,0,0,0,.000,0,2,0,0,0,0,0,0,.000
12703,Trevor Bauer,Indians,35,5,6,0,0,0,0,0,0,0,.000,0,5,0,0,1,0,0,0,.000
12730,Nick Martinez,Rangers,12,2,2,0,0,0,0,0,0,0,.000,0,1,0,0,0,0,0,0,.000
12760,Rafael Montero,Mets,9,5,5,0,0,0,0,0,0,0,.000,0,3,0,0,0,0,0,0,.000
12768,Sonny Gray,Athletics,22,2,3,0,0,0,0,0,0,0,.000,0,1,0,0,1,0,0,0,.000
12779,Andrew Burns,Blue Jays,10,6,7,0,0,0,0,0,2,0,.000,0,2,1,0,0,0,0,0,.000
12797,Dalton Pompey,Blue Jays,8,2,2,0,0,0,0,0,3,0,.000,0,1,0,0,0,0,2,1,.000
12808,Mike Clevinger,Indians,17,2,2,0,0,0,0,0,0,0,.000,0,0,0,0,0,0,0,0,.000
12917,Dylan Bundy,Orioles,36,3,3,0,0,0,0,0,0,0,.000,0,2,0,0,0,0,0,0,.000
12938,Gabriel Ynoa,Mets,10,3,3,0,0,0,0,0,0,0,.000,0,0,0,0,0,0,0,0,.000
12970,Joe Musgrove,Astros,11,0,1,0,0,0,0,0,0,0,.000,0,0,0,0,1,0,0,0,.000
13048,Hisashi Iwakuma,Mariners,33,2,3,0,0,0,0,0,0,0,.000,0,1,0,0,1,0,0,0,.000
13071,Wei-Yin Chen,Marlins,22,44,49,0,0,0,0,0,0,0,.000,0,18,0,0,5,2,0,0,.000
13133,Derek Law,Giants,61,1,1,0,0,0,0,0,0,0,.000,0,0,0,0,0,0,0,0,.000
13164,Eduardo Rodriguez,Red Sox,20,2,2,0,0,0,0,0,0,0,.000,0,2,0,0,0,0,0,0,.000
13218,Michael Fulmer,Tigers,26,2,2,0,0,0,0,0,0,0,.000,0,2,0,0,0,0,0,0,.000
13287,Jesse Hahn,Athletics,9,1,1,0,0,0,0,0,0,0,.000,0,1,0,0,0,0,0,0,.000
13300,Spencer Kieboom,Nationals,1,0,1,0,0,0,0,0,1,0,.000,0,0,0,0,0,0,0,0,.000
13420,Matt Koch,Diamondbacks,7,3,6,0,0,0,0,0,0,0,.000,0,3,0,0,2,0,0,0,.000
13431,Marcus Stroman,Blue Jays,32,5,6,0,0,0,0,0,1,0,.000,0,0,0,0,1,0,0,0,.000
13475,Daniel Norris,Tigers,14,2,3,0,0,0,0,0,0,0,.000,0,0,0,0,0,0,0,0,.000
13528,Matt Bowman,Cardinals,59,1,2,0,0,0,0,0,0,0,.000,0,1,0,0,1,0,0,0,.000
13533,Andrew Triggs,Athletics,24,2,2,0,0,0,0,0,0,0,.000,0,2,0,0,0,0,0,0,.000
13543,Blake Snell,Rays,19,2,3,0,0,0,0,0,0,0,.000,0,1,0,0,0,0,0,0,.000
13580,Steven Okert,Giants,16,1,1,0,0,0,0,0,0,0,.000,0,1,0,0,0,0,0,0,.000
13594,Robert Stephenson,Reds,8,10,13,0,0,0,0,0,0,0,.000,0,5,0,0,3,1,0,0,.000
13607,Carl Edwards Jr.,Cubs,37,1,1,0,0,0,0,0,0,0,.000,0,1,0,0,0,0,0,0,.000
13658,Terrance Gore,Royals,17,3,3,0,0,0,0,0,6,0,.000,0,1,0,0,0,0,11,2,.000
13684,John Gant,Braves,20,7,10,0,0,0,0,0,0,0,.000,0,1,0,0,3,0,0,0,.000
13713,Kyle Barraclough,Marlins,75,1,1,0,0,0,0,0,0,0,.000,0,1,0,0,0,0,0,0,.000
13758,Tyler Duffey,Twins,26,1,2,0,0,0,0,0,0,0,.000,0,1,0,0,1,0,0,0,.000
13761,Chris Stratton,Giants,7,1,1,0,0,0,0,0,0,0,.000,0,0,0,0,0,1,0,0,.000
13796,Tyler Wagner,Diamondbacks,3,2,2,0,0,0,0,0,0,0,.000,0,1,0,0,0,0,0,0,.000
13849,Jon Moscot,Reds,5,4,7,0,0,0,0,0,0,0,.000,0,3,1,0,2,0,0,0,.000
13891,Mike Miller,Red Sox,1,1,1,0,0,0,0,0,0,0,.000,0,0,0,0,0,0,0,0,.000
13942,Brent Suter,Brewers,14,2,2,0,0,0,0,0,0,0,.000,0,1,0,0,0,0,0,0,.000
14099,Cesar Vargas,Padres,7,8,9,0,0,0,0,0,0,0,.000,0,5,0,0,1,0,0,0,.000
14107,Kevin Gausman,Orioles,30,2,3,0,0,0,0,0,0,0,.000,0,2,0,0,0,0,0,0,.000
14444,Hyun-Jin Ryu,Dodgers,1,1,1,0,0,0,0,0,0,0,.000,0,0,0,0,0,0,0,0,.000
14556,Max Moroff,Pirates,2,2,2,0,0,0,0,0,0,0,.000,0,2,0,0,0,0,0,0,.000
14697,Severino Gonzalez,Phillies,27,1,1,0,0,0,0,0,0,0,.000,0,0,0,0,0,0,0,0,.000
14710,Edwin Diaz,Mariners,49,1,1,0,0,0,0,0,0,0,.000,0,0,0,0,0,0,0,0,.000
15038,German Marquez,Rockies,6,6,8,0,0,0,0,0,1,0,.000,0,3,0,0,2,0,0,0,.000
15051,Silvino Bracho,Diamondbacks,26,1,1,0,0,0,0,0,0,0,.000,0,1,0,0,0,0,0,0,.000
15094,Rob Zastryzny,Cubs,8,3,3,0,0,0,0,0,0,0,.000,0,2,0,0,0,0,0,0,.000
15179,Daniel Wright,Reds,4,5,6,0,0,0,0,0,0,0,.000,0,2,0,0,1,0,0,0,.000
15232,Cody Reed,Reds,10,11,14,0,0,0,0,0,1,0,.000,0,6,0,0,2,0,0,0,.000
15306,Donnie Hart,Orioles,22,1,1,0,0,0,0,0,0,0,.000,0,1,0,0,0,0,0,0,.000
15463,Jose De Leon,Dodgers,4,4,4,0,0,0,0,0,0,0,.000,0,1,0,0,0,0,0,0,.000
15514,Kendall Graveman,Athletics,31,4,5,0,0,0,0,0,0,0,.000,0,3,0,0,1,0,0,0,.000
15552,Chad Green,Yankees,12,4,4,0,0,0,0,0,0,0,.000,0,4,0,0,0,0,0,0,.000
15764,Masahiro Tanaka,Yankees,31,2,2,0,0,0,0,0,0,0,.000,0,2,0,0,0,0,0,0,.000
15873,Sean Manaea,Athletics,25,2,2,0,0,0,0,0,0,0,.000,0,1,0,0,0,0,0,0,.000
16086,Edubray Ramos,Phillies,42,0,1,0,0,0,0,0,0,0,.000,0,0,0,0,0,0,0,0,.000
16137,Carlos Rodon,White Sox,28,3,3,0,0,0,0,0,0,0,.000,0,2,0,0,0,0,0,0,.000
16478,Kyle Schwarber,Cubs,2,4,5,0,0,0,0,0,0,0,.000,0,2,0,0,0,0,0,0,.000
16977,Trevor Williams,Pirates,7,1,3,0,0,0,0,0,1,1,.000,0,1,0,0,0,0,0,0,.000
16980,Daniel Mengden,Athletics,14,6,6,0,0,0,0,0,0,0,.000,0,3,0,0,0,0,0,0,.000
17233,Brian Ellington,Marlins,32,1,1,0,0,0,0,0,0,0,.000,0,1,0,0,0,0,0,0,.000
17432,Jeff Hoffman,Rockies,8,8,9,0,0,0,0,0,0,0,.000,0,2,0,0,1,0,0,0,.000
18719,Seung Hwan Oh,Cardinals,76,2,2,0,0,0,0,0,0,0,.000,0,2,0,0,0,0,0,0,.000
