PlayerId,Name,Team,PA,BBPer,KPer,BB:K,AVG,OBP,SLG,OPS,ISO,Spd,BABIP,UBR,wGDP,WsB,wRC,wRAA,wOBA,WRCplus
2554,Chris Parmelee,Yankees,8,0.0 ,37.5 ,0.00,.500,.500,1.375,1.875,.875,2.6,.667,0.1,0.0,0.0,4,3.0,.769,407
12090,Yefri Perez,Marlins,3,0.0 ,33.3 ,0.00,.667,.667,1.000,1.667,.333,6.3,1.000,0.7,0.0,0.0,1,1.0,.707,358
12547,John Hicks,Tigers,2,0.0 ,0.0 ,0.00,.500,.500,1.000,1.500,.500,2.6,.500,-0.2,0.0,0.0,1,0.5,.621,305
15149,Trey Mancini,Orioles,15,0.0 ,26.7 ,0.00,.357,.400,1.071,1.471,.714,0.1,.286,-0.1,0.1,0.0,5,3.4,.592,284
5942,Jesus Sucre,Mariners,29,6.9 ,17.2 ,0.40,.480,.552,.680,1.232,.200,1.0,.579,-0.2,0.0,0.0,8,5.0,.525,244
15464,Hunter Renfroe,Padres,36,2.8 ,13.9 ,0.20,.371,.389,.800,1.189,.429,2.0,.346,0.3,0.0,0.0,9,5.0,.487,213
15580,Dariel Alvarez,Orioles,4,25.0 ,0.0 ,1.00,.333,.500,.667,1.167,.333,0.1,.333,-0.2,0.0,0.0,1,0.5,.483,209
17005,Gavin Cecchini,Mets,7,0.0 ,28.6 ,0.00,.333,.429,.667,1.095,.333,2.6,.500,-0.2,0.0,0.0,2,0.8,.458,194
14523,Pedro Severino,Nationals,34,14.7 ,8.8 ,1.67,.321,.441,.607,1.048,.286,1.6,.304,0.3,0.2,0.0,8,3.5,.444,179
7226,Matt Davidson,White Sox,2,0.0 ,50.0 ,0.00,.500,.500,.500,1.000,.000,2.6,1.000,-0.1,0.0,0.0,0,0.2,.439,180
12983,Charlie Tilson,White Sox,2,0.0 ,0.0 ,0.00,.500,.500,.500,1.000,.000,0.1,.500,0.0,0.0,0.0,0,0.2,.439,180
7996,Jose Martinez,Cardinals,18,11.1 ,5.6 ,2.00,.438,.500,.500,1.000,.063,2.3,.467,0.3,0.1,0.0,4,1.8,.439,178
15119,Jordan Patterson,Rockies,19,5.3 ,5.3 ,1.00,.444,.474,.500,.974,.056,1.3,.471,0.3,0.1,-0.4,4,1.7,.425,151
7620,Justin Ruggiano,- - -,26,7.7 ,38.5 ,0.20,.333,.385,.625,1.010,.292,2.3,.500,0.0,-0.2,-0.4,5,2.3,.425,171
11442,Gary Sanchez,Yankees,229,10.5 ,24.9 ,0.42,.299,.376,.657,1.032,.358,2.2,.317,-1.6,0.5,0.1,47,20.2,.425,171
745,David Ortiz,Red Sox,626,12.8 ,13.7 ,0.93,.315,.401,.620,1.021,.305,2.2,.312,-7.5,-2.5,0.1,126,52.2,.419,163
10155,Mike Trout,Angels,681,17.0 ,20.1 ,0.85,.315,.441,.550,.991,.235,6.6,.371,3.2,3.5,2.6,136,56.2,.418,171
13499,Tom Murphy,Rockies,49,8.2 ,38.8 ,0.21,.273,.347,.659,1.006,.386,4.2,.350,0.4,-0.2,0.2,10,4.0,.417,145
4314,Joey Votto,Reds,677,16.0 ,17.7 ,0.90,.326,.434,.550,.985,.225,3.9,.366,-3.2,-0.2,0.7,133,53.1,.413,158
4316,Daniel Murphy,Nationals,582,6.0 ,9.8 ,0.61,.347,.390,.595,.985,.249,4.4,.348,1.6,2.3,-0.5,112,43.4,.408,156
5038,Josh Donaldson,Blue Jays,700,15.6 ,17.0 ,0.92,.284,.404,.549,.953,.265,5.1,.300,0.1,-0.4,0.5,131,49.0,.403,155
5361,Freddie Freeman,Braves,693,12.8 ,24.7 ,0.52,.302,.400,.569,.968,.267,4.8,.370,-1.3,2.0,0.4,129,47.7,.402,152
1744,Miguel Cabrera,Tigers,679,11.0 ,17.1 ,0.65,.316,.393,.563,.956,.247,1.3,.336,-6.6,-3.0,-0.4,125,45.1,.399,152
13047,Munenori Kawasaki,Cubs,26,15.4 ,19.2 ,0.80,.333,.462,.429,.890,.095,5.3,.438,0.4,-0.1,0.4,5,1.7,.398,150
15429,Kris Bryant,Cubs,699,10.7 ,22.0 ,0.49,.292,.385,.554,.939,.262,4.5,.332,3.2,5.0,-0.9,127,45.1,.396,149
16252,Trea Turner,Nationals,324,4.3 ,18.2 ,0.24,.342,.370,.567,.937,.225,8.7,.388,0.5,0.9,4.0,59,20.6,.395,147
7859,Charlie Blackmon,Rockies,641,6.7 ,15.9 ,0.42,.324,.381,.552,.933,.228,5.9,.350,2.1,1.7,-0.7,116,40.1,.394,130
9874,DJ LeMahieu,Rockies,635,10.4 ,12.6 ,0.83,.348,.416,.495,.911,.147,5.6,.388,2.7,-2.0,-1.1,113,38.5,.391,128
3473,Anthony Rizzo,Cubs,676,10.9 ,16.0 ,0.69,.292,.385,.544,.928,.252,3.2,.309,-2.6,1.6,-1.8,120,40.7,.391,145
5417,Jose Altuve,Astros,717,8.4 ,9.8 ,0.86,.338,.396,.531,.928,.194,5.8,.347,-1.1,-0.2,1.5,127,42.9,.391,150
9777,Nolan Arenado,Rockies,696,9.8 ,14.8 ,0.66,.294,.362,.570,.932,.275,3.8,.293,0.1,0.0,-1.2,121,39.0,.386,124
6184,J.D. Martinez,Tigers,517,9.5 ,24.8 ,0.38,.307,.373,.535,.908,.228,2.7,.378,-1.8,-0.7,-0.9,89,28.0,.384,142
2434,Nelson Cruz,Mariners,667,9.3 ,23.8 ,0.39,.287,.360,.555,.915,.268,2.8,.320,-3.2,-0.1,0.0,114,35.8,.383,147
11192,Brett Nicholas,Rangers,45,8.9 ,20.0 ,0.44,.275,.356,.550,.906,.275,1.0,.310,0.2,-0.4,0.0,8,2.4,.383,138
9218,Paul Goldschmidt,Diamondbacks,705,15.6 ,21.3 ,0.73,.297,.411,.489,.899,.192,5.7,.358,1.4,0.1,3.9,120,37.1,.382,134
12564,Trevor Story,Rockies,415,8.4 ,31.3 ,0.27,.272,.341,.567,.909,.296,5.9,.343,1.5,1.1,-0.6,70,21.2,.380,120
13611,Mookie Betts,Red Sox,730,6.7 ,11.0 ,0.61,.318,.363,.534,.897,.216,6.4,.322,5.9,0.8,3.1,123,36.9,.379,135
3410,Ryan Braun,Brewers,564,8.2 ,17.4 ,0.47,.305,.365,.538,.903,.233,5.0,.326,0.6,-1.8,0.8,94,27.8,.378,133
13723,Jacob Stallings,Pirates,15,0.0 ,26.7 ,0.00,.400,.400,.467,.867,.067,4.1,.545,0.0,0.0,0.2,2,0.7,.376,138
3353,Matt Joyce,Pirates,293,20.1 ,22.9 ,0.88,.242,.403,.463,.866,.221,3.1,.285,0.2,-0.9,-0.4,48,13.8,.375,137
8090,Matt Carpenter,Cardinals,566,14.3 ,19.1 ,0.75,.271,.380,.505,.885,.235,4.0,.307,-2.0,0.9,-2.0,93,26.6,.375,135
13359,Tyler Naquin,Indians,365,9.9 ,30.7 ,0.32,.296,.372,.514,.886,.218,6.0,.411,1.7,0.2,-0.2,60,16.9,.374,135
10264,Brandon Belt,Giants,655,15.9 ,22.6 ,0.70,.275,.394,.474,.868,.199,3.7,.346,-3.0,2.3,-2.1,107,30.1,.374,138
2151,Edwin Encarnacion,Blue Jays,702,12.4 ,19.7 ,0.63,.263,.357,.529,.886,.266,2.2,.270,-0.9,-1.2,0.0,115,31.9,.373,134
13624,Corey Seager,Dodgers,687,7.9 ,19.4 ,0.41,.308,.365,.512,.877,.204,4.1,.355,2.7,0.9,-1.0,112,30.6,.372,137
639,Adrian Beltre,Rangers,640,7.5 ,10.3 ,0.73,.300,.358,.521,.879,.221,2.1,.293,-1.0,0.8,-0.6,103,28.1,.371,130
5933,Jean Segura,Diamondbacks,694,5.6 ,14.6 ,0.39,.319,.368,.499,.867,.181,6.8,.353,2.4,0.6,2.1,112,30.4,.371,126
9957,Steve Pearce,- - -,302,11.3 ,17.9 ,0.63,.288,.374,.492,.867,.205,2.2,.318,1.6,0.0,-1.4,49,13.1,.371,136
9856,Brandon Snyder,Braves,47,2.1 ,34.0 ,0.06,.239,.255,.652,.907,.413,5.1,.269,-1.8,0.0,0.0,8,2.0,.370,131
3269,Robinson Cano,Mariners,715,6.6 ,14.0 ,0.47,.298,.350,.533,.882,.235,2.2,.299,-0.5,-0.5,-0.8,115,30.7,.370,138
9810,Brian Dozier,Twins,691,8.8 ,20.0 ,0.44,.268,.340,.546,.886,.278,6.1,.280,2.7,0.3,2.5,111,29.5,.370,132
2396,Carlos Santana,Indians,688,14.4 ,14.4 ,1.00,.259,.366,.498,.865,.239,3.5,.258,0.9,-1.6,-0.2,110,29.4,.370,132
15937,Aledmys Diaz,Cardinals,460,8.9 ,13.0 ,0.68,.300,.369,.510,.879,.210,4.3,.312,-1.3,-0.5,-1.1,74,19.6,.370,132
13110,Yoenis Cespedes,Mets,543,9.4 ,19.9 ,0.47,.280,.354,.530,.884,.251,2.9,.298,0.7,-0.8,-0.1,87,22.8,.369,134
17182,Jung Ho Kang,Pirates,370,9.7 ,21.4 ,0.46,.255,.354,.513,.867,.258,2.7,.273,-2.4,-0.7,0.0,59,15.6,.369,133
11477,Christian Yelich,Marlins,659,10.9 ,20.9 ,0.52,.298,.376,.483,.859,.185,3.9,.356,3.3,-0.6,-0.2,104,26.8,.367,130
8001,Hanley Ramirez,Red Sox,620,9.7 ,19.4 ,0.50,.286,.361,.505,.866,.219,3.7,.315,-1.2,-0.4,0.2,98,25.2,.367,127
4062,Dexter Fowler,Cubs,551,14.3 ,22.5 ,0.64,.276,.393,.447,.840,.171,6.5,.350,4.3,1.3,0.6,87,22.2,.367,129
13744,David Dahl,Rockies,237,6.3 ,24.9 ,0.25,.315,.359,.500,.859,.185,7.7,.404,1.1,0.8,0.9,37,9.5,.367,111
11493,Manny Machado,Orioles,696,6.9 ,17.2 ,0.40,.294,.343,.533,.876,.239,2.3,.309,0.9,0.3,-1.6,110,27.6,.366,129
13414,Andrew Toles,Dodgers,115,7.0 ,21.7 ,0.32,.314,.365,.505,.870,.190,4.8,.385,1.9,0.6,-0.3,18,4.4,.365,132
15447,Ryon Healy,Athletics,283,4.2 ,21.2 ,0.20,.305,.337,.524,.861,.219,1.3,.352,-1.0,-0.4,-0.1,44,10.8,.364,134
3882,Chris Young,Red Sox,227,9.3 ,22.0 ,0.42,.276,.352,.498,.850,.222,3.4,.326,0.5,0.5,-0.1,35,8.6,.364,125
6589,Sean Rodriguez,Pirates,342,9.6 ,29.8 ,0.32,.270,.349,.510,.859,.240,3.5,.344,-1.5,0.6,-0.2,53,12.7,.363,129
5254,Robbie Grossman,Twins,389,14.1 ,24.7 ,0.57,.280,.386,.443,.828,.163,2.7,.364,1.1,1.1,-1.1,60,14.4,.363,127
9785,Kyle Seager,Mariners,676,10.2 ,16.0 ,0.64,.278,.359,.499,.859,.221,3.4,.295,-0.4,-1.4,-0.2,105,24.9,.363,133
11609,Willson Contreras,Cubs,283,9.2 ,23.7 ,0.39,.282,.357,.488,.845,.206,2.9,.339,0.1,-0.7,-0.6,44,10.4,.363,126
9953,Ryan Schimpf,Padres,330,12.7 ,31.8 ,0.40,.217,.336,.533,.869,.315,4.9,.260,3.9,0.7,-0.4,51,12.1,.362,129
5273,Sandy Leon,Red Sox,283,8.1 ,23.3 ,0.35,.310,.369,.476,.845,.167,2.9,.392,-1.4,0.4,-0.2,44,10.3,.362,123
4251,Stephen Drew,Nationals,165,9.7 ,18.8 ,0.52,.266,.339,.524,.864,.259,3.4,.278,-0.9,0.2,-0.5,25,5.9,.362,124
7870,Jonathan Lucroy,- - -,544,8.6 ,18.4 ,0.47,.292,.355,.500,.855,.208,4.3,.322,-0.6,-0.8,0.7,84,19.5,.362,123
1433,Wilson Ramos,Nationals,523,6.7 ,15.1 ,0.44,.307,.354,.496,.850,.189,0.9,.327,-4.8,-1.8,-0.3,80,18.7,.361,124
7287,Carlos Gonzalez,Rockies,632,7.3 ,20.4 ,0.36,.298,.350,.505,.855,.207,3.0,.346,-2.2,1.5,-0.7,97,22.6,.361,108
4063,Anthony Recker,Braves,112,14.3 ,19.6 ,0.73,.278,.394,.433,.828,.156,2.0,.343,-0.5,0.6,0.1,17,3.9,.361,125
7435,Ben Zobrist,Cubs,631,15.2 ,13.0 ,1.17,.272,.386,.446,.831,.174,4.0,.290,4.1,-1.5,-0.9,96,21.8,.360,124
11899,Joc Pederson,Dodgers,476,13.2 ,27.3 ,0.48,.246,.352,.495,.847,.249,3.2,.296,-1.1,1.4,0.1,72,16.3,.360,129
589,Carlos Beltran,- - -,593,5.9 ,17.0 ,0.35,.295,.337,.513,.850,.217,1.8,.315,-2.8,-1.0,-0.1,89,19.6,.358,124
6876,Mark Trumbo,Orioles,667,7.6 ,25.5 ,0.30,.256,.316,.533,.850,.277,2.9,.278,-1.7,-0.4,0.1,101,22.0,.358,123
8370,Dustin Pedroia,Red Sox,698,8.7 ,10.5 ,0.84,.318,.376,.449,.825,.131,3.5,.339,-1.1,-2.7,-0.7,105,23.0,.358,120
10067,Tomas Telis,Marlins,13,0.0 ,15.4 ,0.00,.308,.308,.538,.846,.231,0.1,.300,0.0,0.0,0.0,2,0.4,.358,124
9284,Chris Herrmann,Diamondbacks,166,9.6 ,26.5 ,0.36,.284,.352,.493,.845,.209,6.8,.364,1.0,0.4,0.7,25,5.4,.358,117
17901,Andrew Benintendi,Red Sox,118,8.5 ,21.2 ,0.40,.295,.359,.476,.835,.181,5.2,.367,-0.1,0.8,0.1,18,3.8,.357,120
6195,Ian Kinsler,Tigers,679,6.6 ,16.9 ,0.39,.288,.348,.484,.831,.196,5.8,.314,2.4,1.3,-0.1,101,21.4,.356,123
10071,Jonathan Villar,Brewers,679,11.6 ,25.6 ,0.45,.285,.369,.457,.826,.171,6.4,.373,-1.5,0.1,4.6,101,21.0,.356,118
13510,Jose Ramirez,Indians,618,7.1 ,10.0 ,0.71,.312,.363,.462,.825,.150,5.5,.333,6.9,0.7,1.2,91,18.7,.355,122
1887,Jose Bautista,Blue Jays,517,16.8 ,19.9 ,0.84,.234,.366,.452,.817,.217,2.5,.255,-1.4,-3.1,-0.7,76,15.5,.355,122
12984,Jackie Bradley Jr.,Red Sox,636,9.9 ,22.5 ,0.44,.267,.349,.486,.835,.219,5.9,.312,3.4,1.2,0.6,94,18.9,.354,118
5235,Justin Turner,Dodgers,622,7.7 ,17.2 ,0.45,.275,.339,.493,.832,.218,3.8,.293,-0.1,0.2,0.1,91,17.9,.353,124
12856,George Springer,Astros,744,11.8 ,23.9 ,0.49,.261,.359,.457,.815,.196,4.7,.317,2.2,0.2,-2.8,109,21.4,.353,124
13329,Jake Lamb,Diamondbacks,594,10.8 ,25.9 ,0.42,.249,.332,.509,.840,.260,5.9,.294,4.7,-0.7,0.5,87,16.8,.352,114
18718,Hyun Soo Kim,Orioles,346,10.4 ,14.7 ,0.71,.302,.382,.420,.801,.118,2.4,.345,0.8,0.0,-1.3,51,9.8,.352,119
12101,Kennys Vargas,Twins,177,13.6 ,32.2 ,0.42,.230,.333,.500,.833,.270,1.7,.291,-0.7,0.1,-0.1,26,5.0,.352,120
6962,Ryan Kalish,Cubs,10,10.0 ,0.0 ,1.00,.286,.444,.286,.730,.000,1.6,.286,0.3,0.1,0.0,1,0.3,.352,119
5223,Cameron Maybin,Tigers,391,9.2 ,17.6 ,0.52,.315,.383,.418,.801,.103,6.9,.383,2.0,0.2,0.3,57,10.8,.352,120
2636,Brandon Guyer,- - -,345,5.5 ,15.9 ,0.35,.266,.372,.423,.795,.157,3.8,.300,-1.8,-0.4,-0.4,50,9.3,.351,122
9241,Starling Marte,Pirates,529,4.3 ,19.7 ,0.22,.311,.362,.456,.818,.145,7.7,.380,1.9,0.9,4.2,77,14.3,.351,121
7539,Neil Walker,Mets,458,9.2 ,18.3 ,0.50,.282,.347,.476,.823,.194,2.9,.302,-1.0,-0.4,-0.1,66,12.4,.351,122
393,Victor Martinez,Tigers,610,8.2 ,14.8 ,0.56,.289,.351,.476,.826,.186,0.8,.303,-9.2,-1.8,-0.4,88,16.4,.351,120
4969,Luis Valbuena,Astros,342,12.9 ,23.7 ,0.54,.260,.357,.459,.816,.199,2.4,.315,-0.2,0.5,-0.4,49,9.2,.351,123
11368,Yasmani Grandal,Dodgers,457,14.0 ,25.4 ,0.55,.228,.339,.477,.816,.249,1.9,.250,-3.3,-0.9,-1.3,66,12.0,.350,122
9368,Evan Longoria,Rays,685,6.1 ,21.0 ,0.29,.273,.318,.521,.840,.248,2.7,.298,0.6,1.0,-1.5,99,18.0,.350,123
14103,Rio Ruiz,Braves,7,0.0 ,28.6 ,0.00,.286,.286,.571,.857,.286,10.0,.400,0.0,0.1,0.2,1,0.2,.350,117
11737,Nick Castellanos,Tigers,447,6.3 ,24.8 ,0.25,.285,.331,.496,.827,.212,3.6,.345,-3.0,1.8,-0.4,64,11.6,.350,119
2495,Pedro Alvarez,Orioles,376,9.8 ,25.8 ,0.38,.249,.322,.504,.826,.255,1.8,.282,1.1,1.0,0.0,54,9.6,.349,117
9112,Khris Davis,Athletics,610,6.9 ,27.2 ,0.25,.247,.307,.524,.831,.277,2.7,.270,-0.4,-1.6,-0.9,87,15.6,.349,123
14162,Carlos Correa,Astros,660,11.4 ,21.1 ,0.54,.274,.361,.451,.811,.177,4.5,.328,2.2,0.8,1.0,95,16.9,.349,122
15676,Jose Abreu,White Sox,695,6.8 ,18.0 ,0.38,.293,.353,.468,.820,.175,1.3,.327,-2.9,-1.6,-1.2,99,17.6,.349,118
8252,Hunter Pence,Giants,442,9.7 ,21.5 ,0.45,.289,.357,.451,.808,.162,2.5,.348,-2.1,-0.1,-0.5,63,11.1,.349,121
7619,Mark Reynolds,Rockies,441,9.5 ,25.4 ,0.38,.282,.356,.450,.806,.168,2.1,.361,-2.2,0.4,-0.9,63,11.1,.349,99
10542,Derek Dietrich,Marlins,412,7.8 ,20.4 ,0.38,.279,.374,.425,.798,.145,4.2,.343,-3.0,0.6,-0.1,59,10.3,.348,117
12957,Steve Selsky,Reds,54,3.7 ,40.7 ,0.09,.314,.340,.471,.810,.157,5.0,.519,0.6,0.0,0.2,8,1.3,.348,114
12161,Xander Bogaerts,Red Sox,719,8.1 ,17.1 ,0.47,.294,.356,.446,.802,.152,4.5,.335,3.9,1.7,0.5,102,17.5,.348,113
9981,Michael Saunders,Blue Jays,558,10.6 ,28.1 ,0.38,.253,.338,.478,.815,.224,3.0,.321,1.4,-1.4,-0.9,79,13.5,.348,117
9776,Jason Kipnis,Indians,688,8.7 ,21.2 ,0.41,.275,.343,.469,.811,.193,5.4,.324,2.2,-2.5,1.4,98,16.5,.347,117
9911,Chris Carter,Brewers,644,11.8 ,32.0 ,0.37,.222,.321,.499,.821,.277,2.9,.260,-2.9,-1.1,-0.1,91,14.9,.346,112
12495,T.J. Rivera,Mets,113,2.7 ,15.0 ,0.18,.333,.345,.476,.821,.143,2.3,.360,0.4,0.0,-0.1,16,2.6,.346,119
10289,Hector Sanchez,- - -,54,7.4 ,18.5 ,0.40,.265,.333,.469,.803,.204,0.1,.278,-0.4,0.2,0.0,8,1.2,.346,117
5352,Yangervis Solarte,Padres,443,6.8 ,14.2 ,0.48,.286,.341,.467,.808,.180,2.5,.306,0.5,0.6,-0.5,62,10.0,.346,118
4962,Asdrubal Cabrera,Mets,568,6.7 ,18.1 ,0.37,.280,.336,.474,.810,.194,3.4,.310,-2.6,-1.4,0.3,80,12.8,.345,119
13367,Stephen Piscotty,Cardinals,649,7.9 ,20.5 ,0.38,.273,.343,.457,.800,.184,4.1,.319,-1.8,-0.6,-1.0,91,14.5,.345,115
11003,Evan Gattis,Astros,499,8.6 ,25.5 ,0.34,.251,.319,.508,.826,.257,1.9,.273,-0.8,-1.1,-0.2,70,11.1,.345,119
17171,Yasmany Tomas,Diamondbacks,563,5.5 ,24.2 ,0.23,.272,.313,.508,.820,.236,2.5,.310,-1.8,-2.2,-1.5,79,12.4,.345,109
3707,Geovany Soto,Angels,86,7.0 ,24.4 ,0.29,.269,.321,.487,.809,.218,1.4,.321,-1.1,0.4,0.0,12,1.9,.345,121
3411,Drew Butera,Royals,133,6.0 ,27.1 ,0.22,.285,.328,.480,.808,.195,3.3,.373,-1.2,0.3,-0.1,19,2.9,.345,114
8709,Elvis Andrus,Rangers,568,8.3 ,12.3 ,0.67,.302,.362,.439,.800,.136,6.7,.333,2.9,-2.3,1.2,79,12.3,.344,112
4949,Giancarlo Stanton,Marlins,470,10.6 ,29.8 ,0.36,.240,.326,.489,.815,.249,1.8,.290,-0.8,1.0,-0.2,65,10.0,.344,114
3787,David Wright,Mets,164,15.9 ,33.5 ,0.47,.226,.350,.438,.788,.212,2.7,.320,-0.7,1.1,-0.3,23,3.5,.344,117
11205,Adam Eaton,White Sox,706,8.9 ,16.3 ,0.55,.284,.362,.428,.790,.144,5.9,.329,2.1,2.0,0.3,98,14.9,.344,115
9744,Justin Bour,Marlins,321,11.8 ,17.4 ,0.68,.264,.349,.475,.824,.211,1.6,.278,0.1,0.0,-0.2,45,6.7,.343,114
10348,Domingo Santana,Brewers,281,11.4 ,32.4 ,0.35,.256,.345,.447,.792,.191,2.1,.359,0.1,-0.3,-1.0,39,5.8,.343,110
11579,Bryce Harper,Nationals,627,17.2 ,18.7 ,0.92,.243,.373,.441,.814,.198,4.6,.264,1.3,1.4,-0.3,87,13.0,.343,112
9253,Keon Broxton,Brewers,244,14.8 ,36.1 ,0.41,.242,.354,.430,.784,.188,6.5,.373,-0.3,1.0,2.8,34,5.0,.343,109
3057,Mike Napoli,Indians,645,12.1 ,30.1 ,0.40,.239,.335,.465,.800,.226,3.7,.296,-5.2,-0.2,0.2,89,13.0,.343,113
12861,Anthony Rendon,Nationals,647,10.0 ,18.1 ,0.56,.270,.348,.450,.797,.180,4.6,.304,2.1,1.5,-0.4,89,13.0,.342,112
4022,Melky Cabrera,White Sox,646,7.3 ,10.7 ,0.68,.296,.345,.455,.800,.159,3.4,.314,-2.3,-1.2,0.0,89,12.9,.342,114
6364,Danny Valencia,Athletics,517,7.9 ,22.2 ,0.36,.287,.346,.446,.792,.159,2.7,.346,-0.6,-0.4,-0.5,71,10.1,.342,118
7007,Yadier Molina,Cardinals,581,6.7 ,10.8 ,0.62,.307,.360,.427,.787,.120,2.3,.335,-5.2,-2.9,-0.6,80,11.4,.342,113
10349,Tommy Joseph,Phillies,347,6.3 ,21.6 ,0.29,.257,.308,.505,.813,.248,2.2,.267,-0.4,-1.2,-0.4,48,6.7,.342,113
10047,Wil Myers,Padres,676,10.1 ,23.7 ,0.43,.259,.336,.461,.797,.202,6.3,.305,4.5,0.5,2.8,93,13.0,.341,115
9166,Buster Posey,Giants,614,10.4 ,11.1 ,0.94,.288,.362,.434,.796,.147,4.1,.303,-2.1,-1.4,0.4,84,11.6,.341,116
12916,Francisco Lindor,Indians,684,8.3 ,12.9 ,0.65,.301,.358,.435,.794,.134,5.5,.324,0.4,-0.7,1.3,93,12.6,.340,112
11200,Kole Calhoun,Angels,672,10.0 ,17.6 ,0.57,.271,.348,.438,.786,.167,3.7,.309,1.1,1.8,-1.2,91,12.3,.340,118
9272,Chris Davis,Orioles,665,13.2 ,32.9 ,0.40,.221,.332,.459,.792,.239,2.3,.279,2.2,2.3,-0.2,90,12.0,.340,111
9682,Adam Rosales,Padres,248,11.7 ,35.5 ,0.33,.229,.319,.495,.814,.266,7.0,.308,1.7,0.5,0.7,34,4.5,.340,114
9892,Jay Bruce,- - -,589,7.5 ,21.4 ,0.35,.250,.309,.506,.815,.256,4.4,.266,-2.9,0.3,-0.3,80,10.4,.340,111
13145,Josh Bell,Pirates,152,13.8 ,12.5 ,1.11,.273,.368,.406,.775,.133,1.7,.294,-1.1,-0.2,-0.5,21,2.7,.339,113
4747,Curtis Granderson,Mets,633,11.7 ,20.5 ,0.57,.237,.335,.464,.799,.228,4.4,.254,2.4,0.0,-0.3,86,11.0,.339,114
4892,Mike Moustakas,Royals,113,8.0 ,11.5 ,0.69,.240,.301,.500,.801,.260,1.3,.214,0.0,-0.6,-0.5,15,2.0,.339,110
10816,Jedd Gyorko,Cardinals,438,8.4 ,21.9 ,0.39,.243,.306,.495,.801,.253,1.7,.244,0.1,0.1,-0.2,59,7.5,.339,111
8610,Kendrys Morales,Royals,618,7.8 ,19.4 ,0.40,.263,.327,.468,.795,.204,0.8,.283,-2.3,-2.4,-0.3,83,10.6,.339,110
9134,Tyler Flowers,Braves,325,8.9 ,28.0 ,0.32,.270,.357,.420,.777,.149,0.7,.366,-3.7,1.2,-0.2,44,5.5,.338,110
10951,Greg Garcia,Cardinals,257,14.8 ,19.5 ,0.76,.276,.393,.369,.762,.093,2.2,.346,2.0,0.2,-0.4,35,4.3,.338,111
3142,Robinson Chirinos,Rangers,170,8.8 ,25.9 ,0.34,.224,.314,.483,.797,.259,2.0,.250,0.0,-0.7,-0.5,23,2.8,.338,108
13265,Mike Zunino,Mariners,192,10.9 ,33.9 ,0.32,.207,.318,.470,.787,.262,0.1,.250,-1.7,1.0,-0.1,26,3.1,.338,115
11476,Odubel Herrera,Phillies,656,9.6 ,20.4 ,0.47,.286,.361,.420,.781,.134,6.3,.349,-0.5,1.4,1.7,88,10.6,.338,110
13862,Devon Travis,Blue Jays,432,4.6 ,20.1 ,0.23,.300,.332,.454,.785,.154,3.8,.358,1.6,0.7,0.2,58,6.7,.337,109
12546,C.J. Cron,Angels,445,5.4 ,16.9 ,0.32,.278,.325,.467,.792,.189,3.1,.302,-2.4,0.7,-1.1,59,6.9,.337,115
13132,Andrew Susac,Brewers,19,10.5 ,26.3 ,0.40,.235,.316,.471,.786,.235,2.0,.273,0.2,0.0,0.0,3,0.3,.337,105
5827,Wilmer Flores,Mets,335,6.9 ,14.3 ,0.48,.267,.319,.469,.788,.202,1.8,.268,-4.6,0.2,-0.4,44,5.0,.336,112
12649,Alex Dickerson,Padres,285,9.1 ,15.4 ,0.59,.257,.333,.455,.788,.198,5.4,.274,-0.9,0.4,0.4,38,4.2,.336,112
12282,Rougned Odor,Rangers,632,3.0 ,21.4 ,0.14,.271,.296,.502,.798,.231,5.5,.297,1.7,2.7,-0.3,84,9.3,.336,106
7185,Logan Forsythe,Rays,567,8.1 ,22.4 ,0.36,.264,.333,.444,.778,.180,4.5,.314,2.7,-0.8,-1.6,75,8.2,.336,113
6885,Ian Desmond,Rangers,677,6.5 ,23.6 ,0.28,.285,.335,.446,.782,.162,6.0,.350,3.9,0.4,1.4,90,9.8,.336,106
3255,Franklin Gutierrez,Mariners,283,10.2 ,30.0 ,0.34,.246,.329,.452,.780,.206,2.2,.309,0.9,0.0,0.0,37,4.1,.336,114
17678,Alex Bregman,Astros,217,6.9 ,24.0 ,0.29,.264,.313,.478,.791,.214,6.2,.317,-0.8,1.1,0.3,29,3.1,.336,112
5107,Jefry Marte,Angels,284,6.3 ,20.8 ,0.31,.252,.310,.481,.790,.229,2.8,.267,0.4,-1.2,-0.6,38,4.1,.335,114
3312,Martin Prado,Marlins,658,7.4 ,10.5 ,0.71,.305,.359,.417,.775,.112,2.6,.331,1.4,-2.3,-0.8,87,9.4,.335,109
5887,John Jaso,Pirates,432,10.4 ,17.1 ,0.61,.268,.353,.413,.766,.145,3.0,.314,-3.8,0.2,-1.9,57,6.1,.335,111
1873,Matt Holliday,Cardinals,426,8.2 ,16.7 ,0.49,.246,.322,.461,.782,.215,1.6,.253,-2.6,-0.2,-0.2,56,6.1,.335,109
11615,Brandon Drury,Diamondbacks,499,6.2 ,20.0 ,0.31,.282,.329,.458,.786,.176,2.4,.327,1.3,-2.8,-0.5,66,7.0,.335,102
1849,Rickie Weeks Jr.,Diamondbacks,205,9.8 ,26.3 ,0.37,.239,.327,.450,.777,.211,6.2,.288,0.7,-0.7,0.9,27,2.8,.335,102
10556,Cesar Hernandez,Phillies,622,10.6 ,18.6 ,0.57,.294,.371,.393,.764,.099,5.7,.363,2.4,1.0,-2.4,82,8.5,.335,108
15223,Adam Frazier,Pirates,160,7.5 ,16.3 ,0.46,.301,.356,.411,.767,.110,5.5,.353,0.3,0.7,0.3,21,2.2,.335,110
1908,Adrian Gonzalez,Dodgers,633,8.7 ,18.5 ,0.47,.285,.349,.435,.784,.150,1.4,.328,-3.0,-0.7,-1.2,83,8.5,.334,112
3174,Shin-Soo Choo,Rangers,210,11.9 ,21.9 ,0.54,.242,.357,.399,.756,.157,4.0,.288,0.4,0.7,-0.2,28,2.8,.334,105
9549,David Freese,Pirates,492,9.1 ,28.9 ,0.32,.270,.352,.412,.764,.142,1.6,.372,-2.5,-1.4,-0.3,64,6.5,.334,110
18314,Dansby Swanson,Braves,145,9.0 ,23.4 ,0.38,.302,.361,.442,.803,.140,6.0,.383,0.3,0.3,0.5,19,1.9,.334,107
12164,Miguel Sano,Twins,495,10.9 ,36.0 ,0.30,.236,.319,.462,.781,.227,2.5,.329,-2.3,0.9,0.0,65,6.4,.334,107
5631,Matt Kemp,- - -,672,5.4 ,23.2 ,0.23,.268,.304,.499,.803,.231,2.2,.297,0.0,-0.4,-0.1,88,8.5,.333,109
11739,J.T. Realmuto,Marlins,545,5.1 ,18.3 ,0.28,.303,.343,.428,.771,.126,3.7,.357,1.2,-0.4,0.4,71,6.8,.333,107
12371,Tommy La Stella,Cubs,169,10.7 ,16.0 ,0.67,.270,.357,.405,.763,.135,2.8,.319,1.0,0.7,-0.5,22,2.1,.333,106
12775,Brad Miller,Rays,601,7.8 ,24.8 ,0.32,.243,.304,.482,.786,.239,4.9,.277,0.6,1.7,-0.7,78,7.5,.333,111
14221,Jorge Soler,Cubs,264,11.7 ,25.0 ,0.47,.238,.333,.436,.769,.198,1.7,.276,-0.1,0.3,-0.2,34,3.2,.333,106
10950,Adam Duvall,Reds,608,6.7 ,27.0 ,0.25,.241,.297,.498,.795,.257,5.3,.275,0.4,1.5,-1.1,79,7.4,.333,104
11624,Jarrett Parker,Giants,151,12.6 ,29.1 ,0.43,.236,.358,.394,.751,.157,3.9,.321,0.6,0.2,-0.5,20,1.8,.332,110
8392,Daniel Descalso,Rockies,289,11.8 ,19.4 ,0.61,.264,.349,.424,.773,.160,5.1,.305,0.9,0.5,0.4,37,3.3,.332,88
12907,Gregory Polanco,Pirates,587,9.0 ,20.3 ,0.45,.258,.323,.463,.786,.205,5.6,.291,-1.0,0.7,0.7,75,6.3,.331,108
10166,Nick Franklin,Rays,191,6.3 ,22.0 ,0.29,.270,.328,.443,.771,.172,5.0,.325,1.0,0.8,0.7,25,2.0,.331,110
13593,Jose Peraza,Reds,256,2.7 ,12.9 ,0.21,.324,.352,.411,.762,.087,5.9,.361,0.8,0.3,-0.1,33,2.7,.331,103
1177,Albert Pujols,Angels,650,7.5 ,11.5 ,0.65,.268,.323,.457,.780,.189,2.5,.260,-5.2,-1.3,0.5,83,6.7,.331,111
11854,Steven Moya,Tigers,100,5.0 ,38.0 ,0.13,.255,.290,.500,.790,.245,3.8,.365,-0.5,0.5,-0.5,13,1.0,.331,106
7331,Seth Smith,Mariners,438,11.0 ,20.3 ,0.54,.249,.342,.415,.758,.167,1.8,.282,-1.5,-0.6,-0.3,56,4.5,.331,110
9393,Matt Adams,Cardinals,327,7.6 ,24.8 ,0.31,.249,.309,.471,.780,.222,1.4,.286,-2.9,0.8,-0.6,42,3.3,.331,106
10324,Marcell Ozuna,Marlins,608,7.1 ,18.9 ,0.37,.266,.321,.452,.773,.187,3.6,.296,0.2,0.5,-1.5,77,5.9,.330,105
2967,Tommy Pham,Cardinals,183,10.9 ,38.8 ,0.28,.226,.324,.440,.764,.214,3.1,.342,1.0,0.2,-0.5,23,1.8,.330,105
5222,Justin Upton,Tigers,626,8.0 ,28.6 ,0.28,.246,.310,.465,.775,.219,4.2,.301,1.7,0.0,-0.1,79,5.8,.329,105
1736,Jose Reyes,Mets,279,8.2 ,17.6 ,0.47,.267,.326,.443,.769,.176,7.5,.302,0.6,0.6,0.8,35,2.5,.329,108
4467,Brandon Moss,Cardinals,464,8.4 ,30.4 ,0.28,.225,.300,.484,.784,.259,3.9,.261,0.3,0.0,0.0,59,4.2,.329,105
7476,Alex Avila,White Sox,209,18.2 ,37.3 ,0.49,.213,.359,.373,.732,.160,0.6,.341,-2.3,0.3,-0.1,26,1.8,.329,104
9847,Andrew McCutchen,Pirates,675,10.2 ,21.2 ,0.48,.256,.336,.430,.766,.174,3.4,.297,-1.5,0.5,-2.0,85,5.9,.329,106
950,Marlon Byrd,Indians,129,8.5 ,29.5 ,0.29,.270,.326,.452,.778,.183,0.5,.347,0.4,0.6,-0.1,16,1.1,.328,104
12225,Scott Schebler,Reds,282,6.7 ,20.9 ,0.32,.265,.330,.432,.762,.167,4.1,.312,2.0,0.2,-1.4,35,2.2,.328,101
1327,Jayson Werth,Nationals,606,11.7 ,22.9 ,0.51,.244,.335,.417,.752,.173,3.4,.288,3.8,-1.7,0.2,76,4.6,.327,101
1857,Joe Mauer,Twins,576,13.7 ,16.1 ,0.85,.261,.363,.389,.752,.128,3.6,.301,-1.8,-0.4,0.0,72,4.1,.327,102
5343,Brandon Crawford,Giants,623,9.1 ,18.5 ,0.50,.275,.342,.430,.772,.156,5.9,.322,0.8,1.5,1.1,78,4.4,.327,107
7571,Lonnie Chisenhall,Indians,418,5.5 ,16.7 ,0.33,.286,.328,.439,.767,.153,5.7,.328,0.5,1.2,1.0,52,3.0,.327,103
4191,Yunel Escobar,Angels,567,7.1 ,11.8 ,0.60,.304,.355,.391,.745,.087,2.2,.339,-0.7,-3.3,-1.6,71,4.0,.327,108
3531,Troy Tulowitzki,Blue Jays,544,7.9 ,18.6 ,0.43,.254,.318,.443,.761,.189,1.5,.272,-1.8,-0.8,-0.1,68,3.8,.327,102
2829,Manny Pina,Brewers,81,12.3 ,18.5 ,0.67,.254,.346,.394,.740,.141,0.8,.296,-0.2,-0.2,-0.5,10,0.6,.326,98
3516,Eric Hosmer,Royals,667,8.5 ,19.8 ,0.43,.266,.328,.433,.761,.167,2.8,.301,-2.4,-2.3,-0.6,83,4.4,.326,101
4810,Brian McCann,Yankees,492,11.0 ,20.1 ,0.55,.242,.335,.413,.748,.170,1.9,.269,-1.8,-1.7,-0.1,61,3.2,.326,103
785,Todd Frazier,White Sox,666,9.6 ,24.5 ,0.39,.225,.302,.464,.767,.239,4.0,.236,-0.3,0.5,0.6,83,4.2,.326,102
13152,Jorge Polanco,Twins,270,6.3 ,17.0 ,0.37,.282,.332,.424,.757,.143,5.0,.328,-1.2,0.5,-0.6,33,1.7,.326,101
1551,David Ross,Cubs,205,14.6 ,26.3 ,0.56,.229,.338,.446,.784,.217,1.4,.262,0.8,0.6,-0.5,25,1.3,.326,101
14109,Albert Almora,Cubs,117,4.3 ,17.1 ,0.25,.277,.308,.455,.763,.179,3.1,.315,-0.4,-0.7,-0.1,14,0.7,.325,101
10243,Randal Grichuk,Cardinals,478,5.9 ,29.5 ,0.20,.240,.289,.480,.769,.240,5.0,.294,2.9,0.3,-0.8,59,2.7,.325,102
14320,Wilmer Difo,Nationals,66,12.1 ,18.2 ,0.67,.276,.364,.379,.743,.103,6.3,.333,0.1,0.3,0.6,8,0.4,.325,100
13075,Nori Aoki,Mariners,467,7.3 ,9.6 ,0.76,.283,.349,.388,.738,.106,4.8,.309,3.4,-0.1,-2.6,58,2.5,.325,106
11850,Tyler Austin,Yankees,90,7.8 ,40.0 ,0.19,.241,.300,.458,.758,.217,2.4,.357,0.2,0.3,0.2,11,0.5,.324,102
4146,Gorkys Hernandez,Giants,57,5.3 ,19.3 ,0.27,.259,.298,.463,.761,.204,2.6,.293,-0.5,0.2,-0.4,7,0.3,.324,105
7399,Billy Butler,- - -,274,7.7 ,15.3 ,0.50,.284,.336,.416,.752,.132,1.1,.320,-3.7,-1.9,-0.2,34,1.3,.324,105
9399,Jeremy Hazelbaker,Cardinals,224,8.0 ,28.6 ,0.28,.235,.295,.480,.775,.245,7.2,.278,-1.5,1.1,0.1,27,1.1,.324,101
13154,Marco Hernandez,Red Sox,56,8.9 ,17.9 ,0.50,.294,.357,.373,.730,.078,5.2,.350,0.6,0.4,0.2,7,0.3,.324,97
2918,Angel Pagan,Giants,543,7.7 ,12.2 ,0.64,.277,.331,.418,.750,.141,5.9,.298,1.1,-0.3,1.1,66,2.5,.324,105
6848,Eduardo Nunez,- - -,595,4.9 ,14.8 ,0.33,.288,.325,.432,.758,.145,6.6,.314,-1.8,1.0,3.6,73,2.7,.324,102
3892,Josh Reddick,- - -,439,8.9 ,12.8 ,0.70,.281,.345,.405,.749,.123,4.0,.306,0.7,-0.1,0.1,54,2.0,.324,106
3376,Nick Hundley,Rockies,317,7.9 ,20.5 ,0.38,.260,.320,.439,.759,.180,1.7,.302,0.3,-1.8,-0.2,39,1.3,.323,82
11038,Kevin Kiermaier,Rays,414,9.7 ,17.9 ,0.54,.246,.331,.410,.741,.164,6.4,.278,2.9,1.2,2.7,50,1.6,.323,104
11167,Josh Rutledge,Red Sox,56,10.7 ,33.9 ,0.32,.265,.345,.388,.733,.122,6.0,.433,0.2,-0.4,0.4,7,0.2,.323,96
13546,Roman Quinn,Phillies,69,11.6 ,27.5 ,0.42,.263,.373,.333,.706,.070,6.0,.395,0.4,0.6,0.5,8,0.2,.322,100
8841,Ramiro Pena,Giants,91,2.2 ,17.6 ,0.13,.299,.330,.425,.755,.126,3.1,.357,-0.1,0.3,0.0,11,0.3,.322,103
9077,Lorenzo Cain,Royals,434,7.1 ,19.4 ,0.37,.287,.339,.408,.747,.121,4.8,.341,2.7,-2.0,0.5,52,1.4,.322,98
4616,Russell Martin,Blue Jays,535,12.0 ,27.7 ,0.43,.231,.335,.398,.733,.167,2.2,.291,-1.4,0.0,-0.3,65,1.6,.322,99
11146,Cameron Rupp,Phillies,419,5.7 ,27.2 ,0.21,.252,.303,.447,.750,.195,2.1,.315,-1.2,-1.4,0.0,50,1.1,.321,99
2579,Carlos Ruiz,- - -,233,11.6 ,14.2 ,0.82,.264,.365,.348,.713,.085,2.8,.303,-0.5,0.3,0.0,28,0.5,.321,99
5930,Nick Markakis,Braves,684,10.4 ,14.8 ,0.70,.269,.346,.397,.744,.129,1.3,.300,-0.7,-0.5,-1.2,82,1.4,.321,98
13176,Blake Swihart,Red Sox,74,14.9 ,23.0 ,0.65,.258,.365,.355,.720,.097,4.7,.348,1.1,0.5,-0.5,9,0.2,.321,95
13271,Richie Shaffer,Rays,54,9.3 ,33.3 ,0.28,.250,.315,.438,.752,.188,2.1,.367,0.1,0.3,-0.4,6,0.1,.321,103
13866,Bruce Maxwell III,Athletics,101,7.9 ,23.8 ,0.33,.283,.337,.402,.739,.120,2.6,.368,-1.0,-0.1,-0.1,12,0.2,.321,103
1101,Ichiro Suzuki,Marlins,365,8.2 ,11.5 ,0.71,.291,.354,.376,.730,.086,6.6,.329,-0.2,0.6,0.9,44,0.7,.320,99
14225,Yasiel Puig,Dodgers,368,6.5 ,20.1 ,0.32,.263,.323,.416,.740,.153,4.8,.306,0.3,0.1,0.0,44,0.7,.320,102
11265,Jonathan Schoop,Orioles,647,3.2 ,21.2 ,0.15,.267,.298,.454,.752,.187,2.4,.305,0.8,-0.4,-0.9,77,1.2,.320,97
12858,Brian Goodwin,Nationals,44,4.5 ,31.8 ,0.14,.286,.318,.429,.747,.143,2.6,.429,-0.2,-0.1,0.0,5,0.1,.320,96
4177,Hernan Iribarren,Reds,45,0.0 ,24.4 ,0.00,.311,.311,.444,.756,.133,7.6,.412,0.5,-0.4,0.2,5,0.0,.319,95
3256,Welington Castillo,Diamondbacks,457,7.2 ,26.5 ,0.27,.264,.322,.423,.745,.159,2.1,.337,-5.2,1.6,0.2,54,0.4,.319,92
5227,Jon Jay,Padres,373,5.1 ,20.9 ,0.24,.291,.339,.389,.728,.098,3.9,.371,2.9,0.2,0.2,44,0.2,.319,100
4922,Ender Inciarte,Braves,578,7.8 ,11.8 ,0.66,.291,.351,.381,.732,.090,6.3,.329,3.2,1.1,0.0,68,0.3,.319,97
6012,Didi Gregorius,Yankees,597,3.2 ,13.7 ,0.23,.276,.304,.447,.751,.171,4.3,.290,1.7,1.2,0.7,71,0.2,.319,98
10762,Corey Dickerson,Rays,548,6.0 ,24.5 ,0.25,.245,.293,.469,.761,.224,2.7,.285,-0.6,0.4,-1.0,65,0.2,.319,101
6368,Adam Jones,Orioles,672,5.8 ,17.1 ,0.34,.265,.310,.436,.746,.171,2.6,.280,2.4,-0.8,0.0,79,0.2,.319,96
5275,Francisco Cervelli,Pirates,393,14.2 ,18.3 ,0.78,.264,.377,.322,.699,.058,4.0,.329,1.1,-1.5,0.1,46,0.1,.318,99
14553,Nomar Mazara,Rangers,568,6.9 ,19.7 ,0.35,.266,.320,.419,.739,.153,2.4,.299,-2.8,0.6,-1.1,67,0.1,.318,94
18722,Dae-Ho Lee,Mariners,317,6.3 ,23.3 ,0.27,.253,.312,.428,.740,.175,1.0,.294,-4.2,-0.2,-0.2,37,0.0,.318,102
9952,Trayce Thompson,Dodgers,262,9.9 ,25.2 ,0.39,.225,.302,.436,.738,.212,3.7,.255,2.7,1.1,0.5,31,0.0,.318,101
9205,Logan Morrison,Rays,398,9.3 ,22.4 ,0.42,.238,.319,.414,.733,.176,3.7,.278,-0.4,1.0,-0.2,47,-0.1,.318,101
14158,Mac Williamson,Giants,127,10.2 ,27.6 ,0.37,.223,.315,.411,.726,.188,1.6,.268,-1.1,-0.3,-0.5,15,-0.1,.317,100
9927,Brett Gardner,Yankees,634,11.0 ,16.7 ,0.66,.261,.351,.362,.713,.101,6.0,.310,4.7,1.5,1.1,74,-0.5,.317,97
12409,Ryan Rua,Rangers,269,7.8 ,28.3 ,0.28,.258,.331,.400,.731,.142,6.6,.342,1.8,-1.0,1.6,31,-0.3,.317,93
8628,Paulo Orlando,Royals,484,2.7 ,21.7 ,0.12,.302,.329,.405,.734,.103,5.9,.380,0.4,-0.9,1.3,56,-0.5,.317,95
12325,Jace Peterson,Braves,408,12.7 ,16.9 ,0.75,.254,.350,.366,.715,.111,3.1,.296,0.3,-0.7,-1.3,48,-0.5,.317,95
14106,Addison Russell,Cubs,598,9.2 ,22.6 ,0.41,.238,.321,.417,.738,.179,4.3,.277,-0.2,1.2,0.3,70,-0.8,.316,95
12552,Eugenio Suarez,Reds,627,8.1 ,24.7 ,0.33,.248,.317,.411,.728,.163,4.4,.304,-1.1,0.3,-0.2,73,-0.9,.316,93
4866,Jarrod Dyson,Royals,337,7.7 ,11.6 ,0.67,.278,.340,.388,.728,.110,8.7,.315,1.9,0.6,2.9,39,-0.5,.316,94
10473,Cheslor Cuthbert,Royals,510,6.3 ,18.8 ,0.33,.274,.318,.413,.731,.139,2.7,.320,-3.4,-0.8,0.1,59,-0.9,.316,94
12979,Javier Baez,Cubs,450,3.3 ,24.0 ,0.14,.273,.314,.423,.737,.150,4.7,.336,0.7,0.9,0.9,52,-0.9,.316,94
9256,A.J. Pollock,Diamondbacks,46,10.9 ,17.4 ,0.63,.244,.326,.390,.716,.146,7.0,.258,0.4,0.2,0.8,5,-0.1,.315,89
15172,Tim Anderson,White Sox,431,3.0 ,27.1 ,0.11,.283,.306,.432,.738,.149,7.0,.375,1.4,-2.0,1.0,50,-1.0,.315,95
12533,Marcus Semien,Athletics,621,8.2 ,22.4 ,0.37,.238,.300,.435,.735,.197,4.4,.268,-1.3,0.1,0.9,72,-1.6,.315,100
10329,Reymond Fuentes,Royals,44,6.8 ,18.2 ,0.38,.317,.364,.341,.705,.024,1.5,.394,0.2,0.2,-0.9,5,-0.1,.315,93
791,Brandon Phillips,Reds,584,3.1 ,11.6 ,0.26,.291,.320,.416,.736,.125,4.4,.312,-1.1,-1.7,-0.8,67,-1.6,.315,92
3978,Chris Heisey,Nationals,155,8.4 ,28.4 ,0.30,.216,.290,.446,.736,.230,3.2,.241,0.5,1.0,-0.5,18,-0.4,.315,93
10339,Scooter Gennett,Brewers,542,7.0 ,21.0 ,0.33,.263,.317,.412,.728,.149,4.1,.315,-3.5,0.0,0.9,62,-1.6,.315,91
7949,Tim Beckham,Rays,215,6.5 ,31.2 ,0.21,.247,.300,.434,.735,.187,5.8,.349,-1.0,0.1,-0.1,25,-0.7,.314,98
9009,Conor Gillaspie,Giants,205,5.9 ,13.7 ,0.43,.262,.307,.440,.747,.178,4.8,.278,0.1,0.5,-0.7,23,-0.8,.314,98
13005,Kelby Tomlinson,Giants,120,10.0 ,15.0 ,0.67,.292,.370,.330,.700,.038,4.4,.352,1.1,0.5,0.5,14,-0.4,.314,98
1907,Andres Blanco,Phillies,209,5.3 ,19.6 ,0.27,.253,.316,.405,.721,.153,4.2,.301,0.2,-0.8,-0.9,24,-0.8,.313,94
12144,Max Kepler,Twins,447,9.4 ,20.8 ,0.45,.235,.309,.424,.734,.189,4.4,.261,1.8,2.4,0.2,51,-1.8,.313,93
4579,Starlin Castro,Yankees,610,3.9 ,19.3 ,0.20,.270,.300,.433,.734,.163,3.1,.305,-1.3,-0.8,0.5,69,-2.7,.313,94
10807,Tyler Saladino,White Sox,319,4.1 ,19.4 ,0.21,.282,.315,.409,.725,.128,4.0,.329,1.6,-1.5,0.0,36,-1.4,.313,93
6400,Kirk Nieuwenhuis,Brewers,392,14.3 ,33.9 ,0.42,.209,.324,.385,.709,.176,3.3,.302,1.1,1.0,-2.3,44,-1.8,.313,89
6104,Aaron Hill,- - -,429,9.6 ,13.8 ,0.69,.262,.336,.378,.714,.116,2.8,.284,1.6,1.0,-0.3,48,-2.1,.313,89
2616,Zack Cozart,Reds,508,7.3 ,16.5 ,0.44,.252,.308,.425,.732,.172,4.2,.274,0.4,-1.0,0.2,57,-2.4,.312,91
11470,Tony Wolters,Rockies,230,9.1 ,23.0 ,0.40,.259,.327,.395,.723,.137,5.7,.336,0.7,1.0,0.3,26,-1.1,.312,75
1679,Chase Utley,Dodgers,565,7.1 ,20.4 ,0.35,.252,.319,.396,.716,.145,3.9,.299,0.0,2.0,-0.7,64,-2.9,.312,97
5751,Hernan Perez,Brewers,430,4.2 ,21.9 ,0.19,.272,.302,.428,.730,.156,6.9,.322,1.1,1.2,3.7,48,-2.2,.312,89
16376,Michael Conforto,Mets,348,10.3 ,25.6 ,0.40,.220,.310,.414,.725,.194,3.3,.267,0.9,0.5,-0.2,39,-1.8,.312,96
8347,Denard Span,Giants,637,8.3 ,12.4 ,0.67,.266,.331,.381,.712,.115,4.6,.291,2.9,0.7,-0.8,72,-3.5,.312,96
12179,Maikel Franco,Phillies,630,6.3 ,16.8 ,0.38,.255,.306,.427,.733,.172,1.9,.271,-0.7,0.0,-0.5,71,-3.6,.311,92
5247,Brett Lawrie,White Sox,384,7.8 ,28.4 ,0.28,.248,.310,.413,.723,.165,3.1,.325,1.7,1.6,0.0,43,-2.2,.311,92
7740,Ty Kelly,Mets,71,15.5 ,12.7 ,1.22,.241,.352,.345,.697,.103,3.9,.260,-0.1,-0.3,0.0,8,-0.4,.311,95
1737,Justin Morneau,White Sox,218,5.5 ,23.9 ,0.23,.261,.303,.429,.731,.167,1.6,.320,0.6,-0.1,-0.1,24,-1.3,.311,92
10030,Chris Owings,Diamondbacks,466,4.3 ,18.7 ,0.23,.277,.315,.416,.731,.140,7.8,.334,-0.9,0.5,3.2,52,-2.8,.311,86
4720,Chase Headley,Yankees,529,9.6 ,22.3 ,0.43,.251,.329,.383,.712,.133,3.9,.303,2.8,0.6,0.5,59,-3.3,.311,92
7462,Trevor Plouffe,Twins,344,5.5 ,17.4 ,0.32,.260,.303,.420,.723,.160,2.8,.284,-1.6,-1.5,0.0,38,-2.1,.311,91
14885,Pat Valaika,Rockies,19,0.0 ,42.1 ,0.00,.263,.263,.474,.737,.211,2.6,.400,-0.2,0.0,0.0,2,-0.1,.310,74
11982,Travis Shaw,Red Sox,530,8.1 ,25.1 ,0.32,.242,.306,.421,.726,.179,4.4,.299,-2.9,1.1,0.4,59,-3.7,.310,87
11281,Whit Merrifield,Royals,332,5.7 ,21.7 ,0.26,.283,.323,.392,.716,.109,5.9,.361,1.4,2.1,0.2,37,-2.4,.309,89
9054,Justin Smoak,Blue Jays,341,11.7 ,32.8 ,0.36,.217,.314,.391,.705,.174,1.8,.295,-0.7,-0.4,0.0,38,-2.6,.309,90
2218,Ryan Raburn,Rockies,256,10.9 ,31.3 ,0.35,.220,.309,.404,.712,.184,3.2,.292,1.2,-0.2,-0.1,28,-2.0,.309,73
4727,Jacoby Ellsbury,Yankees,626,8.6 ,13.4 ,0.64,.263,.330,.374,.703,.111,5.7,.295,2.5,-0.2,0.4,69,-5.0,.308,91
5667,Steven Souza Jr.,Rays,468,6.6 ,34.0 ,0.19,.247,.303,.409,.713,.163,4.1,.348,2.8,0.9,-1.3,51,-3.8,.308,94
9345,Brock Holt,Red Sox,324,8.3 ,17.9 ,0.47,.255,.322,.383,.705,.128,3.6,.294,3.4,0.5,-0.6,36,-2.6,.308,86
13777,Adonis Garcia,Braves,563,4.3 ,16.5 ,0.26,.273,.311,.406,.717,.133,2.7,.308,0.0,-1.0,-0.5,62,-4.6,.308,90
13066,Teoscar Hernandez,Astros,112,9.8 ,25.0 ,0.39,.230,.304,.420,.724,.190,2.7,.275,-0.2,-1.1,-0.9,12,-0.9,.308,93
2136,David Peralta,Diamondbacks,183,4.4 ,23.0 ,0.19,.251,.295,.433,.728,.181,6.8,.310,1.0,0.2,0.3,20,-1.5,.308,84
1738,Jhonny Peralta,Cardinals,313,6.4 ,17.9 ,0.36,.260,.307,.408,.715,.149,2.4,.294,-2.3,0.3,-0.2,34,-2.6,.308,90
7304,Salvador Perez,Royals,546,4.0 ,21.8 ,0.18,.247,.288,.438,.725,.191,2.0,.280,-3.5,-0.4,-0.2,60,-4.7,.308,88
3086,Mitch Moreland,Rangers,503,7.0 ,23.5 ,0.30,.233,.298,.422,.720,.189,1.7,.266,-3.1,1.3,0.0,55,-4.4,.307,87
3797,J.J. Hardy,Orioles,438,5.9 ,15.5 ,0.38,.269,.309,.407,.716,.138,1.2,.299,-1.3,-0.8,-0.2,48,-4.1,.307,88
4298,Matt Wieters,Orioles,464,6.9 ,18.3 ,0.38,.243,.302,.409,.711,.165,2.5,.265,-0.4,-0.1,0.0,50,-4.4,.307,88
7168,Juan Centeno,Twins,192,6.3 ,19.8 ,0.32,.261,.312,.392,.704,.131,2.0,.319,-1.4,-1.1,-0.1,21,-1.9,.306,88
11255,Matt Szczur,Cubs,200,6.5 ,19.5 ,0.33,.259,.312,.400,.712,.141,4.5,.305,-0.2,0.5,-1.3,21,-2.1,.305,88
5000,Stephen Vogt,Athletics,532,6.6 ,15.6 ,0.42,.251,.305,.406,.711,.155,2.0,.275,0.3,0.8,-0.3,57,-5.8,.305,93
13277,Joey Rickard,Orioles,282,6.4 ,19.1 ,0.33,.268,.319,.377,.696,.109,3.7,.320,0.0,0.6,0.2,30,-3.2,.304,86
13338,Omar Narvaez,White Sox,117,12.0 ,12.0 ,1.00,.267,.350,.337,.687,.069,1.4,.295,-1.4,0.6,-0.1,12,-1.3,.304,88
8027,Adam Lind,Mariners,430,6.0 ,20.7 ,0.29,.239,.286,.431,.717,.192,1.5,.259,-0.8,-1.3,-0.6,46,-5.0,.304,92
7706,Kyle Jensen,Diamondbacks,34,5.9 ,38.2 ,0.15,.194,.265,.452,.716,.258,5.1,.250,0.0,-0.1,0.0,4,-0.4,.304,82
2502,Lucas Duda,Mets,172,8.7 ,20.9 ,0.42,.229,.302,.412,.714,.183,1.4,.250,-0.7,0.8,-0.1,18,-2.0,.304,91
12155,Eddie Rosario,Twins,354,3.4 ,25.7 ,0.13,.269,.295,.421,.716,.152,5.6,.338,3.2,0.9,0.0,38,-4.2,.304,86
14161,Byron Buxton,Twins,331,6.9 ,35.6 ,0.19,.225,.284,.430,.714,.205,7.9,.329,3.0,1.7,1.1,35,-3.9,.304,86
6547,Jordy Mercer,Pirates,584,8.7 ,14.2 ,0.61,.256,.328,.374,.701,.118,3.0,.286,2.9,1.2,-0.5,62,-7.0,.304,89
4229,Howie Kendrick,Dodgers,543,9.2 ,17.7 ,0.52,.255,.326,.366,.691,.111,4.8,.301,4.0,-2.5,0.9,57,-6.6,.303,91
18721,Guillermo Heredia,Mariners,107,11.2 ,14.0 ,0.80,.250,.349,.315,.664,.065,2.7,.289,1.1,0.1,-0.3,11,-1.3,.303,92
14274,Mitch Haniger,Diamondbacks,123,9.8 ,22.0 ,0.44,.229,.309,.404,.713,.174,1.8,.256,0.0,-0.3,-0.1,13,-1.5,.303,81
8259,Kurt Suzuki,Twins,373,4.8 ,12.9 ,0.38,.258,.301,.403,.704,.145,1.7,.276,-4.0,-0.1,-0.2,39,-4.6,.303,86
5398,Juan Graterol,Angels,15,0.0 ,20.0 ,0.00,.286,.286,.429,.714,.143,2.6,.364,-0.3,0.2,0.0,2,-0.2,.303,92
2430,Darwin Barney,Blue Jays,306,7.2 ,15.7 ,0.46,.269,.322,.373,.695,.104,3.8,.310,1.0,-0.8,-0.6,32,-3.9,.303,86
5209,Alex Gordon,Royals,506,10.3 ,29.2 ,0.35,.220,.312,.380,.692,.160,5.0,.288,0.0,-0.2,0.9,53,-6.5,.303,85
10953,Phil Gosselin,Diamondbacks,240,6.3 ,19.2 ,0.33,.277,.324,.368,.692,.091,4.8,.339,1.2,0.8,0.5,25,-3.1,.302,81
8623,Donovan Solano,Yankees,23,4.3 ,13.0 ,0.33,.227,.261,.455,.715,.227,2.6,.222,0.0,0.1,0.0,2,-0.3,.302,86
4556,James Loney,Mets,366,4.4 ,10.1 ,0.43,.265,.307,.397,.703,.131,1.4,.275,-0.3,-1.0,-0.2,38,-4.9,.302,89
3708,Rajai Davis,Indians,495,6.7 ,21.4 ,0.31,.249,.306,.388,.693,.139,7.8,.299,4.2,-0.1,5.9,52,-6.7,.302,85
5760,Avisail Garcia,White Sox,453,7.5 ,25.4 ,0.30,.245,.307,.385,.692,.140,4.1,.309,1.2,0.2,-1.1,47,-6.1,.302,86
10847,Andrelton Simmons,Angels,483,5.8 ,7.9 ,0.74,.281,.324,.366,.690,.085,4.7,.298,-1.0,-1.8,1.3,50,-6.6,.302,91
1572,Coco Crisp,- - -,498,9.2 ,15.7 ,0.59,.231,.302,.397,.698,.166,5.1,.252,0.1,0.3,-0.3,52,-6.9,.301,90
2234,Kelly Johnson,- - -,333,7.5 ,19.5 ,0.38,.247,.306,.391,.698,.145,2.8,.281,0.2,0.4,0.6,35,-4.7,.301,87
4243,Jose Lobaton,Nationals,114,10.5 ,15.8 ,0.67,.232,.319,.374,.692,.141,2.4,.253,-0.7,-0.4,-0.1,12,-1.6,.301,84
9048,Ezequiel Carrera,Blue Jays,310,8.7 ,22.6 ,0.39,.248,.323,.356,.679,.107,5.3,.311,1.1,-0.3,-0.4,32,-4.4,.301,85
8722,Jason Castro,Astros,376,12.0 ,32.7 ,0.37,.210,.307,.377,.684,.167,4.2,.297,-2.7,-0.4,-0.2,39,-5.4,.301,88
8202,Josh Harrison,Pirates,522,3.4 ,14.6 ,0.24,.283,.311,.388,.699,.105,6.8,.323,0.7,0.6,1.9,54,-7.5,.301,87
10607,Bryce Brentz,Red Sox,64,4.7 ,26.6 ,0.18,.279,.313,.377,.690,.098,1.8,.372,-0.4,0.1,0.0,7,-0.9,.301,81
7937,Logan Schafer,Twins,74,10.8 ,21.6 ,0.50,.238,.342,.317,.660,.079,3.9,.319,0.5,0.4,0.0,8,-1.1,.300,84
9328,Drew Stubbs,- - -,94,12.8 ,40.4 ,0.32,.225,.330,.338,.667,.113,6.1,.375,-0.1,0.5,1.3,10,-1.4,.300,84
10200,Tucker Barnhart,Reds,420,8.6 ,17.1 ,0.50,.257,.323,.379,.702,.122,2.2,.299,-5.5,-1.0,0.0,43,-6.3,.300,82
11936,Joe Panik,Giants,526,9.5 ,8.9 ,1.06,.239,.315,.379,.695,.140,5.9,.245,1.6,-0.1,0.7,54,-7.9,.300,89
9308,Josh Phegley,Athletics,86,5.8 ,15.1 ,0.38,.256,.314,.372,.686,.115,2.1,.292,-0.2,-0.2,0.0,9,-1.3,.300,89
12532,Kolten Wong,Cardinals,361,9.4 ,14.4 ,0.65,.240,.327,.355,.682,.115,6.8,.268,-0.8,1.4,1.2,37,-5.5,.300,85
13608,Mallex Smith,Braves,215,9.3 ,22.3 ,0.42,.238,.316,.365,.681,.127,8.1,.302,-0.2,0.4,-0.2,22,-3.3,.300,84
12927,Brandon Nimmo,Mets,80,7.5 ,25.0 ,0.30,.274,.338,.329,.666,.055,2.3,.365,0.4,0.5,-0.1,8,-1.2,.299,87
12723,Tyler Collins,Tigers,151,8.6 ,25.2 ,0.34,.235,.305,.382,.687,.147,4.6,.295,0.3,0.5,-0.3,15,-2.4,.299,84
13369,Erik Gonzalez,Indians,17,5.9 ,47.1 ,0.13,.313,.353,.313,.665,.000,2.9,.625,0.1,0.1,-0.4,2,-0.3,.299,83
2530,Yonder Alonso,Athletics,532,8.5 ,13.9 ,0.61,.253,.316,.367,.683,.114,2.5,.284,-1.7,-1.2,-0.1,54,-8.5,.299,88
3364,Miguel Montero,Cubs,284,13.4 ,20.4 ,0.66,.216,.327,.357,.684,.141,3.3,.249,-2.3,-0.1,0.0,29,-4.6,.299,83
6387,Michael Bourn,- - -,413,6.8 ,22.3 ,0.30,.264,.314,.371,.684,.107,6.8,.336,0.2,2.1,0.7,42,-6.7,.298,79
5497,Marwin Gonzalez,Astros,518,4.2 ,22.8 ,0.19,.254,.293,.401,.694,.147,5.1,.311,-0.2,-1.4,-0.3,53,-8.4,.298,87
11846,Leonys Martin,Mariners,576,7.6 ,25.9 ,0.30,.247,.306,.378,.684,.131,6.2,.313,1.9,0.7,2.0,58,-9.7,.298,88
2154,Ryan Howard,Phillies,362,7.5 ,31.5 ,0.24,.196,.257,.453,.710,.257,0.8,.205,-2.5,0.1,-0.5,37,-6.1,.298,83
5015,Melvin Upton Jr.,- - -,539,6.9 ,28.8 ,0.24,.238,.291,.402,.693,.165,6.2,.300,2.5,1.3,1.9,54,-9.2,.297,84
8418,Ehire Adrianza,Giants,71,2.8 ,18.3 ,0.15,.254,.299,.381,.679,.127,1.0,.292,-0.9,0.3,-0.4,7,-1.3,.297,86
4881,Carlos Gomez,- - -,453,7.5 ,30.0 ,0.25,.231,.298,.384,.682,.153,5.0,.313,0.0,-0.6,1.3,45,-8.4,.296,83
10815,Jurickson Profar,Rangers,307,9.8 ,19.9 ,0.49,.239,.321,.338,.660,.099,4.6,.291,-0.8,-0.5,-0.2,30,-5.9,.295,78
12434,Kevin Pillar,Blue Jays,584,4.1 ,15.4 ,0.27,.266,.303,.376,.679,.109,4.7,.306,2.8,-1.0,0.0,58,-11.3,.295,80
11400,Ronald Torreyes,Yankees,168,6.0 ,11.9 ,0.50,.258,.305,.374,.680,.116,6.2,.289,1.3,-0.3,-0.1,17,-3.2,.295,81
5486,Abraham Almonte,Indians,194,4.1 ,21.6 ,0.19,.264,.294,.401,.695,.137,7.1,.331,0.1,-0.5,1.5,19,-3.8,.294,80
18497,Byung-ho Park,Twins,244,8.6 ,32.8 ,0.26,.191,.275,.409,.684,.219,4.1,.230,0.9,0.5,0.1,24,-4.9,.294,80
10199,Billy Hamilton,Reds,460,7.8 ,20.2 ,0.39,.260,.321,.343,.664,.083,8.3,.329,4.1,0.6,8.1,45,-9.2,.294,78
5384,Juan Lagares,Mets,160,6.9 ,16.9 ,0.41,.239,.301,.380,.682,.141,5.7,.274,0.6,0.2,-0.1,16,-3.2,.294,84
9219,Danny Espinosa,Nationals,601,9.0 ,29.0 ,0.31,.209,.306,.378,.684,.169,3.7,.261,1.2,3.2,0.7,59,-12.0,.294,79
6887,Martin Maldonado,Brewers,253,13.8 ,22.1 ,0.63,.202,.332,.351,.683,.149,1.9,.234,0.0,-0.4,0.1,25,-5.1,.294,77
7290,Jake Elmore,Brewers,99,17.2 ,17.2 ,1.00,.218,.371,.244,.615,.026,2.1,.279,-1.4,0.3,-0.9,10,-2.0,.293,76
8145,Eric Fryer,- - -,133,9.8 ,18.8 ,0.52,.267,.336,.319,.655,.052,4.6,.333,0.0,0.6,-1.3,13,-2.8,.293,81
13768,Travis Jankowski,Padres,383,11.0 ,26.1 ,0.42,.245,.332,.313,.646,.069,6.9,.343,1.7,0.6,0.8,37,-8.1,.293,82
13836,Matt Duffy,- - -,366,6.3 ,14.5 ,0.43,.258,.310,.357,.668,.099,4.8,.290,-0.5,-1.6,-0.7,35,-7.7,.292,84
7215,David Lough,Phillies,79,11.4 ,10.1 ,1.13,.239,.342,.313,.655,.075,4.2,.267,0.1,0.3,-0.7,8,-1.7,.292,79
19198,Yulieski Gurriel,Astros,137,3.6 ,8.8 ,0.42,.262,.292,.385,.677,.123,2.4,.267,0.9,-1.2,-0.3,13,-3.0,.292,82
3441,Nolan Reimold,Orioles,227,9.7 ,27.3 ,0.35,.222,.300,.365,.664,.143,3.2,.287,-0.9,-1.2,-0.7,22,-4.9,.292,78
11446,Rob Segedin,Dodgers,83,7.2 ,26.5 ,0.27,.233,.301,.370,.671,.137,3.9,.294,0.5,0.0,0.0,8,-1.8,.292,83
9848,Austin Jackson,White Sox,203,8.4 ,19.2 ,0.44,.254,.318,.343,.661,.088,5.2,.319,0.6,0.2,-0.1,19,-4.4,.292,79
2578,Peter Bourjos,Phillies,383,4.4 ,23.8 ,0.19,.251,.292,.389,.681,.138,6.1,.323,3.0,0.0,-0.6,37,-8.5,.291,79
13788,Matt Reynolds,Mets,96,4.2 ,35.4 ,0.12,.225,.266,.416,.682,.191,2.7,.327,0.3,0.1,-0.4,9,-2.1,.291,82
4792,Jeff Francoeur,- - -,331,6.0 ,27.2 ,0.22,.254,.297,.378,.675,.124,3.1,.333,1.0,0.5,-0.6,31,-7.7,.290,77
10053,Grant Green,Giants,50,6.0 ,16.0 ,0.38,.261,.300,.370,.670,.109,2.2,.289,-0.6,-0.5,0.0,5,-1.2,.290,82
12294,Cory Spangenberg,Padres,53,7.5 ,24.5 ,0.31,.229,.302,.354,.656,.125,7.0,.294,0.9,0.3,0.2,5,-1.3,.289,80
12508,Jett Bandy,Angels,231,4.8 ,16.5 ,0.29,.234,.281,.392,.673,.158,2.6,.246,-3.5,-0.1,0.1,22,-5.6,.289,83
11859,Mason Williams,Yankees,29,3.4 ,41.4 ,0.08,.296,.321,.333,.655,.037,2.3,.533,0.3,0.2,0.0,3,-0.7,.289,77
3298,Charlie Culberson,Dodgers,68,1.5 ,19.1 ,0.08,.284,.294,.373,.667,.090,3.6,.340,0.7,0.0,0.2,6,-1.7,.288,81
6652,Chase d'Arnaud,Braves,262,8.8 ,19.1 ,0.46,.245,.317,.335,.652,.090,5.7,.303,0.7,0.4,0.4,24,-6.6,.287,76
15564,Tyler White,Astros,276,8.3 ,23.6 ,0.35,.217,.286,.378,.664,.161,2.1,.258,0.3,0.1,0.1,25,-7.0,.287,79
1281,Mark Teixeira,Yankees,438,10.7 ,24.0 ,0.45,.204,.292,.362,.654,.158,2.4,.238,-2.5,0.1,0.2,40,-11.2,.287,76
9433,Dustin Garneau,Rockies,75,8.0 ,29.3 ,0.27,.235,.293,.368,.661,.132,1.3,.326,-0.7,0.1,0.0,7,-1.9,.287,58
4672,Junior Lake,Blue Jays,39,10.3 ,28.2 ,0.36,.200,.282,.371,.653,.171,5.3,.261,-0.2,0.2,0.2,4,-1.0,.286,74
14282,Jason Coats,White Sox,58,8.6 ,20.7 ,0.42,.200,.298,.340,.638,.140,5.5,.243,0.4,0.0,0.2,5,-1.6,.285,75
6740,Johnny Giavotella,Angels,367,3.5 ,10.6 ,0.33,.260,.287,.376,.662,.116,4.0,.276,-0.7,-0.8,-0.6,33,-10.0,.285,80
8553,Gerardo Parra,Rockies,381,2.4 ,19.2 ,0.12,.253,.271,.399,.671,.147,5.3,.297,-1.2,-1.8,-0.6,34,-10.6,.284,56
6609,Freddy Galvis,Phillies,624,4.0 ,21.8 ,0.18,.241,.274,.399,.673,.158,5.0,.280,0.8,-0.3,0.7,56,-17.4,.284,74
5408,Jake Smolinski,Athletics,319,6.0 ,13.8 ,0.43,.238,.299,.345,.644,.107,3.0,.257,-1.3,-1.3,-0.8,29,-9.0,.284,78
11391,Tyler Holt,Reds,208,11.1 ,23.1 ,0.48,.235,.327,.296,.623,.061,5.8,.318,1.9,-0.6,-0.6,19,-5.9,.283,71
11489,Michael Taylor,Nationals,237,5.9 ,32.5 ,0.18,.231,.278,.376,.654,.145,5.6,.319,0.5,0.3,1.5,21,-6.8,.283,72
10231,Jose Iglesias,Tigers,513,5.5 ,9.7 ,0.56,.255,.306,.336,.643,.081,3.6,.276,2.6,-0.3,-0.5,46,-14.8,.283,73
11204,Stephen Cardullo,Rockies,59,5.1 ,20.3 ,0.25,.214,.254,.411,.665,.196,3.5,.238,-0.6,-0.1,0.0,5,-1.7,.282,55
8267,Chris Iannetta,Mariners,338,11.2 ,24.6 ,0.46,.210,.303,.329,.631,.119,0.6,.266,-1.8,1.1,-0.2,30,-9.9,.282,77
4418,Jed Lowrie,Athletics,369,7.0 ,17.6 ,0.40,.263,.314,.322,.637,.059,1.6,.316,-2.0,-2.0,-0.2,33,-10.9,.282,77
11247,Jabari Blash,Padres,84,13.1 ,40.5 ,0.32,.169,.298,.324,.622,.155,3.1,.265,0.3,-0.1,0.2,7,-2.5,.282,76
13895,Trevor Brown,Giants,184,5.4 ,21.2 ,0.26,.237,.283,.364,.647,.127,1.6,.279,-1.6,0.5,-0.5,16,-5.5,.282,77
3812,Gregorio Petit,Angels,223,6.7 ,22.9 ,0.29,.245,.299,.348,.647,.103,3.3,.316,-1.5,-0.8,-0.3,20,-6.7,.282,78
4940,Jason Heyward,Cubs,592,9.1 ,15.7 ,0.58,.230,.306,.325,.631,.094,4.2,.266,1.3,0.5,0.2,52,-17.7,.282,72
9893,Colby Rasmus,Astros,417,10.3 ,29.0 ,0.36,.206,.286,.355,.641,.149,2.7,.257,-1.2,1.6,0.2,37,-12.6,.282,75
13770,Rob Refsnyder,Yankees,175,10.3 ,17.1 ,0.60,.250,.328,.309,.637,.059,3.9,.304,-0.9,-0.9,-0.1,15,-5.3,.282,72
13910,Patrick Kivlehan,- - -,24,8.3 ,45.8 ,0.18,.190,.292,.333,.625,.143,2.6,.333,0.1,0.0,0.0,2,-0.7,.281,78
9015,Gordon Beckham,- - -,279,9.3 ,18.6 ,0.50,.212,.294,.347,.641,.135,3.1,.245,0.4,-1.7,0.1,24,-8.6,.281,71
6908,Clint Robinson,Nationals,225,8.9 ,17.3 ,0.51,.234,.304,.330,.634,.096,0.6,.259,-3.1,0.5,-0.1,19,-7.0,.280,70
8434,Brett Wallace,Padres,256,11.3 ,32.4 ,0.35,.189,.309,.318,.627,.129,0.8,.271,-1.1,0.4,-0.1,22,-8.0,.280,74
8203,Dee Gordon,Marlins,345,5.2 ,15.9 ,0.33,.268,.305,.335,.641,.068,8.8,.319,3.0,0.3,2.9,30,-10.9,.280,72
1159,Andrew Romine,Tigers,194,6.7 ,19.6 ,0.34,.236,.304,.322,.626,.086,7.3,.291,1.0,-0.7,1.5,17,-6.2,.279,71
13153,Luis Sardinas,- - -,197,6.1 ,24.4 ,0.25,.244,.295,.356,.651,.111,5.2,.313,0.4,0.4,-0.1,17,-6.4,.279,73
7739,Travis d'Arnaud,Mets,276,6.9 ,18.1 ,0.38,.247,.307,.323,.629,.076,1.4,.293,-0.2,0.0,-0.2,24,-8.9,.279,74
11997,Cody Asche,Phillies,218,8.3 ,24.8 ,0.33,.213,.284,.350,.635,.137,3.6,.271,0.3,0.7,0.1,19,-7.1,.279,70
1965,Desmond Jennings,Rays,225,9.3 ,25.8 ,0.36,.200,.281,.350,.631,.150,4.2,.243,0.6,0.0,0.3,19,-7.4,.278,73
6310,Alcides Escobar,Royals,682,4.0 ,14.1 ,0.28,.261,.292,.350,.642,.089,5.4,.295,-1.1,-1.1,1.4,58,-22.7,.278,68
11287,Bryan Holaday,- - -,129,5.4 ,21.7 ,0.25,.231,.281,.359,.640,.128,4.5,.281,1.4,0.5,-0.5,11,-4.3,.277,66
5097,Anthony Gose,Tigers,101,8.9 ,37.6 ,0.24,.209,.287,.341,.628,.132,4.8,.333,-0.4,0.3,-0.5,8,-3.4,.277,69
5557,Jarrod Saltalamacchia,Tigers,292,14.0 ,35.6 ,0.39,.171,.284,.346,.630,.175,2.1,.222,-0.5,1.6,-0.1,25,-9.9,.277,69
10306,Oswaldo Arcia,- - -,222,8.1 ,36.0 ,0.23,.203,.270,.366,.637,.163,2.8,.287,-0.5,0.8,-0.3,19,-7.5,.277,71
9886,Ivan De Jesus,Reds,243,7.0 ,21.0 ,0.33,.253,.311,.312,.623,.059,3.1,.324,-0.3,-0.1,0.0,20,-8.3,.277,67
4220,Ryan Zimmerman,Nationals,467,6.2 ,22.3 ,0.28,.218,.272,.370,.642,.152,4.4,.248,1.3,-0.5,0.2,39,-16.0,.277,67
971,Jimmy Rollins,White Sox,166,9.6 ,19.9 ,0.48,.221,.295,.329,.624,.107,6.5,.270,-0.8,1.0,0.1,14,-5.7,.277,69
15191,Chad Pinder,Athletics,55,5.5 ,25.5 ,0.21,.235,.273,.373,.645,.137,0.9,.297,0.0,0.0,0.0,5,-1.9,.276,73
4613,Prince Fielder,Rangers,370,8.6 ,17.0 ,0.51,.212,.292,.334,.626,.123,0.9,.235,-2.5,-0.5,-0.2,31,-12.7,.276,65
3371,Alejandro De Aza,Mets,267,9.7 ,25.1 ,0.39,.205,.297,.321,.618,.115,3.5,.259,-0.6,0.0,-0.6,22,-9.3,.276,72
9629,Shawn O'Malley,Mariners,232,7.8 ,25.4 ,0.31,.229,.299,.319,.618,.090,6.0,.309,-0.9,0.0,0.3,19,-8.1,.276,73
9542,Steve Clevenger,Mariners,76,10.5 ,18.4 ,0.57,.221,.303,.309,.611,.088,1.2,.264,-0.5,-0.6,0.0,6,-2.7,.275,72
14894,Tony Kemp,Astros,136,10.3 ,19.9 ,0.52,.217,.296,.325,.621,.108,6.1,.269,0.3,-0.8,-0.1,11,-4.8,.275,71
5491,Austin Romine,Yankees,176,4.0 ,17.6 ,0.23,.242,.269,.382,.650,.139,3.0,.271,1.0,-0.5,0.1,14,-6.3,.275,68
13185,Orlando Arcia,Brewers,216,6.9 ,21.8 ,0.32,.219,.273,.358,.631,.139,7.4,.267,-0.7,0.1,1.5,18,-7.8,.274,64
5888,Cole Gillespie,Marlins,55,5.5 ,25.5 ,0.21,.235,.273,.373,.645,.137,4.9,.316,0.3,0.1,0.0,4,-2.0,.274,68
6013,Cristhian Adames,Rockies,256,9.4 ,18.4 ,0.51,.218,.304,.302,.607,.084,4.5,.267,0.4,0.0,-1.0,21,-9.3,.274,50
12859,James McCann,Tigers,373,6.2 ,29.2 ,0.21,.221,.272,.358,.629,.137,1.9,.283,-1.8,-1.6,-0.6,30,-13.8,.273,66
3648,Rene Rivera,Mets,207,7.7 ,26.1 ,0.30,.222,.291,.341,.632,.119,0.3,.276,-0.3,-0.1,-0.1,17,-7.7,.273,70
10028,Christian Bethancourt,Padres,204,4.9 ,27.5 ,0.18,.228,.265,.368,.633,.140,2.2,.288,0.7,-1.4,-0.7,16,-7.6,.273,69
6266,Daniel Robertson,Mariners,21,4.8 ,14.3 ,0.33,.263,.300,.316,.616,.053,2.0,.313,0.0,-0.5,-0.4,2,-0.8,.272,70
3123,Gregor Blanco,Giants,274,10.6 ,18.6 ,0.57,.224,.309,.311,.620,.087,6.0,.279,0.9,-0.2,-0.2,22,-10.4,.272,70
10327,Ramon Cabrera,Reds,185,4.3 ,16.2 ,0.27,.246,.279,.357,.635,.111,1.6,.277,-0.9,-0.4,-0.3,15,-7.0,.272,63
14712,Manuel Margot,Padres,37,0.0 ,18.9 ,0.00,.243,.243,.405,.649,.162,9.6,.300,-0.1,0.2,0.4,3,-1.4,.272,68
3878,Chris Stewart,Pirates,113,10.6 ,13.3 ,0.80,.214,.319,.286,.604,.071,1.3,.244,-0.9,0.1,-0.1,9,-4.4,.271,68
4082,Erick Aybar,- - -,459,6.8 ,15.3 ,0.44,.243,.303,.320,.623,.077,2.8,.283,-1.3,-0.9,-1.7,36,-17.8,.271,65
9887,Destin Hood,Marlins,25,0.0 ,44.0 ,0.00,.240,.240,.400,.640,.160,3.7,.385,0.1,0.1,-0.4,2,-1.0,.271,66
3209,Julio Borbon,Orioles,15,0.0 ,20.0 ,0.00,.308,.308,.308,.615,.000,2.7,.400,0.4,0.2,-0.4,1,-0.6,.270,63
6564,Bobby Wilson,- - -,251,4.4 ,25.5 ,0.17,.237,.270,.355,.626,.118,1.5,.292,0.0,0.1,-0.1,20,-9.9,.270,64
5297,Aaron Hicks,Yankees,361,8.3 ,18.8 ,0.44,.217,.281,.336,.617,.119,2.9,.248,1.0,-0.1,-1.2,28,-14.3,.270,64
11270,Aaron Altherr,Phillies,227,10.1 ,30.4 ,0.33,.202,.304,.293,.597,.091,4.4,.288,-0.7,-0.3,0.5,18,-9.1,.270,64
10472,KikĂÂŠ Hernandez,Dodgers,244,11.5 ,26.2 ,0.44,.190,.283,.324,.607,.134,3.2,.234,-0.2,0.4,0.3,19,-9.8,.270,68
7888,Ryan Flaherty,Orioles,176,9.7 ,27.3 ,0.35,.217,.291,.318,.610,.102,3.4,.290,-0.3,0.7,0.3,14,-7.1,.269,62
6153,Eduardo Escobar,Twins,377,5.6 ,19.1 ,0.29,.236,.280,.338,.618,.102,2.8,.280,1.1,0.3,-1.2,29,-15.2,.269,63
6878,Chris Coghlan,- - -,300,11.7 ,24.3 ,0.48,.188,.290,.318,.608,.130,4.7,.235,0.8,0.6,-0.2,23,-12.1,.269,66
7409,Xavier Scruggs,Marlins,69,7.2 ,29.0 ,0.25,.210,.290,.306,.596,.097,0.1,.293,-1.8,-0.1,0.0,5,-2.8,.269,64
12510,Curt Casali,Rays,256,9.8 ,32.0 ,0.30,.186,.273,.336,.609,.150,1.1,.250,-3.4,0.5,-0.1,20,-10.5,.268,67
11369,Brett Eibner,- - -,208,9.1 ,24.0 ,0.38,.193,.266,.353,.619,.160,3.1,.227,0.3,0.6,-0.9,16,-8.6,.268,65
12399,Taylor Motter,Rays,93,11.8 ,20.4 ,0.58,.188,.290,.300,.590,.113,2.5,.217,-0.6,-0.1,-0.5,7,-3.9,.267,66
15640,Aaron Judge,Yankees,95,9.5 ,44.2 ,0.21,.179,.263,.345,.608,.167,2.1,.282,0.0,0.1,-0.5,7,-4.0,.267,63
5452,Ji-Man Choi,Angels,129,12.4 ,20.9 ,0.59,.170,.271,.339,.611,.170,1.9,.173,-0.5,0.1,-1.3,10,-5.4,.267,67
4365,Scott Van Slyke,Dodgers,113,4.4 ,21.2 ,0.21,.225,.292,.314,.606,.088,2.8,.282,-0.1,-0.5,-0.7,9,-4.8,.267,66
1191,Chris Johnson,Marlins,264,7.2 ,29.5 ,0.24,.222,.281,.329,.611,.107,0.9,.306,-0.9,-1.7,-0.1,20,-11.2,.267,63
5677,A.J. Ellis,- - -,196,9.7 ,15.8 ,0.61,.216,.301,.298,.599,.082,2.1,.252,-0.5,-0.7,-0.1,15,-8.5,.266,65
13613,Ketel Marte,Mariners,466,3.9 ,18.0 ,0.21,.259,.287,.323,.610,.064,5.2,.313,1.8,-0.2,-0.1,35,-19.9,.266,66
5481,Jimmy Paredes,- - -,167,4.2 ,28.7 ,0.15,.222,.253,.367,.620,.146,1.7,.283,0.9,1.0,-0.5,12,-7.2,.266,62
5450,Daniel Nava,- - -,148,6.8 ,20.3 ,0.33,.223,.297,.292,.590,.069,1.2,.275,1.0,0.7,-0.1,11,-6.4,.266,66
13853,Joey Wendle,Athletics,104,5.8 ,15.4 ,0.38,.260,.298,.302,.600,.042,4.3,.296,-0.4,-0.3,0.3,8,-4.5,.265,66
5913,Leury Garcia,White Sox,50,2.0 ,26.0 ,0.08,.229,.260,.354,.614,.125,7.9,.294,0.6,0.2,0.0,4,-2.2,.265,61
10322,Danny Santana,Twins,248,4.8 ,22.2 ,0.22,.240,.279,.326,.606,.086,6.4,.305,-0.1,0.8,-1.4,18,-10.8,.265,60
17016,Rusney Castillo,Red Sox,8,0.0 ,37.5 ,0.00,.250,.250,.375,.625,.125,2.6,.400,0.2,0.0,0.0,1,-0.4,.265,57
7802,Miguel Rojas,Marlins,214,5.1 ,12.6 ,0.41,.247,.288,.325,.613,.077,3.9,.280,1.3,-1.4,-0.1,16,-9.4,.265,62
7324,Chris Gimenez,Indians,155,6.5 ,26.5 ,0.24,.216,.272,.331,.602,.115,1.8,.274,-1.7,-0.9,-0.1,11,-6.8,.265,60
5133,Alexei Ramirez,- - -,506,4.2 ,12.5 ,0.33,.241,.277,.333,.610,.092,3.4,.265,-0.1,-0.1,-2.3,37,-22.6,.264,63
11145,Christian Colon,Royals,161,6.8 ,19.3 ,0.35,.231,.294,.293,.586,.061,1.7,.287,-1.9,-0.4,-0.5,12,-7.2,.264,58
6265,Andre Ethier,Dodgers,26,7.7 ,23.1 ,0.33,.208,.269,.375,.644,.167,0.6,.235,-0.3,0.0,0.0,2,-1.2,.263,64
13490,Oscar Hernandez,Diamondbacks,11,0.0 ,0.0 ,0.00,.182,.182,.455,.636,.273,0.1,.100,0.0,-0.1,0.0,1,-0.5,.263,54
11385,Matt den Dekker,Nationals,39,10.3 ,25.6 ,0.40,.176,.282,.294,.576,.118,4.1,.217,0.7,0.1,0.2,3,-1.8,.263,58
13301,Max Muncy,Athletics,133,15.0 ,18.0 ,0.83,.186,.308,.257,.565,.071,1.3,.218,-0.5,0.1,-0.1,9,-6.2,.262,63
13757,Chris Taylor,- - -,65,6.2 ,23.1 ,0.27,.213,.262,.361,.622,.148,4.8,.267,0.5,-0.7,0.0,5,-3.0,.262,63
3448,Jeff Mathis,Marlins,132,3.0 ,27.3 ,0.11,.238,.267,.333,.601,.095,3.0,.318,0.4,0.5,-0.1,9,-6.2,.261,59
11379,Delino DeShields,Rangers,203,7.4 ,26.6 ,0.28,.209,.275,.313,.588,.104,5.7,.272,1.9,0.7,0.3,14,-9.5,.261,55
2900,Roberto Perez,Indians,184,12.5 ,23.9 ,0.52,.183,.285,.294,.579,.111,2.2,.229,-0.2,0.4,-0.1,13,-8.6,.261,58
1609,Omar Infante,Royals,149,6.0 ,15.4 ,0.39,.239,.279,.321,.600,.082,3.2,.278,0.8,0.6,-0.1,10,-7.1,.260,56
13355,Luke Maile,Rays,126,3.2 ,28.6 ,0.11,.227,.252,.361,.613,.134,1.1,.300,-0.9,0.0,0.0,9,-6.0,.260,61
1274,Alex Rodriguez,Yankees,243,5.8 ,27.6 ,0.21,.200,.247,.351,.598,.151,3.2,.237,-1.6,0.3,0.5,17,-12.1,.258,56
3179,Dioner Navarro,- - -,334,6.9 ,21.3 ,0.32,.207,.265,.322,.587,.115,3.0,.248,-1.9,0.5,-0.8,23,-16.6,.258,56
12160,Ben Gamel,- - -,57,10.5 ,28.1 ,0.38,.188,.278,.292,.569,.104,2.6,.258,0.5,0.0,0.0,4,-2.9,.258,59
9774,Christian Vazquez,Red Sox,184,5.4 ,21.2 ,0.26,.227,.277,.308,.585,.081,3.1,.288,-0.6,-0.2,-0.1,12,-9.3,.257,51
11339,Jake Marisnick,Astros,311,5.1 ,26.7 ,0.19,.209,.257,.331,.588,.122,6.2,.275,0.9,0.1,-0.2,21,-15.7,.257,58
10323,Rafael Ortega,Angels,202,6.4 ,11.4 ,0.57,.232,.283,.292,.575,.059,5.1,.261,0.9,-0.2,0.3,14,-10.3,.257,60
4900,Robert Andino,Marlins,24,0.0 ,16.7 ,0.00,.292,.292,.292,.583,.000,1.3,.350,0.0,0.3,0.0,2,-1.2,.256,56
454,Juan Uribe,Indians,259,5.8 ,18.9 ,0.31,.206,.259,.332,.591,.126,0.8,.227,-0.7,-0.4,-0.1,17,-13.2,.256,54
10459,Adeiny Hechavarria,Marlins,547,6.0 ,13.3 ,0.45,.236,.283,.311,.594,.075,4.0,.269,1.7,0.4,-0.1,36,-27.9,.256,56
11241,Mike Freeman,- - -,24,8.3 ,29.2 ,0.29,.227,.292,.273,.564,.045,0.4,.333,0.2,-0.3,0.0,2,-1.2,.256,56
13807,Kevin Plawecki,Mets,151,11.3 ,21.9 ,0.52,.197,.298,.265,.563,.068,0.3,.255,-1.3,0.6,-0.1,10,-7.9,.255,58
2505,Hank Conger,Rays,137,8.8 ,29.2 ,0.30,.194,.265,.306,.571,.113,0.1,.259,-1.6,-0.4,-0.1,9,-7.2,.254,57
6835,Nick Buss,Angels,90,6.7 ,26.7 ,0.25,.198,.247,.346,.593,.148,5.9,.259,-0.1,-0.7,0.0,6,-4.8,.254,58
11602,Carlos Sanchez,White Sox,163,3.1 ,25.8 ,0.12,.208,.236,.357,.593,.149,3.5,.257,-0.6,0.9,-0.5,10,-8.7,.253,53
3395,Cliff Pennington,Angels,188,6.9 ,29.3 ,0.24,.209,.265,.308,.573,.099,5.0,.289,-0.9,-0.8,0.1,12,-10.1,.253,58
4016,Jerry Sands,White Sox,58,5.2 ,41.4 ,0.13,.236,.276,.291,.567,.055,0.1,.400,-0.2,-0.2,0.0,4,-3.2,.252,52
7358,Michael Martinez,- - -,106,3.8 ,21.7 ,0.17,.238,.267,.307,.574,.069,3.6,.299,0.3,0.5,-0.9,7,-5.8,.252,51
6867,Derek Norris,Padres,458,7.9 ,30.3 ,0.26,.186,.255,.328,.583,.142,4.4,.238,1.2,-0.2,0.8,29,-25.1,.252,55
15117,Hunter Dozier,Royals,21,9.5 ,38.1 ,0.25,.211,.286,.263,.549,.053,2.6,.364,-0.1,0.0,0.0,1,-1.2,.250,49
11165,Ramon Flores,Brewers,289,10.7 ,20.1 ,0.53,.205,.294,.261,.555,.056,2.8,.254,0.2,-1.7,0.4,18,-16.2,.250,47
14344,Matt Olson,Athletics,28,25.0 ,14.3 ,1.75,.095,.321,.143,.464,.048,1.6,.118,0.2,-0.2,0.0,2,-1.6,.248,54
9063,Alexi Amarista,Padres,150,5.3 ,17.3 ,0.31,.257,.295,.271,.567,.014,4.3,.313,-1.0,-0.6,0.9,9,-8.6,.248,53
14350,Raimel Tapia,Rockies,41,4.9 ,26.8 ,0.18,.263,.293,.263,.556,.000,5.7,.357,0.4,0.2,0.6,2,-2.4,.248,32
5305,Alex Presley,- - -,134,8.2 ,18.7 ,0.44,.198,.269,.289,.558,.091,2.1,.223,1.2,0.8,-0.9,8,-7.9,.247,45
629,Brandon Barnes,Rockies,109,2.8 ,27.5 ,0.10,.220,.250,.320,.570,.100,5.9,.314,0.6,0.8,-0.7,6,-6.4,.247,31
12701,Billy Burns,- - -,332,3.0 ,11.1 ,0.27,.235,.271,.296,.566,.061,7.7,.264,2.2,0.8,1.2,20,-19.5,.247,52
10642,Carlos Perez,Angels,291,4.1 ,16.8 ,0.24,.209,.244,.325,.568,.116,2.7,.236,-0.6,-0.2,0.1,17,-17.2,.246,53
4712,Ben Revere,Nationals,375,4.8 ,9.1 ,0.53,.217,.260,.300,.560,.083,7.7,.234,2.2,-2.3,0.6,22,-22.3,.246,47
8385,Pedro Florimon,Pirates,25,4.0 ,48.0 ,0.08,.208,.240,.333,.573,.125,6.8,.417,-1.1,0.2,-0.4,1,-1.5,.245,50
9929,Darin Ruf,Phillies,89,4.5 ,28.1 ,0.16,.205,.236,.337,.573,.133,2.0,.246,0.3,-0.9,-0.4,5,-5.3,.245,48
12147,Nick Ahmed,Diamondbacks,308,4.9 ,18.8 ,0.26,.218,.265,.299,.564,.081,4.3,.258,1.9,-1.0,0.0,18,-18.7,.245,42
16246,A.J. Reed,Astros,141,12.8 ,34.0 ,0.38,.164,.270,.262,.532,.098,0.9,.236,-0.3,0.5,-0.1,8,-8.5,.245,50
13180,Tyler Goeddel,Phillies,234,7.3 ,22.2 ,0.33,.192,.258,.291,.549,.099,5.7,.234,1.1,-0.3,0.5,13,-14.3,.244,47
9741,Ben Paulsen,Rockies,97,5.2 ,27.8 ,0.19,.217,.258,.304,.562,.087,1.3,.297,0.1,-0.2,0.0,5,-6.0,.243,28
11773,Jason Rogers,Pirates,33,21.2 ,27.3 ,0.78,.080,.303,.160,.463,.080,3.4,.125,0.1,0.1,0.0,2,-2.1,.243,48
7412,Paul Janish,Orioles,35,8.6 ,8.6 ,1.00,.194,.286,.226,.512,.032,1.6,.214,-0.2,0.3,0.0,2,-2.2,.241,43
11746,Stefen Romero,Mariners,19,5.3 ,21.1 ,0.25,.235,.263,.294,.557,.059,0.8,.286,-0.6,0.2,0.0,1,-1.2,.240,48
6677,J.B. Shuck,White Sox,241,5.0 ,8.7 ,0.57,.205,.248,.299,.547,.094,4.9,.210,1.1,0.1,-0.7,13,-15.5,.240,44
13633,Preston Tucker,Astros,144,5.6 ,27.8 ,0.20,.164,.222,.328,.551,.164,2.7,.200,0.3,0.2,0.0,8,-9.4,.239,46
4106,Michael Brantley,Indians,43,7.0 ,14.0 ,0.50,.231,.279,.282,.561,.051,5.2,.265,0.3,-0.1,0.2,2,-2.8,.238,42
10961,Colin Walsh,Brewers,63,23.8 ,34.9 ,0.68,.085,.317,.106,.424,.021,0.8,.160,-0.6,0.0,0.0,3,-4.2,.237,39
4626,James Beresford,Twins,24,4.2 ,25.0 ,0.17,.227,.261,.273,.534,.045,0.1,.313,0.0,0.1,0.0,1,-1.6,.237,40
11402,Kyle Waldrop,Reds,23,4.3 ,21.7 ,0.20,.227,.261,.273,.534,.045,2.0,.294,0.0,0.1,-0.4,1,-1.5,.237,40
6938,Eric Campbell,Mets,88,11.4 ,27.3 ,0.42,.173,.284,.227,.511,.053,4.0,.235,0.1,0.0,0.2,4,-5.9,.237,46
10882,Jared Hoying,Rangers,49,6.1 ,16.3 ,0.38,.217,.265,.261,.526,.043,5.5,.263,0.3,0.2,0.2,2,-3.3,.236,38
5986,Mike Aviles,Tigers,181,5.0 ,14.9 ,0.33,.210,.258,.269,.528,.060,4.3,.245,0.3,-0.3,-0.5,9,-12.2,.236,41
746,A.J. Pierzynski,Braves,259,2.3 ,11.2 ,0.21,.219,.243,.304,.547,.085,2.2,.237,-1.3,-2.1,0.1,13,-17.6,.236,41
12944,Socrates Brito,Diamondbacks,97,2.1 ,23.7 ,0.09,.179,.196,.358,.554,.179,7.1,.191,0.2,-0.2,0.4,5,-6.8,.233,34
9807,Ryan Goins,Blue Jays,196,4.6 ,24.5 ,0.19,.186,.228,.306,.534,.120,3.9,.235,-0.5,-0.6,-0.3,9,-13.8,.232,38
15197,Carlos Asuaje,Padres,25,4.0 ,16.0 ,0.25,.208,.240,.292,.532,.083,1.6,.250,0.1,0.3,0.0,1,-1.8,.232,42
11251,Andy Wilkins,Brewers,27,11.1 ,37.0 ,0.30,.125,.222,.292,.514,.167,6.0,.154,0.2,-0.1,0.2,1,-2.0,.230,34
13130,Mikie Mahtook,Rays,196,3.6 ,34.7 ,0.10,.195,.231,.292,.523,.097,2.0,.287,-1.9,0.1,-0.5,9,-14.5,.229,39
17232,Yoan Moncada,Red Sox,20,5.0 ,60.0 ,0.08,.211,.250,.263,.513,.053,2.6,.571,0.4,0.0,0.0,1,-1.5,.228,31
5277,Tuffy Gosewisch,Diamondbacks,99,7.1 ,22.2 ,0.32,.156,.224,.289,.513,.133,3.0,.169,0.3,0.3,0.0,4,-7.4,.228,30
4249,Shane Robinson,Angels,111,9.0 ,15.3 ,0.59,.173,.257,.235,.492,.061,5.0,.200,0.3,-0.1,-0.3,5,-8.3,.227,40
8298,Francisco Pena,Orioles,43,4.7 ,32.6 ,0.14,.200,.238,.275,.513,.075,2.3,.280,0.4,-0.4,0.0,2,-3.2,.227,33
14818,JaCoby Jones,Tigers,28,0.0 ,42.9 ,0.00,.214,.214,.321,.536,.107,2.6,.375,0.6,0.1,0.0,1,-2.1,.227,35
11472,Dixon Machado,Tigers,13,23.1 ,30.8 ,0.75,.100,.308,.100,.408,.000,1.1,.167,0.5,0.1,0.0,1,-1.0,.227,35
13769,Raul Mondesi,Royals,149,4.0 ,32.2 ,0.13,.185,.231,.281,.512,.096,9.3,.271,0.5,0.6,1.3,6,-11.4,.226,32
9627,Yan Gomes,Indians,264,3.4 ,26.1 ,0.13,.167,.201,.327,.527,.159,2.2,.189,0.3,-0.4,-0.1,11,-20.2,.225,33
13288,Peter O'Brien,Diamondbacks,67,4.5 ,40.3 ,0.11,.141,.179,.391,.570,.250,0.4,.125,0.1,-0.2,0.0,3,-5.1,.225,29
12926,Alen Hanson,Pirates,33,6.1 ,15.2 ,0.40,.226,.273,.258,.531,.032,5.9,.269,0.0,0.2,0.0,1,-2.5,.225,37
6086,Casey McGehee,Tigers,96,3.1 ,14.6 ,0.21,.228,.260,.239,.500,.011,0.6,.269,0.1,-0.9,-0.1,4,-7.4,.225,33
11863,Yadiel Rivera,Brewers,71,2.8 ,28.2 ,0.10,.212,.235,.273,.508,.061,2.6,.304,0.6,-0.5,0.0,3,-5.6,.223,29
4054,Emilio Bonifacio,Braves,43,7.0 ,27.9 ,0.25,.211,.268,.211,.479,.000,5.6,.308,-0.6,0.3,0.2,2,-3.4,.222,32
12158,Austin Barnes,Dodgers,37,13.5 ,24.3 ,0.56,.156,.270,.188,.458,.031,1.4,.217,0.6,0.2,0.0,1,-2.9,.222,36
8433,Ike Davis,Yankees,15,6.7 ,33.3 ,0.20,.214,.267,.214,.481,.000,2.6,.333,-0.1,-0.2,0.0,1,-1.2,.222,31
5519,Ruben Tejada,- - -,78,9.0 ,16.7 ,0.54,.167,.247,.242,.489,.076,2.6,.196,-0.1,0.3,0.0,3,-6.2,.221,34
9373,Matt McBride,Athletics,44,2.3 ,22.7 ,0.10,.209,.227,.279,.506,.070,2.0,.273,0.3,0.1,0.0,2,-3.6,.220,34
9689,Josh Thole,Blue Jays,136,9.6 ,20.6 ,0.46,.169,.254,.220,.474,.051,0.7,.209,-0.9,0.0,-0.1,5,-11.0,.220,29
17528,Hector Olivera,Braves,21,4.8 ,23.8 ,0.20,.211,.238,.263,.501,.053,2.0,.267,0.4,-0.5,0.0,1,-1.7,.218,29
13443,Tony Renda,Reds,67,7.5 ,16.4 ,0.45,.183,.246,.217,.463,.033,1.1,.224,-0.3,-0.6,0.0,2,-5.8,.213,24
4952,Ryan Hanigan,Red Sox,113,6.2 ,23.9 ,0.26,.171,.230,.238,.468,.067,1.6,.221,0.4,-0.5,0.0,3,-9.9,.212,20
2216,Don Kelly,Marlins,30,6.7 ,16.7 ,0.40,.148,.200,.296,.496,.148,4.1,.174,-0.1,-0.3,0.0,1,-2.7,.209,24
1201,Carl Crawford,Dodgers,87,4.6 ,12.6 ,0.36,.185,.230,.235,.464,.049,4.6,.211,0.4,-0.2,-0.4,2,-7.9,.208,27
8380,Reid Brignac,Braves,29,0.0 ,27.6 ,0.00,.207,.207,.276,.483,.069,2.6,.286,0.0,0.1,0.0,1,-2.7,.207,22
7125,Alberto Rosario,Cardinals,41,4.9 ,12.2 ,0.40,.184,.225,.237,.462,.053,1.6,.212,-0.3,-0.4,0.0,1,-3.8,.206,22
10711,Arismendy Alcantara,Athletics,19,0.0 ,42.1 ,0.00,.211,.211,.263,.474,.053,5.5,.364,0.0,-0.1,-0.6,0,-1.8,.204,23
13228,Michael Reed,Brewers,24,8.3 ,29.2 ,0.29,.182,.250,.182,.432,.000,6.3,.267,0.0,-0.1,0.2,1,-2.3,.204,16
13620,Carson Kelly,Cardinals,14,0.0 ,14.3 ,0.00,.154,.214,.231,.445,.077,2.6,.182,0.0,0.0,0.0,0,-1.3,.203,20
8609,Tim Federowicz,Cubs,33,3.0 ,36.4 ,0.08,.194,.212,.258,.470,.065,2.2,.300,-0.1,0.0,0.0,1,-3.1,.203,19
15450,Daniel Castro,Braves,139,5.0 ,17.3 ,0.29,.200,.241,.208,.449,.008,2.1,.245,-0.3,-0.5,-0.3,3,-13.4,.201,18
3231,Brayan Pena,Cardinals,14,7.1 ,14.3 ,0.50,.154,.214,.231,.445,.077,0.1,.182,0.0,0.1,0.0,0,-1.4,.201,19
9571,Craig Gentry,Angels,39,7.7 ,15.4 ,0.50,.147,.237,.176,.413,.029,1.1,.179,0.2,-0.2,0.0,1,-3.8,.199,20
11445,Mark Canha,Athletics,44,0.0 ,45.5 ,0.00,.122,.140,.341,.481,.220,5.0,.105,0.0,0.0,-0.4,1,-4.4,.198,19
10099,Dustin Ackley,Yankees,70,11.4 ,12.9 ,0.89,.148,.243,.148,.390,.000,1.7,.170,1.2,0.2,0.0,1,-7.3,.192,11
11494,Kaleb Cowart,Angels,87,0.0 ,26.4 ,0.00,.176,.184,.259,.443,.082,2.6,.226,0.9,0.3,0.0,1,-9.2,.190,14
198,Danny Worth,Astros,40,2.5 ,15.0 ,0.17,.179,.200,.231,.431,.051,2.6,.212,0.9,-0.3,0.0,0,-4.3,.189,12
10822,Todd Cunningham,Angels,29,3.4 ,20.7 ,0.17,.148,.179,.259,.438,.111,5.0,.190,0.3,-0.1,-0.4,0,-3.1,.189,14
7087,Caleb Joseph,Orioles,141,5.0 ,19.9 ,0.25,.174,.216,.197,.413,.023,1.0,.221,0.4,-1.0,-0.1,1,-15.1,.188,6
2498,Jemile Weeks,Padres,57,5.3 ,24.6 ,0.21,.140,.204,.200,.404,.060,8.1,.194,0.7,0.2,0.2,0,-6.3,.185,10
10346,John Ryan Murphy,Twins,90,5.6 ,21.1 ,0.26,.146,.193,.220,.413,.073,0.7,.175,0.1,-0.3,0.0,1,-9.9,.184,4
14128,Joey Gallo,Rangers,30,16.7 ,63.3 ,0.26,.040,.200,.160,.360,.120,4.5,.000,0.0,0.1,0.2,0,-3.4,.182,1
5666,Devin Mesoraco,Reds,55,9.1 ,18.2 ,0.50,.140,.218,.160,.378,.020,1.5,.175,-0.1,-0.1,-0.4,0,-6.2,.181,3
7945,Jaff Decker,Rays,57,7.0 ,24.6 ,0.29,.154,.211,.173,.384,.019,2.9,.205,0.2,0.1,0.2,0,-6.6,.178,5
16909,Colin Moran,Astros,25,4.0 ,32.0 ,0.13,.130,.200,.174,.374,.043,1.1,.200,0.0,-1.4,0.0,0,-2.9,.176,3
13621,Jeimer Candelario,Cubs,14,14.3 ,35.7 ,0.40,.091,.286,.091,.377,.000,0.1,.167,-0.2,0.1,0.0,0,-1.6,.176,1
7002,Will Middlebrooks,Brewers,31,12.9 ,41.9 ,0.31,.111,.226,.111,.337,.000,1.3,.214,0.0,0.1,0.0,0,-3.7,.174,-4
2917,Emmanuel Burriss,Phillies,50,4.0 ,20.0 ,0.20,.111,.184,.178,.361,.067,8.1,.143,0.6,-0.2,0.2,0,-6.2,.169,-3
5485,Jose Pirela,Padres,41,2.4 ,22.0 ,0.11,.154,.175,.205,.380,.051,2.8,.200,0.1,0.2,-0.4,0,-5.1,.167,-2
2677,Jordan Pacheco,Reds,51,0.0 ,27.5 ,0.00,.157,.157,.235,.392,.078,0.3,.216,0.1,-0.2,0.0,0,-6.4,.166,-7
6880,Nick Noonan,Padres,20,5.0 ,25.0 ,0.20,.167,.200,.167,.367,.000,1.8,.214,0.0,0.0,-0.4,0,-2.5,.166,-2
9954,Darrell Ceciliani,Blue Jays,29,3.4 ,48.3 ,0.07,.111,.172,.185,.358,.074,2.6,.231,-0.1,0.2,0.0,0,-3.7,.165,-9
9246,Blake Lalli,Braves,13,0.0 ,23.1 ,0.00,.154,.154,.231,.385,.077,0.1,.200,0.0,-0.1,0.0,0,-1.7,.163,-8
7250,Collin Cowgill,Indians,14,14.3 ,50.0 ,0.29,.083,.214,.083,.298,.000,0.1,.200,-0.1,-0.1,0.0,0,-1.8,.161,-11
13325,Deven Marrero,Red Sox,14,14.3 ,35.7 ,0.40,.083,.214,.083,.298,.000,0.1,.143,0.0,0.1,0.0,0,-1.8,.161,-15
12590,Taylor Featherston,Phillies,28,7.1 ,39.3 ,0.18,.115,.179,.154,.332,.038,6.9,.200,0.0,0.1,0.4,0,-3.7,.156,-12
8790,Cole Figueroa,Pirates,27,3.7 ,7.4 ,0.50,.154,.185,.154,.339,.000,3.9,.167,-0.8,0.3,0.2,0,-3.6,.156,-10
13809,Micah Johnson,Dodgers,6,0.0 ,16.7 ,0.00,.167,.167,.167,.333,.000,2.6,.200,0.1,0.0,0.0,0,-0.9,.146,-14
2833,Cedric Hunter,Phillies,36,5.6 ,16.7 ,0.33,.088,.139,.176,.315,.088,2.6,.074,0.0,-0.2,0.0,-1,-5.2,.143,-20
12976,Austin Hedges,Padres,26,0.0 ,26.9 ,0.00,.125,.154,.167,.321,.042,5.0,.167,0.2,0.1,-0.4,-1,-3.8,.143,-18
12140,Juniel Querecuto,Rays,11,0.0 ,54.5 ,0.00,.091,.091,.273,.364,.182,5.1,.200,0.0,0.0,0.0,0,-1.6,.143,-20
16478,Kyle Schwarber,Cubs,5,20.0 ,40.0 ,0.50,.000,.200,.000,.200,.000,0.1,.000,-0.1,0.0,0.0,0,-0.7,.138,-24
11902,Hanser Alberto,Rangers,58,0.0 ,29.3 ,0.00,.143,.143,.161,.304,.018,4.1,.205,-1.3,-0.1,0.2,-2,-8.9,.132,-34
14140,Jose Rondon,Padres,26,3.8 ,15.4 ,0.25,.120,.154,.120,.274,.000,1.1,.143,0.2,-0.1,0.0,-1,-4.1,.128,-28
7316,Darin Mastroianni,Twins,11,18.2 ,36.4 ,0.50,.000,.182,.000,.182,.000,7.5,.000,0.2,0.1,0.2,0,-1.7,.126,-36
14130,Dan Vogelbach,Mariners,13,7.7 ,46.2 ,0.17,.083,.154,.083,.237,.000,0.1,.167,-0.3,0.1,0.0,-1,-2.1,.121,-34
13051,Chris Colabello,Blue Jays,32,6.3 ,28.1 ,0.22,.069,.156,.069,.225,.000,0.1,.100,0.1,-0.4,0.0,-1,-5.2,.121,-39
14503,Renato Nunez,Athletics,15,0.0 ,20.0 ,0.00,.133,.133,.133,.267,.000,0.1,.167,-0.9,0.1,0.0,-1,-2.5,.117,-36
6806,Josmil Pinto,Brewers,6,16.7 ,66.7 ,0.25,.000,.167,.000,.167,.000,2.6,.000,0.0,0.0,0.0,0,-1.0,.115,-43
4403,Erik Kratz,- - -,87,1.1 ,36.8 ,0.03,.094,.105,.153,.258,.059,1.1,.135,0.4,-0.5,0.0,-5,-14.8,.111,-40
12180,Jorge Alfaro,Phillies,17,5.9 ,47.1 ,0.13,.125,.176,.125,.301,.000,0.1,.250,0.0,0.0,0.0,-1,-2.9,.110,-43
12284,Kevan Smith,White Sox,16,0.0 ,37.5 ,0.00,.125,.125,.125,.250,.000,2.6,.200,0.3,-0.1,0.0,-1,-2.8,.110,-46
211,Will Venable,Dodgers,19,0.0 ,26.3 ,0.00,.056,.105,.111,.216,.056,2.6,.077,0.1,0.1,0.0,-1,-3.4,.103,-43
12779,Andrew Burns,Blue Jays,7,0.0 ,28.6 ,0.00,.000,.143,.000,.143,.000,0.1,.000,0.1,0.0,0.0,0,-1.2,.103,-51
5409,Pablo Sandoval,Red Sox,7,14.3 ,57.1 ,0.25,.000,.143,.000,.143,.000,0.1,.000,0.0,0.0,0.0,0,-1.3,.099,-58
3211,Tyler Ladendorf,Athletics,50,2.0 ,26.0 ,0.08,.083,.102,.083,.185,.000,7.1,.114,0.5,-0.8,0.4,-4,-9.6,.086,-58
6073,Brendan Ryan,Angels,14,0.0 ,50.0 ,0.00,.077,.077,.077,.154,.000,2.6,.167,0.2,0.1,0.0,-1,-2.9,.068,-70
10059,Max Stassi,Astros,13,0.0 ,38.5 ,0.00,.077,.077,.077,.154,.000,2.6,.125,0.0,0.0,0.0,-1,-2.7,.068,-72
4903,Matt Dominguez,Blue Jays,12,8.3 ,25.0 ,0.33,.000,.083,.000,.083,.000,0.1,.000,0.0,0.0,0.0,-1,-2.6,.058,-83
2802,Tony Cruz,Royals,5,0.0 ,60.0 ,0.00,.000,.000,.000,.000,.000,0.1,.000,0.0,0.0,0.0,-1,-1.3,.000,-100
2832,Rafael Ynoa,Rockies,5,0.0 ,40.0 ,0.00,.000,.000,.000,.000,.000,0.1,.000,0.0,0.0,0.0,-1,-1.3,.000,-100
3035,Michael Morse,Pirates,8,0.0 ,25.0 ,0.00,.000,.000,.000,.000,.000,0.1,.000,0.0,0.0,0.0,-1,-2.1,.000,-100
8272,Matt Tuiasosopo,Braves,3,0.0 ,33.3 ,0.00,.000,.000,.000,.000,.000,0.1,.000,0.0,0.0,0.0,0,-0.8,.000,-100
9362,Adam Moore,Indians,5,0.0 ,80.0 ,0.00,.000,.000,.000,.000,.000,0.1,.000,0.0,0.0,0.0,-1,-1.3,.000,-100
9628,Michael McKenry,Cardinals,2,0.0 ,50.0 ,0.00,.000,.000,.000,.000,.000,0.1,.000,0.0,0.0,0.0,0,-0.5,.000,-100
10622,Zach Walters,Dodgers,5,0.0 ,40.0 ,0.00,.000,.000,.000,.000,.000,0.1,.000,0.0,0.0,0.0,-1,-1.3,.000,-100
11342,Jesus Aguilar,Indians,6,0.0 ,16.7 ,0.00,.000,.000,.000,.000,.000,0.1,.000,0.0,0.0,0.0,-1,-1.6,.000,-100
11680,Elias Diaz,Pirates,4,0.0 ,25.0 ,0.00,.000,.000,.000,.000,.000,0.1,.000,0.0,0.0,0.0,-1,-1.0,.000,-100
12181,Matt Duffy,Astros,3,0.0 ,66.7 ,0.00,.000,.000,.000,.000,.000,0.1,.000,0.0,0.0,0.0,0,-0.8,.000,-100
12606,Raffy Lopez,Reds,7,0.0 ,42.9 ,0.00,.000,.000,.000,.000,.000,0.1,.000,0.0,0.0,0.0,-1,-1.8,.000,-100
12797,Dalton Pompey,Blue Jays,2,0.0 ,50.0 ,0.00,.000,.000,.000,.000,.000,1.3,.000,0.5,0.0,0.0,0,-0.5,.000,-100
13658,Terrance Gore,Royals,3,0.0 ,33.3 ,0.00,.000,.000,.000,.000,.000,2.2,.000,0.9,0.1,1.4,0,-0.8,.000,-100
14556,Max Moroff,Pirates,2,0.0 ,100.0 ,0.00,.000,.000,.000,.000,.000,0.1,.000,0.0,0.0,0.0,0,-0.5,.000,-100
